ID,log2FoldChange
TRINITY_DN4032_c0_g1_i3.p2,19.6805078397271
TRINITY_DN18517_c2_g1_i2.p1,-1.69066802633105
TRINITY_DN792_c4_g1_i3.p1,-2.35180912951132
TRINITY_DN16603_c0_g1_i8.p1,-1.98702278492622
TRINITY_DN20799_c0_g1_i1.p1,-1.61205355509429
TRINITY_DN1007_c2_g1_i2.p1,-1.900797263838
TRINITY_DN24537_c0_g1_i1.p1,-3.63130926071598
TRINITY_DN1213_c0_g1_i2.p1,-2.62604659432554
TRINITY_DN618_c1_g1_i1.p1,0.490655767416629
TRINITY_DN6843_c0_g2_i3.p1,-1.98750103339687
TRINITY_DN144762_c0_g1_i1.p1,-1.38786044333143
TRINITY_DN37908_c0_g1_i3.p1,-2.68432055082509
TRINITY_DN9249_c0_g2_i1.p1,0.759597278166765
TRINITY_DN7894_c1_g1_i3.p1,-1.70281384572151
TRINITY_DN74285_c0_g1_i5.p1,-2.27859525273774
TRINITY_DN13079_c0_g2_i1.p1,-1.9235844987196
TRINITY_DN59725_c0_g1_i1.p1,-1.49945765965605
TRINITY_DN7402_c0_g2_i1.p1,-0.554872387462872
TRINITY_DN16233_c0_g1_i1.p1,-5.93372289843525
TRINITY_DN7284_c0_g1_i7.p1,-1.45137145939794
TRINITY_DN9077_c0_g1_i1.p1,0.523985391309484
TRINITY_DN533_c0_g1_i5.p1,-0.615252107079401
TRINITY_DN9435_c5_g1_i1.p1,-1.93066043930864
TRINITY_DN32155_c0_g1_i1.p1,-1.70271052437685
TRINITY_DN21724_c0_g1_i3.p1,-1.68918753701503
TRINITY_DN648_c3_g2_i1.p1,-1.61924937068006
TRINITY_DN27679_c0_g1_i1.p1,-1.67823178527252
TRINITY_DN1293_c0_g2_i3.p1,-2.02725400707798
TRINITY_DN14962_c1_g1_i3.p1,-0.448329072924974
TRINITY_DN3671_c0_g1_i1.p1,-2.0473435764371
TRINITY_DN5281_c1_g1_i12.p1,-1.83298652627486
TRINITY_DN9130_c0_g1_i1.p1,-2.14207673379641
TRINITY_DN3038_c0_g1_i33.p1,-2.17430234910548
TRINITY_DN18069_c0_g1_i1.p1,-2.59888537109363
TRINITY_DN793_c3_g1_i7.p1,0.507696865890625
TRINITY_DN4383_c1_g3_i1.p1,-1.72943693199774
TRINITY_DN47711_c1_g4_i2.p1,-1.47489473247432
TRINITY_DN12301_c0_g1_i1.p1,0.612987752514513
TRINITY_DN84_c0_g1_i13.p1,-1.46878708144888
TRINITY_DN5665_c0_g2_i1.p1,-1.92739762253341
TRINITY_DN59635_c0_g1_i2.p1,-2.41204047396297
TRINITY_DN5413_c0_g5_i2.p1,0.725458297174992
TRINITY_DN26855_c0_g2_i2.p1,-1.48838693375498
TRINITY_DN39466_c0_g1_i1.p1,-1.6471599210843
TRINITY_DN62570_c0_g2_i1.p1,-1.75946508696153
TRINITY_DN2795_c1_g3_i1.p1,-2.05293273214305
TRINITY_DN3231_c6_g1_i1.p1,-0.513934359767016
TRINITY_DN1104_c0_g1_i1.p1,-2.66351690702922
TRINITY_DN446_c0_g1_i11.p1,-1.19039353733883
TRINITY_DN5744_c0_g1_i23.p1,-1.92902414984692
TRINITY_DN27913_c0_g2_i2.p1,-0.438545524169329
TRINITY_DN11150_c0_g1_i1.p1,-0.407653702496368
TRINITY_DN23871_c1_g1_i1.p1,-1.4869620370481
TRINITY_DN34_c0_g1_i5.p1,-1.48549510902799
TRINITY_DN32368_c0_g1_i1.p1,-1.35186423344822
TRINITY_DN19482_c0_g1_i1.p1,0.499474249639264
TRINITY_DN2115_c0_g1_i4.p1,0.579302954062025
TRINITY_DN645_c2_g6_i1.p1,-0.580554987665638
TRINITY_DN4354_c0_g1_i1.p1,-0.618268655757875
TRINITY_DN13206_c0_g1_i1.p1,-1.6723983575472
TRINITY_DN7923_c0_g1_i13.p1,-2.57946838323517
TRINITY_DN177461_c0_g1_i1.p1,-0.47327246102898
TRINITY_DN4326_c1_g1_i1.p1,0.306165508913487
TRINITY_DN2945_c4_g1_i1.p1,0.550949659382807
TRINITY_DN6953_c0_g1_i1.p1,0.448531310212939
TRINITY_DN30212_c0_g1_i1.p1,-2.09525207149024
TRINITY_DN27628_c1_g1_i4.p1,-1.24514450205397
TRINITY_DN32866_c0_g5_i1.p1,-1.92217154013519
TRINITY_DN839_c0_g1_i10.p1,-1.94187579250976
TRINITY_DN33335_c0_g1_i1.p1,-0.878738655553241
TRINITY_DN13357_c0_g1_i2.p1,0.400721756933136
TRINITY_DN3060_c0_g2_i4.p1,0.402072514344555
TRINITY_DN56817_c0_g1_i1.p1,-1.29284260344869
TRINITY_DN3405_c1_g1_i1.p1,0.718573232091993
TRINITY_DN158_c0_g4_i2.p1,-1.7598447909847
TRINITY_DN17081_c0_g1_i2.p1,-0.607293654710041
TRINITY_DN3320_c1_g1_i1.p1,0.53576103480091
TRINITY_DN6595_c0_g1_i10.p1,-2.8426501443105
TRINITY_DN45638_c0_g2_i1.p1,-0.449329287814033
TRINITY_DN2779_c0_g1_i1.p1,0.618913768646668
TRINITY_DN4278_c0_g1_i8.p1,0.80056168929997
TRINITY_DN9122_c0_g1_i1.p1,-1.49041554693687
TRINITY_DN533_c3_g1_i1.p1,-0.474529674597448
TRINITY_DN7494_c0_g1_i2.p1,-0.546225608914733
TRINITY_DN915_c22_g1_i1.p2,-1.19328345252973
TRINITY_DN2733_c0_g1_i1.p1,0.579253555119751
TRINITY_DN2598_c4_g1_i1.p1,0.294336227628021
TRINITY_DN112762_c0_g1_i2.p1,-1.51980205474164
TRINITY_DN177631_c0_g1_i2.p1,-1.4833108190167
TRINITY_DN3366_c0_g1_i1.p1,0.608809005274207
TRINITY_DN96653_c0_g1_i1.p1,1.02145202755388
TRINITY_DN10227_c0_g1_i19.p1,-1.1052656628538
TRINITY_DN1686_c0_g1_i5.p1,-1.1313948971815
TRINITY_DN16925_c0_g3_i2.p1,-1.80284463897787
TRINITY_DN899_c0_g2_i1.p1,-2.41746970391005
TRINITY_DN1905_c0_g1_i2.p1,-0.396537044848723
TRINITY_DN2055_c3_g1_i2.p1,-1.02496411135194
TRINITY_DN26482_c0_g1_i1.p1,-1.58552268757931
TRINITY_DN112593_c0_g1_i1.p1,-1.26931707336139
TRINITY_DN146080_c0_g1_i1.p1,0.621045770040982
TRINITY_DN18307_c0_g1_i1.p1,-3.0684498251034
TRINITY_DN45249_c3_g1_i1.p1,-0.452886806375916
TRINITY_DN4990_c1_g2_i2.p1,0.451513785452766
TRINITY_DN24059_c0_g1_i1.p1,-2.08158485051942
TRINITY_DN10227_c0_g1_i2.p1,-1.75988984801001
TRINITY_DN446_c0_g1_i8.p1,-2.01459646808243
TRINITY_DN42380_c0_g1_i2.p1,-2.19449253419206
TRINITY_DN11474_c0_g1_i2.p1,0.612035532937509
TRINITY_DN15940_c0_g1_i1.p1,-0.572379303165145
TRINITY_DN84_c0_g1_i10.p1,-1.12984101676736
TRINITY_DN8705_c0_g1_i10.p1,-1.59689230686494
TRINITY_DN14904_c1_g1_i1.p1,-0.559603848540151
TRINITY_DN41033_c0_g1_i1.p1,-1.40616831408895
TRINITY_DN645_c2_g3_i3.p1,-1.37012042099019
TRINITY_DN29410_c0_g1_i7.p1,0.263186832791571
TRINITY_DN31491_c0_g1_i1.p1,-0.989934816382529
TRINITY_DN6745_c0_g1_i2.p1,-1.31928976602782
TRINITY_DN6843_c1_g1_i1.p1,-1.92798011864332
TRINITY_DN72_c0_g3_i1.p1,-0.435597114951985
TRINITY_DN1010_c0_g1_i2.p1,0.960759356064318
TRINITY_DN2784_c0_g1_i1.p1,0.395455716730692
TRINITY_DN397_c7_g1_i3.p1,-0.610430063843408
TRINITY_DN5808_c0_g1_i1.p1,-0.668219299731086
TRINITY_DN27758_c0_g1_i1.p1,0.51825851959217
TRINITY_DN5376_c0_g1_i1.p3,-2.5044308292218
TRINITY_DN2618_c0_g1_i6.p1,-1.22017855076445
TRINITY_DN198_c0_g1_i2.p1,-1.52707538357769
TRINITY_DN8166_c0_g1_i1.p1,-4.44375233329559
TRINITY_DN2168_c0_g1_i1.p1,-0.938385211679529
TRINITY_DN445_c8_g1_i1.p1,-0.427695972231602
TRINITY_DN10539_c0_g1_i1.p1,0.561301112970614
TRINITY_DN53277_c0_g1_i1.p1,-1.32773959675156
TRINITY_DN14350_c0_g1_i7.p1,-3.84353474608287
TRINITY_DN13348_c1_g3_i2.p1,0.28085743461568
TRINITY_DN1197_c3_g1_i3.p1,-3.79080785214842
TRINITY_DN10612_c7_g1_i1.p1,0.339162346280926
TRINITY_DN4624_c0_g1_i4.p1,-2.2948935471922
TRINITY_DN839_c0_g1_i2.p1,-1.19238379938152
TRINITY_DN2175_c2_g3_i2.p1,0.338296963767298
TRINITY_DN27645_c1_g1_i1.p1,0.452078173404407
TRINITY_DN3232_c4_g1_i1.p1,0.530778706860763
TRINITY_DN43978_c0_g1_i2.p1,-1.43364019373865
TRINITY_DN30646_c0_g1_i1.p1,0.422982725893131
TRINITY_DN55_c7_g1_i1.p1,0.600183305887754
TRINITY_DN471_c1_g1_i4.p1,-2.60700531249467
TRINITY_DN2199_c0_g1_i2.p1,-1.58344877740568
TRINITY_DN2392_c0_g1_i17.p1,-1.73938744526055
TRINITY_DN114_c1_g1_i1.p1,-0.465420384627414
TRINITY_DN4034_c0_g1_i4.p1,-0.517530655439573
TRINITY_DN96016_c0_g1_i3.p1,-1.86899574245662
TRINITY_DN7892_c0_g1_i1.p1,-1.88061791747784
TRINITY_DN42380_c0_g3_i1.p1,-2.30334245262452
TRINITY_DN9311_c1_g1_i1.p1,-1.63864443577236
TRINITY_DN13068_c0_g2_i1.p1,-0.592192373122453
TRINITY_DN4111_c1_g2_i2.p1,-1.41074640409293
TRINITY_DN149272_c0_g1_i1.p1,-1.89004212173184
TRINITY_DN9128_c0_g3_i1.p1,-0.378910512298721
TRINITY_DN12498_c0_g1_i1.p1,0.484738576289791
TRINITY_DN2282_c0_g1_i1.p1,-0.347108644423533
TRINITY_DN5029_c16_g1_i1.p1,0.358614339040362
TRINITY_DN128778_c0_g1_i1.p1,-0.471158168091833
TRINITY_DN11096_c0_g2_i4.p1,-3.1593318911555
TRINITY_DN113671_c0_g1_i1.p1,0.463335904639915
TRINITY_DN16513_c0_g1_i1.p1,-0.28431308293829
TRINITY_DN3199_c0_g1_i1.p1,0.497603465314758
TRINITY_DN10227_c0_g1_i6.p1,-1.63554042392448
TRINITY_DN104757_c0_g1_i1.p1,-1.20281514711356
TRINITY_DN22234_c1_g1_i1.p1,0.300577501683986
TRINITY_DN2081_c0_g1_i1.p2,-0.777519817695044
TRINITY_DN2671_c0_g1_i1.p1,-0.700849085575473
TRINITY_DN76_c1_g1_i11.p1,-1.52324802761161
TRINITY_DN3590_c0_g1_i1.p1,0.616563156726266
TRINITY_DN2843_c0_g1_i1.p1,0.442994273529899
TRINITY_DN96077_c0_g1_i1.p1,-0.500626370639014
TRINITY_DN2691_c0_g1_i1.p1,-0.387282428965541
TRINITY_DN16165_c0_g1_i2.p1,0.394338514924825
TRINITY_DN112188_c0_g1_i8.p1,-0.880797436584835
TRINITY_DN16925_c0_g3_i1.p1,-3.12692954384505
TRINITY_DN16555_c0_g1_i1.p1,-1.32163953431819
TRINITY_DN42380_c0_g2_i1.p1,-2.10707776753402
TRINITY_DN11615_c0_g1_i4.p1,0.6458331421339
TRINITY_DN14533_c0_g2_i8.p1,-0.90566155873307
TRINITY_DN866_c1_g1_i1.p1,-0.657624762608126
TRINITY_DN113315_c0_g1_i1.p1,-1.74894576050227
TRINITY_DN113452_c0_g1_i1.p1,0.326522172027043
TRINITY_DN12003_c0_g1_i1.p1,-0.503394837982947
TRINITY_DN3056_c0_g1_i2.p1,-1.19632716133731
TRINITY_DN277_c6_g1_i1.p1,0.47052553613543
TRINITY_DN2987_c0_g1_i2.p1,0.500706641601947
TRINITY_DN24341_c0_g1_i11.p1,-1.25223375877606
TRINITY_DN3715_c0_g1_i13.p1,-0.338079897407451
TRINITY_DN15374_c1_g1_i12.p1,1.05042257682063
TRINITY_DN165636_c0_g1_i1.p1,-1.95781186620398
TRINITY_DN1979_c1_g1_i12.p1,0.638427291412036
TRINITY_DN47053_c1_g1_i7.p1,-1.10511262362436
TRINITY_DN1197_c0_g1_i20.p1,-2.97616928133049
TRINITY_DN336_c0_g1_i1.p1,-0.346900615129192
TRINITY_DN10238_c0_g1_i1.p1,-2.24643405971456
TRINITY_DN1768_c2_g1_i1.p1,-1.26717106394027
TRINITY_DN20120_c0_g1_i6.p1,-1.53317540204151
TRINITY_DN4649_c1_g1_i1.p1,-1.72172421068951
TRINITY_DN5239_c0_g1_i15.p1,-2.06083056098361
TRINITY_DN8401_c0_g1_i7.p1,1.23262176451826
TRINITY_DN329_c0_g1_i6.p1,-2.48367073397363
TRINITY_DN5689_c0_g1_i1.p1,-1.33812489016123
TRINITY_DN4724_c0_g1_i1.p1,-0.708357557664117
TRINITY_DN17_c0_g2_i5.p1,-2.08997932902484
TRINITY_DN24059_c0_g1_i4.p1,-1.66683201601685
TRINITY_DN5384_c0_g1_i2.p1,-0.425845392703473
TRINITY_DN7048_c0_g2_i5.p1,-1.50245045430016
TRINITY_DN12829_c0_g1_i2.p1,-0.272233841534558
TRINITY_DN20484_c0_g3_i1.p1,-0.335801012399542
TRINITY_DN446_c0_g1_i16.p1,-1.61810211203623
TRINITY_DN29082_c0_g1_i1.p1,-0.352637162317981
TRINITY_DN16925_c0_g2_i2.p1,-1.77335250016075
TRINITY_DN35233_c0_g1_i1.p1,0.331347171859187
TRINITY_DN6896_c0_g1_i1.p1,-1.28058608914996
TRINITY_DN1688_c1_g1_i3.p1,-1.32917391605369
TRINITY_DN4590_c1_g1_i2.p1,-1.70330304928961
TRINITY_DN17431_c0_g1_i1.p1,0.429582239245072
TRINITY_DN14390_c0_g1_i14.p1,-1.71583983223561
TRINITY_DN15249_c0_g1_i5.p1,-1.62218257314952
TRINITY_DN10410_c0_g1_i2.p1,1.33814078351245
TRINITY_DN12934_c0_g1_i1.p1,-0.460303498161136
TRINITY_DN549_c0_g1_i1.p1,-1.90993395564865
TRINITY_DN5074_c0_g1_i1.p1,-0.310164352570051
TRINITY_DN113458_c0_g1_i1.p1,-1.37607043579489
TRINITY_DN20820_c0_g2_i1.p1,-1.24997020681088
TRINITY_DN34164_c0_g1_i1.p1,-1.57931000870058
TRINITY_DN6377_c0_g1_i2.p1,-0.67156195068943
TRINITY_DN43974_c0_g1_i1.p1,-1.18316881849397
TRINITY_DN11229_c0_g1_i4.p1,-2.65270888085322
TRINITY_DN16915_c0_g1_i1.p1,0.582658052497114
TRINITY_DN2321_c0_g1_i1.p1,-1.45654724175815
TRINITY_DN844_c0_g1_i4.p1,-0.612241226526084
TRINITY_DN68828_c1_g2_i1.p1,0.492137460417163
TRINITY_DN390_c0_g1_i7.p1,-1.5442568763663
TRINITY_DN7817_c0_g1_i3.p1,0.495897696082049
TRINITY_DN22794_c0_g1_i1.p1,-0.825663231314899
TRINITY_DN18046_c0_g1_i1.p1,1.21423409090854
TRINITY_DN15616_c0_g1_i4.p1,-0.561489013971963
TRINITY_DN16031_c0_g1_i7.p1,-6.60729565293607
TRINITY_DN164309_c0_g1_i1.p1,0.522685347214025
TRINITY_DN5060_c4_g1_i1.p1,-0.663541734519412
TRINITY_DN1111_c0_g1_i9.p1,1.2969721521379
TRINITY_DN3019_c0_g1_i1.p1,-0.401823688278918
TRINITY_DN99754_c0_g1_i1.p1,0.505469147548064
TRINITY_DN15931_c0_g1_i1.p1,-1.01377539598437
TRINITY_DN33565_c0_g1_i3.p1,0.356806844126845
TRINITY_DN64917_c0_g3_i2.p1,-0.3029826723608
TRINITY_DN17057_c0_g1_i3.p1,-0.362032564273831
TRINITY_DN160_c1_g1_i12.p1,-1.03025795672578
TRINITY_DN178189_c0_g1_i1.p1,-0.770077067583887
TRINITY_DN3160_c1_g1_i12.p1,-2.47929484203843
TRINITY_DN14171_c2_g1_i1.p1,0.364508226206967
TRINITY_DN2980_c4_g1_i2.p1,1.4926839575643
TRINITY_DN9313_c0_g1_i1.p1,0.24537036646152
TRINITY_DN96687_c0_g1_i1.p1,-0.730474542544277
TRINITY_DN24880_c0_g1_i2.p1,-0.446625583978776
TRINITY_DN4189_c0_g1_i2.p1,-1.70129000360824
TRINITY_DN9611_c0_g1_i1.p1,0.420130311399819
TRINITY_DN47746_c0_g1_i1.p1,-1.53434181513853
TRINITY_DN9014_c0_g2_i3.p1,-2.21676832441095
TRINITY_DN3458_c1_g1_i1.p1,-0.512967732292083
TRINITY_DN5203_c0_g1_i7.p1,-1.07060516196779
TRINITY_DN8115_c0_g1_i1.p1,-0.717494433231803
TRINITY_DN33185_c0_g1_i1.p1,-0.31649320252144
TRINITY_DN9863_c0_g1_i11.p1,1.48889443953429
TRINITY_DN3180_c0_g1_i2.p1,-0.812786914563875
TRINITY_DN18249_c0_g1_i2.p1,-2.38914468906751
TRINITY_DN4053_c0_g1_i1.p1,-0.325972912650719
TRINITY_DN5128_c0_g2_i1.p1,0.19294458469115
TRINITY_DN130818_c0_g1_i1.p1,-1.58952424757567
TRINITY_DN1974_c0_g1_i4.p1,-0.852569049126527
TRINITY_DN329_c5_g1_i1.p1,-1.03986102177434
TRINITY_DN182976_c1_g1_i1.p1,-1.30056694367827
TRINITY_DN3162_c1_g3_i1.p1,0.600159280574637
TRINITY_DN97447_c0_g1_i1.p1,-0.490109575763269
TRINITY_DN329_c0_g1_i7.p1,-1.91538161051269
TRINITY_DN112315_c0_g1_i1.p1,0.207516925809305
TRINITY_DN144958_c0_g1_i1.p1,0.289573460202994
TRINITY_DN203_c1_g2_i1.p1,-3.14836007286341
TRINITY_DN26317_c0_g1_i3.p1,0.390564319699266
TRINITY_DN44709_c1_g1_i11.p2,-0.500623095668574
TRINITY_DN10449_c0_g2_i3.p1,-1.02395646115885
TRINITY_DN10673_c0_g1_i1.p1,-0.480739224721325
TRINITY_DN15035_c0_g2_i1.p1,-0.500173708376438
TRINITY_DN23062_c0_g1_i1.p1,-1.62195136677928
TRINITY_DN26663_c1_g1_i1.p1,0.50611310306528
TRINITY_DN3860_c0_g1_i2.p1,-0.376758749563763
TRINITY_DN4649_c0_g1_i7.p1,-1.52890933003832
TRINITY_DN62912_c0_g1_i1.p1,0.652936568286526
TRINITY_DN8332_c0_g1_i2.p1,-1.61521273195692
TRINITY_DN11179_c0_g1_i2.p1,-0.518923009878339
TRINITY_DN2234_c0_g1_i1.p1,-0.59286263594245
TRINITY_DN9114_c0_g1_i6.p1,1.55811277954328
TRINITY_DN148_c1_g1_i24.p1,1.5371067945242
TRINITY_DN2828_c2_g1_i2.p1,-1.08224901900877
TRINITY_DN5847_c0_g1_i9.p1,1.09233961306258
TRINITY_DN987_c2_g2_i2.p1,0.768576355184602
TRINITY_DN32203_c6_g1_i1.p1,-0.977718469753134
TRINITY_DN10749_c0_g1_i5.p1,-1.41723716341676
TRINITY_DN3632_c0_g1_i2.p1,0.733977994295447
TRINITY_DN7407_c0_g2_i1.p1,-0.513412879030771
TRINITY_DN10850_c0_g1_i8.p1,-1.21074214695245
TRINITY_DN18487_c0_g1_i4.p1,-0.309913402318713
TRINITY_DN26358_c1_g1_i2.p2,-1.25508183293271
TRINITY_DN438_c5_g1_i3.p1,-1.07686740871755
TRINITY_DN56001_c0_g1_i1.p1,0.73334665663787
TRINITY_DN8401_c3_g1_i1.p1,-1.15878840903058
TRINITY_DN26391_c0_g2_i2.p1,-1.16072801899275
TRINITY_DN3078_c0_g2_i4.p1,0.732292762594017
TRINITY_DN34551_c0_g1_i1.p1,-2.25696291622835
TRINITY_DN3739_c1_g1_i3.p1,-1.56799459748588
TRINITY_DN3968_c1_g1_i1.p1,0.604295516090689
TRINITY_DN4002_c0_g1_i3.p1,0.468717179339302
TRINITY_DN112269_c0_g1_i1.p1,-0.891743257056064
TRINITY_DN9726_c0_g1_i2.p1,-0.416815930862837
TRINITY_DN4553_c0_g1_i28.p1,1.21539027502621
TRINITY_DN100611_c0_g1_i1.p1,-1.56390075171359
TRINITY_DN1952_c0_g2_i1.p1,-1.66755524059782
TRINITY_DN611_c3_g1_i3.p1,-1.96855311750316
TRINITY_DN9400_c0_g1_i1.p1,0.507359277845061
TRINITY_DN13067_c0_g1_i2.p1,-0.71720984483961
TRINITY_DN1352_c0_g1_i15.p1,-1.45578829513842
TRINITY_DN19246_c0_g1_i1.p1,0.469532907478912
TRINITY_DN7394_c0_g1_i1.p1,-0.537800276575879
TRINITY_DN2431_c3_g1_i5.p1,-0.381106536533962
TRINITY_DN32168_c0_g1_i5.p1,-0.516055896349616
TRINITY_DN8876_c0_g1_i16.p1,0.900621974525868
TRINITY_DN9615_c2_g1_i1.p1,-0.817629918266773
TRINITY_DN5206_c0_g2_i1.p1,-2.11122725020177
TRINITY_DN24252_c0_g1_i1.p1,-1.84921731472743
TRINITY_DN3388_c0_g2_i1.p1,-0.616207480899656
TRINITY_DN5283_c0_g1_i4.p1,-0.620478488617007
TRINITY_DN40301_c0_g1_i1.p1,0.402901565411648
TRINITY_DN7515_c0_g1_i1.p1,-0.675498317791358
TRINITY_DN8803_c0_g1_i1.p1,-0.67925535173964
TRINITY_DN2869_c9_g2_i1.p1,-1.77214762818498
TRINITY_DN7501_c0_g1_i2.p1,0.74538046195513
TRINITY_DN132272_c0_g1_i1.p1,-0.305354330148977
TRINITY_DN124_c0_g1_i31.p1,-1.89288722656885
TRINITY_DN11966_c0_g1_i1.p1,-0.454988200237527
TRINITY_DN20621_c0_g1_i4.p1,0.385834037389107
TRINITY_DN21475_c0_g1_i1.p1,-0.921660342914139
TRINITY_DN3864_c0_g1_i5.p1,-1.05283820936314
TRINITY_DN1213_c3_g1_i4.p1,1.44667980600722
TRINITY_DN1346_c0_g1_i29.p1,-2.3822164865232
TRINITY_DN14793_c0_g2_i1.p1,0.507266756514658
TRINITY_DN32958_c0_g1_i1.p1,-0.512156449854984
TRINITY_DN6923_c0_g1_i3.p1,-0.425305359321907
TRINITY_DN738_c1_g1_i2.p1,-0.302109297215915
TRINITY_DN5337_c0_g1_i1.p1,-0.522932900936408
TRINITY_DN690_c2_g1_i4.p1,1.44179883400572
TRINITY_DN37376_c1_g1_i5.p1,-1.18279018815345
TRINITY_DN5526_c3_g1_i4.p1,0.728137555349352
TRINITY_DN4402_c0_g2_i2.p1,-0.926888233186301
TRINITY_DN736_c1_g3_i1.p1,-0.504378135647057
TRINITY_DN38447_c0_g1_i2.p1,-1.47004385334435
TRINITY_DN629_c0_g1_i11.p1,-1.01098919145065
TRINITY_DN5422_c0_g1_i22.p1,1.51344533658757
TRINITY_DN1952_c0_g1_i2.p1,-1.76235480928135
TRINITY_DN1344_c17_g1_i1.p1,0.329416184958352
TRINITY_DN12808_c0_g1_i1.p1,-1.17856403980504
TRINITY_DN17_c0_g2_i3.p1,-0.894618013483145
TRINITY_DN6731_c1_g1_i2.p1,-1.15809473979688
TRINITY_DN4773_c0_g1_i2.p1,-1.2528353344848
TRINITY_DN15130_c0_g1_i4.p1,0.957951463756254
TRINITY_DN12813_c0_g1_i1.p1,-0.406262629829254
TRINITY_DN162748_c0_g1_i1.p1,0.41474212898152
TRINITY_DN3505_c0_g1_i1.p1,-0.480133290864238
TRINITY_DN7759_c0_g1_i1.p1,0.493425488290334
TRINITY_DN10119_c0_g1_i1.p1,-0.851128961096641
TRINITY_DN8483_c0_g1_i1.p1,-0.335434319879774
TRINITY_DN18174_c1_g1_i1.p1,0.969885686846348
TRINITY_DN14329_c0_g1_i13.p1,0.729476339444214
TRINITY_DN1513_c1_g2_i1.p1,0.444471708442811
TRINITY_DN3864_c0_g1_i12.p1,1.85694753684486
TRINITY_DN1084_c0_g1_i8.p1,-0.799042444291835
TRINITY_DN13418_c0_g1_i4.p1,-1.01238717489412
TRINITY_DN177414_c0_g1_i1.p1,0.40540313116626
TRINITY_DN93640_c0_g1_i1.p1,0.923512972988681
TRINITY_DN5221_c2_g1_i3.p1,-0.506257717999671
TRINITY_DN5239_c0_g1_i13.p1,-1.3851930468943
TRINITY_DN23238_c2_g1_i1.p1,-0.515938632666406
TRINITY_DN1589_c1_g1_i4.p1,-0.628204392349032
TRINITY_DN19789_c0_g1_i5.p1,-0.923289444642451
TRINITY_DN2903_c0_g1_i4.p1,-0.831772312839183
TRINITY_DN6357_c1_g1_i17.p1,-0.536675774351408
TRINITY_DN70427_c0_g1_i1.p1,0.623480593259719
TRINITY_DN96579_c0_g1_i1.p1,-0.849455316310876
TRINITY_DN13281_c0_g1_i2.p1,0.510128836880763
TRINITY_DN13639_c6_g1_i1.p1,0.405321715390785
TRINITY_DN1926_c4_g1_i1.p1,0.229440118285308
TRINITY_DN95322_c0_g1_i3.p1,-0.701307536227542
TRINITY_DN11858_c1_g1_i2.p1,0.747314583620337
TRINITY_DN147_c0_g1_i8.p1,-0.762790133615813
TRINITY_DN259_c0_g1_i8.p1,-1.94711872815539
TRINITY_DN9600_c0_g1_i1.p1,-1.09330180376981
TRINITY_DN99820_c0_g1_i1.p1,-0.971187668459846
TRINITY_DN4214_c1_g4_i1.p1,0.51669605058842
TRINITY_DN76_c0_g1_i3.p1,-1.82344088602949
TRINITY_DN9070_c0_g1_i1.p1,-1.43181659000728
TRINITY_DN7772_c0_g1_i1.p1,0.46046097545363
TRINITY_DN14626_c0_g1_i1.p1,-0.49017689171541
TRINITY_DN177460_c0_g1_i1.p1,0.201954590063828
TRINITY_DN27611_c0_g1_i1.p1,-2.50813525580456
TRINITY_DN35448_c0_g2_i4.p1,0.644995002714518
TRINITY_DN4565_c0_g1_i1.p1,1.12224061205366
TRINITY_DN5713_c0_g1_i1.p1,1.03574944540483
TRINITY_DN9827_c2_g1_i3.p1,0.629335750679723
TRINITY_DN29253_c0_g1_i3.p2,-1.54460780364614
TRINITY_DN64580_c3_g1_i1.p1,0.429859583034851
TRINITY_DN20386_c0_g1_i1.p1,-0.55803977476063
TRINITY_DN38692_c2_g1_i1.p1,-0.975505218827958
TRINITY_DN203_c0_g1_i5.p1,-2.67458004223712
TRINITY_DN1149_c0_g1_i29.p1,-1.86206872730601
TRINITY_DN10025_c2_g2_i2.p1,0.661143639962041
TRINITY_DN491_c0_g1_i10.p1,-1.23833956835739
TRINITY_DN6477_c0_g1_i1.p1,-0.377817125493724
TRINITY_DN27909_c0_g2_i3.p1,-0.520632927733675
TRINITY_DN7402_c0_g1_i2.p1,-0.616343065737788
TRINITY_DN4401_c1_g1_i2.p1,-0.303737991263998
TRINITY_DN690_c2_g1_i2.p1,0.799803852667898
TRINITY_DN29377_c1_g1_i1.p1,-0.535080299420509
TRINITY_DN3662_c0_g1_i18.p1,0.637066335705743
TRINITY_DN12444_c0_g1_i1.p1,0.312518184837213
TRINITY_DN7871_c0_g1_i1.p1,0.187406996283212
TRINITY_DN11238_c0_g1_i6.p1,0.599420918572956
TRINITY_DN76_c0_g1_i7.p1,-1.81239176070837
TRINITY_DN7999_c0_g1_i2.p1,0.425369945355389
TRINITY_DN163249_c0_g1_i1.p1,0.461770948882608
TRINITY_DN1306_c0_g2_i1.p1,0.763175191694186
TRINITY_DN2502_c0_g2_i1.p1,-0.376939667857082
TRINITY_DN817_c1_g1_i23.p1,1.30166681061536
TRINITY_DN499_c0_g3_i7.p1,-1.36700288600112
TRINITY_DN1952_c1_g1_i1.p1,-1.26321416758687
TRINITY_DN28809_c0_g1_i2.p1,1.14233722419624
TRINITY_DN146868_c0_g1_i1.p1,-0.821825427772052
TRINITY_DN113573_c0_g1_i1.p1,-1.75011787774674
TRINITY_DN13703_c0_g1_i4.p1,-0.369786491778785
TRINITY_DN43_c2_g1_i1.p1,0.55678681705347
TRINITY_DN45476_c0_g1_i4.p1,2.3193351701758
TRINITY_DN6595_c0_g1_i16.p1,-1.0541164147253
TRINITY_DN13020_c2_g1_i17.p1,-1.03230678610677
TRINITY_DN2581_c0_g1_i5.p1,0.546452781877454
TRINITY_DN22863_c0_g1_i1.p1,1.10369351324116
TRINITY_DN10446_c0_g2_i1.p1,0.312450064817842
TRINITY_DN18139_c1_g1_i3.p1,-1.8142152149349
TRINITY_DN23474_c0_g1_i25.p1,1.29200043104398
TRINITY_DN671_c3_g5_i1.p1,-0.341404509981418
TRINITY_DN383_c0_g1_i14.p1,-1.0105268913787
TRINITY_DN11809_c4_g1_i6.p1,-0.437929271487308
TRINITY_DN16975_c0_g1_i15.p1,-1.0169377559935
TRINITY_DN1796_c3_g1_i2.p1,-0.715006617184381
TRINITY_DN1228_c9_g1_i2.p1,0.454482315654775
TRINITY_DN33185_c0_g1_i3.p1,-0.468186350500307
TRINITY_DN5496_c0_g3_i6.p1,0.790728698832039
TRINITY_DN2032_c0_g1_i1.p1,0.784300191520736
TRINITY_DN5354_c3_g1_i1.p1,0.530697848813127
TRINITY_DN17749_c0_g1_i1.p1,-0.622817026013991
TRINITY_DN21410_c0_g1_i2.p1,-0.506427488704469
TRINITY_DN5860_c1_g1_i1.p1,-0.401821841324865
TRINITY_DN6563_c1_g2_i7.p1,-0.580958207438018
TRINITY_DN2437_c0_g1_i1.p1,0.282163153325524
TRINITY_DN9022_c0_g1_i1.p1,0.341342638523196
TRINITY_DN7604_c0_g1_i1.p1,-0.381475956236255
TRINITY_DN9898_c0_g1_i5.p1,0.728399434653913
TRINITY_DN14989_c1_g1_i1.p1,-0.846048072138844
TRINITY_DN28577_c0_g2_i2.p1,-1.35201375439898
TRINITY_DN1346_c0_g1_i19.p1,-2.42401611771935
TRINITY_DN53272_c3_g1_i1.p1,-0.452418375850457
TRINITY_DN2838_c0_g1_i1.p1,-0.386002544762177
TRINITY_DN9630_c1_g1_i10.p1,1.58479196457067
TRINITY_DN9855_c0_g2_i2.p1,-0.523073244139592
TRINITY_DN6744_c1_g3_i1.p1,-0.930296726973638
TRINITY_DN30344_c0_g1_i11.p1,-1.00223049742177
TRINITY_DN6563_c1_g2_i4.p1,-0.843685725161975
TRINITY_DN61566_c0_g1_i8.p1,-1.58852434184023
TRINITY_DN280_c0_g1_i9.p1,-1.05020855517321
TRINITY_DN3049_c2_g1_i1.p1,0.888501833901533
TRINITY_DN1239_c0_g1_i3.p1,-2.25666875021342
TRINITY_DN760_c2_g1_i2.p1,-0.242745602012411
TRINITY_DN161467_c0_g1_i2.p1,-1.09423813597244
TRINITY_DN10059_c0_g1_i1.p1,0.243814367108112
TRINITY_DN5294_c0_g1_i1.p1,-1.60700397480744
TRINITY_DN1528_c2_g1_i2.p1,-0.364080510682407
TRINITY_DN21983_c0_g2_i4.p1,-1.49940033716572
TRINITY_DN1926_c0_g7_i2.p1,-0.262700572217046
TRINITY_DN533_c0_g2_i1.p1,-0.315269453641005
TRINITY_DN12407_c0_g1_i1.p1,-1.00582731801217
TRINITY_DN17574_c0_g1_i4.p1,-1.57216567246072
TRINITY_DN2096_c0_g1_i7.p1,-1.55591311279734
TRINITY_DN45318_c1_g1_i2.p1,-1.994632820808
TRINITY_DN7187_c0_g1_i1.p1,-0.317536926314108
TRINITY_DN917_c1_g1_i1.p1,-0.813479049598776
TRINITY_DN3389_c0_g1_i4.p1,-1.88647008924305
TRINITY_DN2309_c2_g1_i3.p1,0.462272224729418
TRINITY_DN23501_c0_g2_i1.p1,0.324843576497827
TRINITY_DN22701_c0_g1_i1.p1,-0.818369519473424
TRINITY_DN28760_c0_g1_i1.p1,-1.60146853001746
TRINITY_DN112426_c0_g1_i1.p1,0.236919694661973
TRINITY_DN140166_c0_g1_i1.p1,-1.41718241795377
TRINITY_DN236_c0_g1_i2.p1,0.280510861376315
TRINITY_DN277_c3_g1_i1.p1,-0.572113422357063
TRINITY_DN4328_c0_g1_i2.p1,0.68186719647843
TRINITY_DN5633_c0_g1_i2.p1,-0.421708987395527
TRINITY_DN23419_c1_g1_i2.p1,-0.951873084994098
TRINITY_DN1926_c0_g4_i1.p1,0.331515962756133
TRINITY_DN2187_c0_g2_i7.p1,-0.37141258318095
TRINITY_DN15525_c0_g1_i4.p1,-0.656825926913273
TRINITY_DN2718_c0_g1_i4.p1,0.499291519937896
TRINITY_DN35280_c1_g1_i11.p1,0.429251446649612
TRINITY_DN146665_c0_g1_i2.p1,0.319746248952408
TRINITY_DN15501_c0_g1_i2.p1,0.287761503603405
TRINITY_DN178_c1_g1_i1.p1,0.222475687725137
TRINITY_DN6768_c0_g1_i2.p1,-0.742599874461564
TRINITY_DN8705_c0_g1_i9.p1,-1.9911403502332
TRINITY_DN82095_c0_g1_i4.p1,-1.33267597432803
TRINITY_DN44241_c0_g1_i2.p1,0.951135738076307
TRINITY_DN20524_c0_g3_i1.p1,-0.417193584048842
TRINITY_DN4413_c1_g1_i1.p1,-0.416600581089492
TRINITY_DN1352_c0_g1_i8.p1,-1.54905179340873
TRINITY_DN34502_c0_g2_i2.p1,-0.81677802496956
TRINITY_DN1034_c0_g1_i43.p1,0.990113195331021
TRINITY_DN13696_c1_g1_i1.p1,0.389258817777931
TRINITY_DN7741_c1_g1_i3.p1,1.21203741111658
TRINITY_DN178420_c0_g1_i1.p1,0.617044983569774
TRINITY_DN17716_c0_g1_i1.p1,-0.321416970272019
TRINITY_DN17213_c0_g1_i3.p1,-0.947391217672285
TRINITY_DN844_c0_g1_i1.p2,-0.655413515300753
TRINITY_DN147574_c0_g1_i2.p1,0.316676135362776
TRINITY_DN9924_c0_g1_i1.p1,-0.488937459926557
TRINITY_DN10876_c0_g1_i5.p1,-1.87256201959442
TRINITY_DN396_c0_g3_i6.p1,0.324192546789203
TRINITY_DN7316_c0_g1_i2.p1,1.88357357391805
TRINITY_DN31061_c0_g1_i1.p1,-1.58955590584064
TRINITY_DN3380_c0_g1_i3.p1,-1.5139477449755
TRINITY_DN7679_c1_g1_i1.p1,-0.892796361423739
TRINITY_DN1319_c0_g1_i1.p1,-0.483066614270923
TRINITY_DN24384_c0_g2_i1.p1,1.22192817389721
TRINITY_DN1922_c0_g1_i7.p1,0.48703889804683
TRINITY_DN439_c1_g1_i4.p1,0.771095887884177
TRINITY_DN30344_c0_g1_i12.p1,-1.12759800315525
TRINITY_DN2103_c1_g1_i2.p1,-1.23737333296105
TRINITY_DN12722_c0_g1_i2.p1,-0.358960394838526
TRINITY_DN4127_c5_g1_i6.p1,-1.10807929167305
TRINITY_DN43_c4_g1_i3.p1,-0.379131210199728
TRINITY_DN30802_c0_g1_i1.p1,-0.761209332428518
TRINITY_DN34232_c0_g1_i1.p1,-0.481744361042384
TRINITY_DN3487_c0_g1_i8.p1,-1.33752945954273
TRINITY_DN129636_c0_g1_i1.p1,0.308004659709423
TRINITY_DN5702_c0_g1_i21.p1,-1.10083938463352
TRINITY_DN5545_c2_g1_i1.p1,-0.54930059932464
TRINITY_DN13216_c1_g2_i1.p1,0.476376554861489
TRINITY_DN1509_c1_g2_i1.p1,-0.322159937195064
TRINITY_DN16392_c0_g1_i1.p1,-0.316293782271507
TRINITY_DN2996_c0_g2_i2.p1,0.468943551540589
TRINITY_DN11004_c11_g1_i1.p1,1.42401001883575
TRINITY_DN24928_c0_g1_i2.p1,-0.910303813865838
TRINITY_DN15004_c0_g1_i1.p1,-0.407942411943884
TRINITY_DN63383_c0_g1_i2.p1,1.20934630865847
TRINITY_DN13557_c0_g1_i1.p1,-0.483521413273449
TRINITY_DN1898_c1_g1_i1.p1,1.01242222429557
TRINITY_DN8096_c0_g1_i1.p1,0.284209857598257
TRINITY_DN10033_c0_g1_i1.p1,-0.380734146127994
TRINITY_DN1352_c0_g1_i9.p1,-1.164489247011
TRINITY_DN10722_c0_g1_i1.p1,0.411084122261509
TRINITY_DN34554_c0_g1_i8.p1,1.44776259375391
TRINITY_DN2153_c0_g1_i5.p1,0.278639159048905
TRINITY_DN383_c0_g1_i6.p1,-0.380802254045885
TRINITY_DN2947_c0_g3_i1.p1,-0.476243134261419
TRINITY_DN4528_c4_g1_i2.p1,0.336833617138761
TRINITY_DN27129_c0_g1_i1.p1,-0.689890094117024
TRINITY_DN19276_c1_g1_i9.p1,-1.02288048915047
TRINITY_DN20079_c6_g1_i1.p1,0.430981435392843
TRINITY_DN303_c0_g1_i57.p1,0.922780954273883
TRINITY_DN45957_c0_g1_i2.p1,-0.772403918695883
TRINITY_DN7749_c1_g1_i1.p1,-0.667098446869879
TRINITY_DN8535_c0_g1_i1.p1,-0.719085439374499
TRINITY_DN9403_c0_g2_i1.p1,-0.628790850058823
TRINITY_DN17423_c0_g1_i1.p1,-0.865561143459656
TRINITY_DN214_c0_g1_i3.p1,-1.05096778126243
TRINITY_DN9320_c0_g2_i1.p1,0.561956560365183
TRINITY_DN1231_c0_g1_i2.p1,0.378081567702871
TRINITY_DN1168_c0_g1_i2.p1,0.559685564252608
TRINITY_DN15371_c0_g1_i1.p1,0.465117907745543
TRINITY_DN2207_c0_g1_i1.p1,-0.858962233065521
TRINITY_DN280_c0_g1_i10.p1,-0.910213712188264
TRINITY_DN44364_c0_g1_i1.p1,-0.879161381092687
TRINITY_DN501_c4_g1_i15.p1,0.406338091430873
TRINITY_DN6909_c0_g1_i1.p1,0.262830862600245
TRINITY_DN4192_c7_g1_i1.p1,-0.347904380884817
TRINITY_DN17957_c1_g1_i3.p1,-0.444911974898847
TRINITY_DN3239_c0_g2_i1.p1,0.518561706788456
TRINITY_DN146774_c0_g1_i1.p1,-1.28392847933618
TRINITY_DN180598_c0_g1_i1.p1,-0.346770961910634
TRINITY_DN2089_c0_g1_i26.p2,-0.997935849602224
TRINITY_DN24925_c0_g2_i2.p1,-1.29512257049927
TRINITY_DN37262_c0_g1_i2.p1,0.481207576566083
TRINITY_DN4190_c0_g1_i1.p1,-0.406645668286853
TRINITY_DN4476_c0_g1_i1.p2,-2.11969154272333
TRINITY_DN47923_c1_g1_i2.p1,-1.59178587536335
TRINITY_DN54725_c0_g1_i3.p1,-0.49531981451724
TRINITY_DN651_c2_g1_i3.p1,-0.375973050209617
TRINITY_DN772_c0_g1_i8.p1,-1.45208130630825
TRINITY_DN531_c0_g2_i8.p1,-0.820564268085141
TRINITY_DN65606_c2_g2_i1.p1,-0.58123416078898
TRINITY_DN1587_c0_g1_i3.p1,1.48962515524985
TRINITY_DN17855_c0_g1_i2.p1,0.828700071014181
TRINITY_DN13516_c0_g1_i1.p1,1.04669390636269
TRINITY_DN144785_c0_g1_i1.p1,0.218969688325489
TRINITY_DN1073_c0_g1_i3.p1,-0.217382758327363
TRINITY_DN12419_c0_g1_i1.p1,0.209072957369455
TRINITY_DN1715_c0_g1_i12.p1,-0.894303258690254
TRINITY_DN31224_c0_g1_i1.p1,-0.751802585735363
TRINITY_DN25094_c0_g1_i2.p1,-0.825914806877416
TRINITY_DN71669_c0_g2_i2.p1,-1.24123451802276
TRINITY_DN19574_c1_g1_i2.p1,-0.327728712129101
TRINITY_DN12078_c0_g1_i1.p1,-0.528065723777385
TRINITY_DN30230_c0_g1_i1.p1,-0.634204782772994
TRINITY_DN40647_c0_g1_i1.p1,-0.961091405492424
TRINITY_DN9292_c0_g1_i1.p1,-0.356230465499714
TRINITY_DN9913_c0_g2_i2.p1,-1.61778633970215
TRINITY_DN679_c1_g2_i1.p1,-0.452809463448829
TRINITY_DN3958_c0_g2_i1.p1,-2.48289727998585
TRINITY_DN30711_c0_g1_i2.p1,-0.668723662452378
TRINITY_DN38916_c1_g1_i2.p1,-1.21984425024817
TRINITY_DN12419_c0_g2_i1.p1,0.254073735931531
TRINITY_DN44114_c0_g1_i2.p1,-0.296396812769128
TRINITY_DN112573_c0_g1_i1.p1,0.294818061906676
TRINITY_DN124_c0_g1_i45.p1,-1.85249038941838
TRINITY_DN145499_c0_g1_i1.p1,0.304118515237433
TRINITY_DN24832_c0_g1_i3.p1,0.347853831099289
TRINITY_DN68188_c0_g1_i1.p1,1.27210058583305
TRINITY_DN3545_c0_g2_i1.p1,-0.433402865138211
TRINITY_DN128571_c0_g1_i1.p1,-0.64547068396844
TRINITY_DN49126_c0_g1_i1.p1,-2.31434825508613
TRINITY_DN6180_c0_g2_i4.p1,-1.99698595465566
TRINITY_DN9307_c0_g2_i1.p1,-0.58485052187801
TRINITY_DN21464_c0_g1_i2.p1,0.402025098144088
TRINITY_DN3281_c7_g1_i1.p1,-0.672464942281479
TRINITY_DN12231_c4_g1_i1.p1,0.428879846189699
TRINITY_DN1875_c0_g1_i4.p1,0.33475658854655
TRINITY_DN27766_c0_g1_i1.p1,0.251744851359978
TRINITY_DN8094_c2_g1_i1.p1,-1.045191959661
TRINITY_DN95857_c0_g1_i1.p1,-0.584732073090729
TRINITY_DN10348_c0_g1_i3.p1,0.924261425660312
TRINITY_DN11401_c0_g1_i1.p1,-0.333645352777983
TRINITY_DN13672_c0_g2_i1.p1,0.364825406941125
TRINITY_DN33145_c0_g1_i8.p1,0.349053441066947
TRINITY_DN4793_c1_g1_i2.p1,-1.08851004039128
TRINITY_DN5056_c0_g1_i1.p1,0.426086411204273
TRINITY_DN6942_c0_g2_i2.p1,0.570457407606809
TRINITY_DN184088_c0_g1_i1.p1,-1.51714911215913
TRINITY_DN1506_c0_g2_i1.p1,0.49394996695041
TRINITY_DN183_c1_g1_i1.p1,-0.794863356076804
TRINITY_DN177713_c0_g1_i1.p1,-0.538468344948022
TRINITY_DN49209_c0_g2_i1.p1,-0.646728617139099
TRINITY_DN11052_c0_g1_i1.p1,-0.400079296106554
TRINITY_DN20728_c0_g1_i1.p1,0.26184086507106
TRINITY_DN49650_c0_g1_i1.p1,1.07948350389828
TRINITY_DN11878_c0_g1_i3.p1,-0.282106495386152
TRINITY_DN53_c6_g1_i1.p1,-0.560377848350919
TRINITY_DN2360_c0_g1_i1.p1,-0.484090602571093
TRINITY_DN28541_c0_g2_i1.p1,1.7035207687206
TRINITY_DN24465_c0_g1_i2.p1,-0.400522746873521
TRINITY_DN36495_c7_g1_i1.p1,-0.448486152417937
TRINITY_DN1917_c22_g1_i1.p1,0.395693638604968
TRINITY_DN35745_c0_g1_i2.p1,-0.434681673274933
TRINITY_DN3834_c0_g1_i1.p1,-1.20449570799235
TRINITY_DN6988_c0_g1_i7.p1,0.284962321964951
TRINITY_DN8198_c0_g4_i4.p1,-0.272115064139848
TRINITY_DN9128_c0_g1_i3.p1,-1.13651476821172
TRINITY_DN13216_c1_g3_i1.p1,0.606594651869093
TRINITY_DN9114_c0_g1_i9.p1,0.714981729226739
TRINITY_DN29603_c0_g1_i1.p1,-0.485785036556082
TRINITY_DN41582_c0_g1_i1.p1,-1.68072465297539
TRINITY_DN71568_c1_g1_i1.p1,-2.10669619040083
TRINITY_DN12272_c0_g2_i3.p1,-0.510455867987972
TRINITY_DN640_c0_g1_i6.p1,0.622907405949078
TRINITY_DN1628_c0_g2_i1.p1,-0.312165626721762
TRINITY_DN57782_c0_g1_i1.p1,-1.21128611861973
TRINITY_DN34_c0_g1_i3.p1,-1.12865783834104
TRINITY_DN11158_c0_g1_i6.p1,0.305892901335533
TRINITY_DN1614_c55_g1_i1.p1,0.442737410626409
TRINITY_DN1346_c0_g1_i16.p1,-2.32113965648138
TRINITY_DN353_c2_g2_i2.p1,0.229065936646005
TRINITY_DN12831_c0_g1_i1.p2,0.412284904072226
TRINITY_DN1472_c1_g1_i1.p1,-0.842182157723777
TRINITY_DN15505_c0_g1_i2.p1,0.506448586734967
TRINITY_DN23425_c0_g1_i1.p1,-0.329204485477945
TRINITY_DN15472_c0_g2_i4.p1,-0.714557313177924
TRINITY_DN2047_c1_g1_i3.p1,0.270069677387943
TRINITY_DN390_c0_g1_i5.p1,-1.6883850457027
TRINITY_DN16603_c0_g1_i6.p1,-0.642495666026529
TRINITY_DN2441_c3_g1_i2.p1,-0.503153296954071
TRINITY_DN37194_c0_g1_i1.p1,0.395636091949963
TRINITY_DN4267_c0_g1_i2.p1,0.257498535390195
TRINITY_DN1649_c1_g1_i1.p1,0.68202142910528
TRINITY_DN1382_c11_g1_i1.p1,0.507888661419251
TRINITY_DN32856_c0_g1_i38.p1,-0.504545839459807
TRINITY_DN6320_c0_g1_i3.p1,-0.624937068544429
TRINITY_DN11003_c1_g1_i1.p1,-0.465082470394181
TRINITY_DN19384_c1_g2_i6.p1,-0.801748646341671
TRINITY_DN19711_c0_g1_i1.p1,-0.918057950070632
TRINITY_DN226_c0_g1_i21.p1,-0.764870107922362
TRINITY_DN524_c2_g1_i1.p1,1.07553967006595
TRINITY_DN9029_c0_g1_i1.p1,-0.344640063325164
TRINITY_DN21049_c0_g1_i1.p1,0.343492275025171
TRINITY_DN24176_c0_g1_i1.p1,-1.19601026475019
TRINITY_DN613_c0_g1_i8.p1,-0.496038692933602
TRINITY_DN6158_c1_g1_i3.p1,-0.481486501667853
TRINITY_DN88059_c0_g1_i2.p1,-1.68247047466346
TRINITY_DN13865_c1_g2_i1.p1,0.478085240307582
TRINITY_DN14607_c0_g1_i1.p1,-2.36426774662302
TRINITY_DN3206_c0_g1_i1.p1,0.205298139354467
TRINITY_DN66284_c0_g1_i6.p1,0.416964271981163
TRINITY_DN7351_c0_g1_i1.p1,-0.353575486460894
TRINITY_DN1392_c0_g1_i3.p1,-1.6724095964087
TRINITY_DN82_c0_g1_i1.p1,-0.27488373944542
TRINITY_DN12060_c0_g1_i2.p1,0.521399302934474
TRINITY_DN26248_c0_g1_i9.p1,0.916324635531849
TRINITY_DN10322_c0_g2_i4.p1,0.384939604631477
TRINITY_DN1090_c0_g1_i5.p1,1.85942154774115
TRINITY_DN1315_c1_g1_i5.p1,1.21566864099102
TRINITY_DN16467_c0_g1_i2.p1,-0.28793757665734
TRINITY_DN9140_c2_g1_i2.p1,-0.863789673875685
TRINITY_DN5804_c0_g1_i1.p1,-0.305616563351492
TRINITY_DN24265_c0_g1_i1.p1,-0.226988467727883
TRINITY_DN34249_c0_g1_i1.p1,-1.81453950528111
TRINITY_DN7517_c0_g1_i2.p1,-0.72467819291638
TRINITY_DN1589_c1_g1_i5.p1,0.803544587529363
TRINITY_DN35901_c1_g1_i5.p1,-1.22069967235164
TRINITY_DN2222_c0_g1_i1.p1,-0.375270014359837
TRINITY_DN181049_c0_g1_i1.p1,0.309000102067989
TRINITY_DN2148_c0_g1_i4.p1,-1.09681921722185
TRINITY_DN7440_c0_g1_i1.p1,-0.896273518905842
TRINITY_DN10348_c0_g1_i1.p1,0.92751998757079
TRINITY_DN1213_c1_g1_i58.p1,-0.588279302675262
TRINITY_DN1370_c0_g1_i1.p1,-0.337156283218875
TRINITY_DN2246_c0_g1_i2.p1,-1.02611934895934
TRINITY_DN2253_c0_g1_i1.p1,-0.454780710911105
TRINITY_DN7196_c0_g1_i2.p1,0.401650926642242
TRINITY_DN8903_c0_g1_i1.p1,0.380228394925152
TRINITY_DN4515_c0_g1_i1.p1,0.677659108939144
TRINITY_DN1344_c0_g1_i3.p1,0.877832503654813
TRINITY_DN2159_c0_g1_i1.p1,0.372769222487778
TRINITY_DN23553_c0_g1_i1.p1,-1.15679228819118
TRINITY_DN6036_c0_g1_i1.p1,0.328060675574187
TRINITY_DN114_c0_g2_i1.p1,-1.12841666548138
TRINITY_DN390_c0_g1_i12.p1,-1.20811393975512
TRINITY_DN456_c0_g1_i3.p1,1.23991248424071
TRINITY_DN5217_c0_g1_i2.p1,-0.938673081179911
TRINITY_DN681_c1_g1_i6.p1,0.726203182297711
TRINITY_DN7441_c0_g1_i1.p1,-0.539166718774063
TRINITY_DN11635_c0_g1_i7.p1,0.589939576007196
TRINITY_DN17179_c0_g1_i1.p1,0.523554408489953
TRINITY_DN1835_c1_g2_i4.p1,-0.896519242398922
TRINITY_DN2006_c0_g1_i84.p1,1.80286921287604
TRINITY_DN2570_c0_g1_i1.p1,0.495679343232427
TRINITY_DN33969_c0_g2_i1.p1,-0.61620493370686
TRINITY_DN3526_c0_g1_i21.p1,-0.844741773484017
TRINITY_DN4493_c3_g2_i2.p1,-0.393165227408101
TRINITY_DN483_c0_g1_i18.p1,-1.03950411726843
TRINITY_DN5164_c0_g1_i7.p1,-0.754192324545674
TRINITY_DN6720_c2_g1_i2.p1,0.437153986539943
TRINITY_DN730_c0_g1_i51.p1,0.919593807463492
TRINITY_DN8795_c0_g1_i2.p1,0.316216943549818
TRINITY_DN90529_c0_g2_i1.p1,0.357908087726871
TRINITY_DN95957_c0_g1_i1.p1,-1.12398582949404
TRINITY_DN97202_c0_g1_i1.p1,-0.244475752254726
TRINITY_DN10841_c0_g1_i1.p1,0.48679519151664
TRINITY_DN15794_c0_g1_i1.p1,0.261487063461321
TRINITY_DN301_c0_g1_i3.p1,0.581754727364242
TRINITY_DN15846_c0_g1_i1.p1,-0.420357736428529
TRINITY_DN22811_c0_g1_i4.p1,-0.769706231356492
TRINITY_DN24341_c0_g1_i5.p1,-0.725659948967273
TRINITY_DN2935_c0_g1_i4.p1,0.480224444574531
TRINITY_DN542_c0_g4_i1.p1,-0.437690520677554
TRINITY_DN13638_c0_g1_i1.p1,-0.997733430106967
TRINITY_DN19332_c1_g1_i13.p1,1.16272947689457
TRINITY_DN20078_c0_g1_i6.p1,0.385723393092961
TRINITY_DN2091_c3_g1_i2.p1,0.300462212688519
TRINITY_DN7844_c0_g1_i1.p1,-0.280905325617412
TRINITY_DN483_c0_g1_i11.p1,-0.675482606229379
TRINITY_DN6624_c0_g1_i3.p1,-0.382116211146892
TRINITY_DN77213_c0_g2_i1.p1,-0.988592586136634
TRINITY_DN40029_c0_g1_i1.p1,0.790164458553494
TRINITY_DN5275_c0_g2_i2.p1,0.423927338481459
TRINITY_DN1015_c11_g1_i1.p1,-1.38426062281473
TRINITY_DN6563_c1_g2_i6.p1,-1.64458298752404
TRINITY_DN3323_c2_g2_i1.p1,0.296919562319867
TRINITY_DN15927_c0_g1_i1.p1,-0.420384029454177
TRINITY_DN2264_c0_g1_i1.p1,0.308529777770774
TRINITY_DN5493_c0_g1_i3.p1,-0.847688108658516
TRINITY_DN451_c0_g1_i3.p1,0.739493443884778
TRINITY_DN50818_c0_g2_i10.p1,0.568538703310773
TRINITY_DN12481_c0_g1_i1.p1,-0.240596615982409
TRINITY_DN17285_c0_g1_i3.p1,-0.491015292500124
TRINITY_DN5975_c0_g2_i2.p1,0.799425974572894
TRINITY_DN274_c1_g1_i9.p1,0.275612269170632
TRINITY_DN1800_c0_g1_i3.p1,-0.198839388960032
TRINITY_DN6322_c0_g1_i1.p1,-1.55278983111464
TRINITY_DN9081_c0_g1_i3.p1,-0.469852739365001
TRINITY_DN145080_c0_g1_i1.p1,-0.431054639412282
TRINITY_DN5913_c0_g1_i1.p1,-0.68440182722138
TRINITY_DN16347_c0_g1_i1.p1,1.26949037127153
TRINITY_DN6848_c1_g2_i1.p1,-0.287829962760401
TRINITY_DN9274_c0_g1_i1.p1,0.238631442778847
TRINITY_DN6861_c1_g2_i1.p1,-0.608065575567133
TRINITY_DN19524_c0_g1_i1.p1,0.292001940181462
TRINITY_DN20985_c0_g1_i2.p1,-1.16104287353554
TRINITY_DN3980_c0_g1_i12.p1,-0.630193810520378
TRINITY_DN697_c0_g1_i1.p1,-0.166271668582626
TRINITY_DN863_c0_g1_i4.p1,-1.35476608696001
TRINITY_DN10781_c0_g1_i1.p1,0.266212307168967
TRINITY_DN5177_c0_g1_i1.p1,0.470347877998079
TRINITY_DN5304_c0_g1_i11.p1,-0.746229066892335
TRINITY_DN96439_c0_g1_i1.p1,-0.460236686389738
TRINITY_DN226_c0_g1_i29.p1,-0.997565501512098
TRINITY_DN5283_c0_g1_i3.p1,-0.95878979474085
TRINITY_DN7253_c4_g1_i4.p1,-1.1129068429106
TRINITY_DN31173_c0_g1_i3.p1,-0.749888903711951
TRINITY_DN13458_c6_g1_i1.p1,-1.26525352229595
TRINITY_DN26715_c0_g1_i1.p1,-0.347853293480033
TRINITY_DN36545_c0_g3_i1.p1,-0.455227781302934
TRINITY_DN15832_c0_g1_i1.p1,-0.304208973936379
TRINITY_DN178290_c0_g1_i1.p1,-0.345745620786641
TRINITY_DN2376_c0_g2_i3.p1,0.544527370091701
TRINITY_DN48476_c0_g1_i1.p1,0.884038607683343
TRINITY_DN6337_c0_g1_i1.p1,-1.04187846731667
TRINITY_DN872_c7_g1_i1.p1,-0.569391630322288
TRINITY_DN1510_c0_g1_i4.p1,0.436028053221466
TRINITY_DN20297_c0_g1_i1.p1,-0.766210517442613
TRINITY_DN32005_c0_g1_i20.p1,-1.37432132335597
TRINITY_DN4884_c0_g1_i19.p1,-1.01644132098455
TRINITY_DN8080_c0_g1_i2.p1,-0.270752756511626
TRINITY_DN6098_c1_g1_i3.p1,0.271316989433242
TRINITY_DN2507_c1_g1_i3.p1,-0.78054413416378
TRINITY_DN5614_c0_g1_i5.p1,-0.490267490274411
TRINITY_DN6563_c0_g1_i3.p1,0.705605569945238
TRINITY_DN843_c0_g1_i14.p1,0.279079575070511
TRINITY_DN95899_c0_g1_i1.p1,-0.447127195292539
TRINITY_DN2538_c0_g1_i5.p1,0.640314868590492
TRINITY_DN11238_c1_g1_i1.p1,0.397942757173158
TRINITY_DN11735_c0_g1_i11.p1,0.729646322493339
TRINITY_DN51_c2_g2_i1.p1,0.337199025978608
TRINITY_DN1129_c2_g1_i11.p1,-0.826591180938625
TRINITY_DN11693_c0_g1_i1.p1,-0.32729210550097
TRINITY_DN1898_c1_g1_i12.p1,0.85560791131664
TRINITY_DN71837_c0_g1_i1.p1,-0.682300337353883
TRINITY_DN1564_c0_g1_i12.p1,0.572400881358881
TRINITY_DN1800_c0_g2_i1.p1,-0.502295094565634
TRINITY_DN4330_c0_g1_i1.p1,0.404018405103571
TRINITY_DN12577_c0_g1_i1.p1,-0.852943482243522
TRINITY_DN452_c0_g1_i4.p1,0.777932929039138
TRINITY_DN12975_c0_g1_i1.p1,1.05277280793026
TRINITY_DN3921_c0_g1_i10.p1,-0.945269832594598
TRINITY_DN8015_c0_g1_i1.p1,0.48904803910522
TRINITY_DN26492_c0_g1_i1.p1,-0.720629936816515
TRINITY_DN84921_c0_g1_i1.p1,-0.554303558224731
TRINITY_DN345_c0_g1_i1.p1,0.254262473217685
TRINITY_DN14352_c0_g1_i1.p1,0.382661973127096
TRINITY_DN1672_c1_g4_i1.p1,-0.462151271827197
TRINITY_DN58119_c1_g1_i1.p1,-0.406402152408602
TRINITY_DN162903_c0_g1_i1.p1,0.367787938828849
TRINITY_DN4070_c0_g2_i1.p1,0.342956617911257
TRINITY_DN16418_c0_g1_i2.p1,-0.990731082828675
TRINITY_DN2884_c4_g1_i1.p1,-0.757008971053148
TRINITY_DN2943_c0_g2_i6.p1,-0.585985315513874
TRINITY_DN9630_c2_g1_i1.p1,0.658068550540971
TRINITY_DN31212_c0_g1_i1.p1,-0.455996644866963
TRINITY_DN4292_c2_g2_i1.p1,-0.394685729639473
TRINITY_DN9104_c0_g1_i2.p1,-0.2002477701116
TRINITY_DN10974_c0_g1_i1.p1,-0.367886402646626
TRINITY_DN2935_c0_g1_i8.p1,0.506217978924378
TRINITY_DN12068_c0_g1_i1.p1,0.400628401243279
TRINITY_DN17688_c0_g1_i1.p1,0.259199757973361
TRINITY_DN11895_c2_g1_i1.p1,0.577547605878379
TRINITY_DN5318_c0_g1_i9.p2,0.44839495532002
TRINITY_DN9563_c0_g1_i9.p1,-0.595302444373873
TRINITY_DN5185_c7_g1_i1.p1,-0.452653021306493
TRINITY_DN38041_c0_g2_i3.p1,0.866255582863795
TRINITY_DN14019_c0_g1_i3.p1,0.723125402723859
TRINITY_DN16181_c0_g1_i2.p1,-0.322418031152337
TRINITY_DN35893_c0_g3_i1.p1,-0.574818228461985
TRINITY_DN745_c0_g1_i15.p1,-0.853962635373473
TRINITY_DN24628_c0_g1_i6.p1,0.440447321148554
TRINITY_DN2495_c0_g1_i3.p1,0.364232216606266
TRINITY_DN12567_c0_g1_i1.p1,0.704383913570311
TRINITY_DN15858_c1_g1_i1.p1,-0.220575360924997
TRINITY_DN4296_c0_g3_i7.p1,-1.55424873278868
TRINITY_DN2610_c1_g1_i12.p1,-0.832942619675942
TRINITY_DN5823_c0_g1_i5.p1,0.454084154224097
TRINITY_DN3071_c0_g1_i1.p1,0.321539368964357
TRINITY_DN5770_c0_g3_i1.p1,-0.408288108614404
TRINITY_DN38039_c0_g1_i1.p1,0.894719460462495
TRINITY_DN2117_c0_g1_i1.p1,-1.1355527870903
TRINITY_DN1765_c4_g1_i1.p1,0.524972451630374
TRINITY_DN22881_c0_g1_i2.p1,-0.90491721403593
TRINITY_DN26768_c0_g1_i16.p1,0.426278190406303
TRINITY_DN3680_c0_g1_i2.p1,-0.887144088974817
TRINITY_DN6201_c0_g1_i1.p1,-0.551266362969957
TRINITY_DN33780_c0_g1_i2.p1,-0.43884807257846
TRINITY_DN10064_c4_g1_i1.p1,0.270474113274023
TRINITY_DN112_c0_g3_i1.p1,-0.445011794390642
TRINITY_DN146263_c0_g1_i1.p1,0.72969875364376
TRINITY_DN151_c0_g2_i4.p1,-0.864929904775116
TRINITY_DN177780_c0_g1_i1.p1,-0.413778474585433
TRINITY_DN24345_c0_g1_i1.p1,0.400102075967147
TRINITY_DN3470_c0_g1_i2.p1,-0.561414615156902
TRINITY_DN3959_c0_g1_i2.p1,0.359384040904549
TRINITY_DN11882_c0_g1_i3.p1,1.16765861218849
TRINITY_DN28790_c0_g2_i13.p1,-0.509048904001237
TRINITY_DN9789_c0_g1_i1.p1,-2.08093521746832
TRINITY_DN5621_c0_g1_i3.p1,0.806852048687573
TRINITY_DN1911_c2_g1_i1.p1,-0.473872988588193
TRINITY_DN113711_c0_g1_i2.p1,-0.826734484236879
TRINITY_DN2682_c0_g1_i1.p1,-0.562242857984626
TRINITY_DN1018_c1_g4_i2.p1,0.849457462595199
TRINITY_DN11418_c0_g1_i1.p1,-0.431525809058459
TRINITY_DN25717_c0_g1_i1.p1,-0.605299097188493
TRINITY_DN4630_c0_g1_i1.p1,-1.94177609157441
TRINITY_DN11127_c0_g1_i20.p1,-0.496300695575452
TRINITY_DN26782_c0_g1_i1.p1,0.385586595368103
TRINITY_DN4199_c0_g1_i1.p1,0.283728260754542
TRINITY_DN5180_c0_g1_i3.p1,-1.26124484996581
TRINITY_DN825_c0_g1_i15.p1,0.470069707323586
TRINITY_DN145117_c0_g1_i1.p1,-0.587818059477152
TRINITY_DN19300_c0_g1_i1.p1,-1.14768779674413
TRINITY_DN13904_c0_g2_i4.p1,-0.946305699671738
TRINITY_DN2460_c0_g1_i14.p1,0.907176931765814
TRINITY_DN2971_c0_g1_i1.p1,-0.461929122531551
TRINITY_DN446_c0_g1_i2.p1,-0.960051663358382
TRINITY_DN4833_c0_g1_i2.p1,0.499986058710929
TRINITY_DN12727_c0_g1_i5.p1,0.960568681678622
TRINITY_DN19768_c0_g1_i40.p1,1.14194832262718
TRINITY_DN5308_c0_g1_i1.p1,0.213514519189251
TRINITY_DN124_c0_g1_i38.p1,-1.24825791630435
TRINITY_DN19528_c0_g1_i6.p1,0.977864182690426
TRINITY_DN2782_c0_g1_i5.p1,0.429748789336046
TRINITY_DN44079_c0_g1_i11.p1,-0.477535799946778
TRINITY_DN25772_c0_g1_i9.p1,0.800764401467579
TRINITY_DN2676_c0_g1_i4.p1,0.26120536638442
TRINITY_DN15856_c0_g1_i2.p1,-0.742902518478351
TRINITY_DN41875_c1_g1_i2.p1,-1.16903509840499
TRINITY_DN7434_c0_g1_i5.p1,1.16222841212359
TRINITY_DN24554_c0_g1_i1.p1,-0.494021365864393
TRINITY_DN1815_c0_g1_i2.p1,0.408857176559386
TRINITY_DN29_c3_g1_i1.p1,-0.330987710838875
TRINITY_DN124_c0_g1_i28.p1,-1.71826533184152
TRINITY_DN8025_c0_g1_i1.p1,0.505476950492227
TRINITY_DN1430_c0_g1_i19.p1,-0.28383115896444
TRINITY_DN21507_c0_g1_i1.p1,0.369381332480877
TRINITY_DN3561_c0_g1_i1.p1,1.19226825523126
TRINITY_DN13114_c0_g1_i1.p1,-0.956056618605138
TRINITY_DN4029_c3_g1_i10.p1,-0.975981121490645
TRINITY_DN10741_c0_g1_i45.p1,-0.724347713544503
TRINITY_DN26880_c0_g1_i4.p1,-0.630782518964018
TRINITY_DN2994_c0_g1_i1.p1,-0.695490086910153
TRINITY_DN3137_c0_g1_i2.p1,-0.799492572229967
TRINITY_DN7475_c1_g1_i4.p1,-0.513542241138459
TRINITY_DN104629_c0_g1_i1.p1,0.371399999264935
TRINITY_DN1977_c0_g1_i1.p1,0.325689198224514
TRINITY_DN12611_c0_g1_i2.p1,0.340007657781438
TRINITY_DN520_c12_g1_i1.p1,-0.248906740162201
TRINITY_DN317_c0_g2_i8.p1,-0.666923624109612
TRINITY_DN883_c0_g1_i1.p1,-0.598531801000825
TRINITY_DN169147_c0_g1_i1.p1,2.41943916778692
TRINITY_DN4475_c1_g1_i3.p1,-1.07682582334222
TRINITY_DN770_c0_g1_i14.p1,0.821526499375473
TRINITY_DN49424_c0_g2_i3.p1,-0.455751251026071
TRINITY_DN9407_c0_g1_i6.p1,-0.739604458729136
TRINITY_DN261_c0_g1_i2.p1,0.261165881541756
TRINITY_DN2682_c0_g1_i3.p1,-0.497645366995026
TRINITY_DN512_c0_g2_i1.p1,-0.843750961862234
TRINITY_DN5422_c0_g1_i2.p1,0.531838617426989
TRINITY_DN1898_c1_g1_i10.p1,0.379041855481649
TRINITY_DN9128_c0_g1_i11.p1,-0.925509688673653
TRINITY_DN3025_c3_g1_i1.p1,-0.616134757601422
TRINITY_DN12012_c0_g1_i20.p1,-0.603655178493929
TRINITY_DN7199_c0_g1_i1.p1,-1.30647726072493
TRINITY_DN2664_c0_g1_i4.p1,-0.313619592198726
TRINITY_DN6337_c1_g1_i1.p1,1.17257689227328
TRINITY_DN23616_c0_g1_i1.p1,0.332146221368616
TRINITY_DN10938_c0_g1_i1.p1,0.667891904810067
TRINITY_DN3695_c0_g3_i1.p1,0.303958815257096
TRINITY_DN37465_c0_g1_i1.p1,-0.359970685105291
TRINITY_DN13446_c0_g2_i10.p1,1.14604588811513
TRINITY_DN58324_c0_g1_i2.p1,0.78467157546387
TRINITY_DN9394_c0_g1_i1.p1,-0.38802449033339
TRINITY_DN20012_c0_g1_i6.p1,-0.741838605821883
TRINITY_DN25434_c0_g2_i1.p1,-1.46610491809034
TRINITY_DN30568_c0_g1_i2.p1,0.725876907617705
TRINITY_DN11437_c0_g1_i1.p1,-0.526484485766805
TRINITY_DN6350_c0_g1_i1.p1,1.27273088697928
TRINITY_DN7863_c0_g1_i1.p1,-0.254997639031635
TRINITY_DN811_c0_g1_i4.p1,1.05481450520181
TRINITY_DN11258_c0_g3_i2.p1,-0.720963874545197
TRINITY_DN116772_c0_g1_i1.p1,-0.346359247792594
TRINITY_DN1245_c0_g1_i6.p1,-1.56417024154403
TRINITY_DN32320_c0_g1_i4.p1,0.903678218493516
TRINITY_DN15694_c1_g1_i1.p1,-0.429500002072293
TRINITY_DN16138_c1_g1_i1.p1,-1.82383048260874
TRINITY_DN7336_c0_g1_i1.p1,-0.430014459707256
TRINITY_DN147_c0_g1_i24.p1,0.539208641220658
TRINITY_DN36352_c0_g1_i1.p1,0.235450615050904
TRINITY_DN2668_c0_g1_i1.p1,-0.290053404556779
TRINITY_DN5117_c0_g1_i3.p1,-0.544170060880435
TRINITY_DN13864_c0_g1_i1.p1,0.206548470123513
TRINITY_DN1628_c0_g1_i1.p1,-0.611333073680482
TRINITY_DN2199_c0_g1_i3.p1,-0.818352397983494
TRINITY_DN25865_c0_g3_i1.p1,-0.700015015998943
TRINITY_DN37803_c0_g1_i2.p1,-1.16413362589416
TRINITY_DN39340_c0_g1_i2.p1,-0.795861087602211
TRINITY_DN76654_c0_g3_i4.p1,0.409247805969745
TRINITY_DN86727_c0_g1_i1.p1,0.321841390140492
TRINITY_DN7320_c0_g1_i1.p1,0.428781103422761
TRINITY_DN25010_c0_g1_i6.p1,-0.45216093170297
TRINITY_DN564_c0_g1_i1.p1,0.77072148052974
TRINITY_DN8795_c0_g1_i1.p1,0.466613244461987
TRINITY_DN10397_c0_g1_i2.p1,1.86614991617105
TRINITY_DN11635_c0_g1_i4.p1,0.723877256526429
TRINITY_DN2904_c0_g1_i2.p1,-0.37290571307409
TRINITY_DN18653_c0_g1_i1.p1,-0.281725832155557
TRINITY_DN7194_c0_g2_i2.p1,-1.24639766387317
TRINITY_DN180852_c0_g1_i1.p1,1.37893289483737
TRINITY_DN1170_c0_g2_i6.p1,0.699451344436087
TRINITY_DN113152_c0_g1_i1.p1,0.266622009578817
TRINITY_DN2302_c0_g1_i25.p1,0.478479253736559
TRINITY_DN7022_c0_g1_i7.p1,0.600259480079686
TRINITY_DN9119_c0_g2_i1.p1,0.603533477420085
TRINITY_DN4875_c0_g2_i2.p1,-0.316397544355713
TRINITY_DN90754_c0_g2_i2.p1,-1.51527340930049
TRINITY_DN161621_c0_g1_i1.p1,0.300557237274008
TRINITY_DN565_c0_g1_i2.p1,-0.288040208099511
TRINITY_DN145822_c0_g1_i1.p1,-1.28152003076985
TRINITY_DN6292_c1_g1_i1.p1,0.486616507280504
TRINITY_DN14452_c0_g1_i7.p1,0.957762028889562
TRINITY_DN146615_c0_g1_i1.p1,-0.399398919360907
TRINITY_DN439_c0_g1_i63.p1,-0.957525734056676
TRINITY_DN6195_c0_g1_i6.p1,-0.622954298078077
TRINITY_DN48191_c0_g2_i1.p1,0.873982404829583
TRINITY_DN88_c5_g1_i1.p1,0.297958127233763
TRINITY_DN1181_c1_g1_i7.p1,-0.414950232839342
TRINITY_DN2499_c0_g1_i10.p1,-0.614418057763856
TRINITY_DN112199_c0_g1_i1.p1,-0.25311264306945
TRINITY_DN11635_c0_g1_i6.p1,1.5192715328911
TRINITY_DN5133_c1_g1_i18.p1,0.839278411834409
TRINITY_DN61961_c0_g1_i5.p1,-0.36903146793077
TRINITY_DN1410_c3_g1_i3.p1,-0.506223089170803
TRINITY_DN1027_c5_g4_i1.p1,0.389181992411928
TRINITY_DN2915_c0_g1_i2.p1,0.500903621892711
TRINITY_DN19915_c0_g1_i1.p1,0.798787345579365
TRINITY_DN21565_c1_g1_i1.p1,0.303738620804551
TRINITY_DN16081_c0_g2_i3.p1,-0.464217553071058
TRINITY_DN7072_c0_g1_i2.p1,-0.638646196034541
TRINITY_DN10404_c0_g1_i2.p1,0.531369572895802
TRINITY_DN12954_c2_g1_i11.p1,-1.10420446900883
TRINITY_DN1391_c0_g1_i1.p1,-0.569319106722962
TRINITY_DN17870_c0_g1_i2.p1,-0.643231807939831
TRINITY_DN12992_c0_g1_i2.p1,-0.441252319869728
TRINITY_DN8635_c0_g1_i2.p1,-0.382615097527772
TRINITY_DN2272_c0_g1_i8.p1,-1.7977563997039
TRINITY_DN25356_c0_g1_i3.p1,0.519763307117859
TRINITY_DN55_c4_g1_i12.p1,0.485277873826683
TRINITY_DN32845_c0_g1_i1.p1,0.455702415537013
TRINITY_DN77271_c0_g1_i1.p1,-0.741402121182584
TRINITY_DN17445_c1_g1_i1.p1,0.552895819200186
TRINITY_DN9849_c0_g2_i3.p1,-0.601590651253802
TRINITY_DN19154_c5_g1_i1.p1,0.191671699983234
TRINITY_DN2749_c2_g1_i1.p1,0.981034315633638
TRINITY_DN489_c6_g1_i1.p1,0.550602039329111
TRINITY_DN2996_c0_g1_i1.p1,-0.679533194937431
TRINITY_DN10449_c0_g2_i2.p1,-0.953115078338437
TRINITY_DN20778_c2_g1_i1.p1,1.16290830868773
TRINITY_DN22624_c0_g1_i4.p1,1.89411421564783
TRINITY_DN2285_c2_g3_i1.p1,0.399253850405849
TRINITY_DN456_c0_g1_i4.p1,1.07126352572866
TRINITY_DN96907_c0_g1_i1.p1,0.760142947911998
TRINITY_DN1360_c3_g1_i1.p1,0.494997737154608
TRINITY_DN15145_c0_g2_i1.p1,-0.250700621763863
TRINITY_DN4360_c0_g1_i7.p1,0.382084833291904
TRINITY_DN10789_c0_g1_i4.p1,0.879657861921013
TRINITY_DN2651_c1_g1_i1.p1,-0.235843647450537
TRINITY_DN14479_c0_g1_i1.p1,-0.209209488264988
TRINITY_DN16932_c0_g2_i1.p1,-0.590880998230574
TRINITY_DN34503_c0_g1_i8.p1,-0.65944148625082
TRINITY_DN146123_c0_g1_i1.p1,0.319489461472558
TRINITY_DN4739_c0_g1_i1.p1,-0.32528689976514
TRINITY_DN169_c7_g1_i2.p1,1.63017810260299
TRINITY_DN21769_c1_g1_i3.p1,0.250748156795392
TRINITY_DN33517_c0_g2_i3.p1,-0.653502877912269
TRINITY_DN588_c0_g1_i4.p1,0.566773428878674
TRINITY_DN7633_c0_g2_i1.p1,-6.22591409699844
TRINITY_DN547_c0_g1_i8.p1,-0.882129043247892
TRINITY_DN10749_c0_g1_i4.p1,-0.908735203820509
TRINITY_DN3919_c0_g2_i3.p1,-0.372483885164272
TRINITY_DN81_c1_g2_i1.p1,0.325507384591391
TRINITY_DN21322_c1_g2_i2.p1,0.522480035642656
TRINITY_DN4279_c0_g1_i3.p1,0.833159485153686
TRINITY_DN16262_c1_g1_i2.p1,-0.506314881057692
TRINITY_DN145165_c0_g1_i3.p1,-0.797223494834817
TRINITY_DN4329_c0_g1_i1.p1,0.433142013813419
TRINITY_DN1688_c0_g1_i11.p1,0.650929168163089
TRINITY_DN3314_c0_g1_i4.p1,-0.38876940188215
TRINITY_DN13917_c0_g1_i6.p1,0.426154215156497
TRINITY_DN702_c0_g1_i32.p1,1.03036938652939
TRINITY_DN2227_c0_g1_i1.p1,-0.749641414391367
TRINITY_DN50208_c0_g2_i1.p1,-0.993013644355248
TRINITY_DN22576_c0_g1_i3.p1,0.413308660151236
TRINITY_DN5375_c3_g1_i4.p1,-0.408184013642686
TRINITY_DN36976_c0_g1_i9.p1,-0.274197033795174
TRINITY_DN47228_c0_g3_i2.p1,0.431099744991986
TRINITY_DN178427_c0_g1_i1.p1,-0.316989044988436
TRINITY_DN72100_c0_g2_i1.p1,0.253734241972255
TRINITY_DN3652_c0_g1_i8.p1,0.47200571525956
TRINITY_DN4772_c1_g2_i16.p1,0.34527669165475
TRINITY_DN7448_c11_g1_i2.p1,0.278530713987155
TRINITY_DN31178_c0_g1_i5.p1,-0.753170269070593
TRINITY_DN6220_c0_g1_i8.p1,-0.366434414089727
TRINITY_DN8771_c0_g1_i1.p1,-0.313854928418549
TRINITY_DN1350_c0_g1_i4.p1,0.85842477396429
TRINITY_DN113696_c0_g1_i1.p1,1.23914773051322
TRINITY_DN132442_c0_g1_i1.p1,-0.397210582439971
TRINITY_DN13266_c0_g1_i3.p1,0.670491730902599
TRINITY_DN165433_c0_g1_i1.p1,0.274723932804064
TRINITY_DN37168_c0_g1_i1.p1,-0.402052426196545
TRINITY_DN4228_c0_g1_i1.p1,-0.382116500488282
TRINITY_DN7872_c1_g1_i4.p1,-1.31102882869902
TRINITY_DN22896_c0_g1_i2.p1,-1.06458249379198
TRINITY_DN3083_c0_g1_i7.p1,-0.434479526538698
TRINITY_DN846_c1_g1_i2.p1,0.257079482108877
TRINITY_DN939_c0_g1_i8.p1,0.783959387780363
TRINITY_DN4107_c0_g1_i1.p1,0.358403209322612
TRINITY_DN4819_c0_g1_i3.p1,1.0317891399072
TRINITY_DN55211_c1_g1_i4.p1,-0.771934309411466
TRINITY_DN1538_c0_g1_i2.p1,-0.591823154350145
TRINITY_DN1922_c0_g1_i12.p1,0.800306014919677
TRINITY_DN23_c14_g2_i1.p1,0.39334731588803
TRINITY_DN27361_c0_g1_i3.p1,0.549419287093145
TRINITY_DN43743_c0_g1_i1.p1,-0.992306260131552
TRINITY_DN11142_c0_g1_i4.p1,-0.690392978750938
TRINITY_DN12902_c1_g3_i1.p1,-0.637225556156408
TRINITY_DN18211_c0_g4_i2.p1,0.78662054412399
TRINITY_DN2615_c2_g1_i1.p1,-0.226893799836228
TRINITY_DN8647_c0_g2_i1.p1,-0.320216808931032
TRINITY_DN8965_c0_g1_i2.p1,-0.42978109124714
TRINITY_DN19572_c0_g2_i3.p1,-1.00042637055536
TRINITY_DN163507_c0_g1_i1.p1,0.297337879152904
TRINITY_DN11640_c0_g2_i7.p1,0.391605499914025
TRINITY_DN7783_c0_g1_i1.p1,0.913762533408485
TRINITY_DN2278_c17_g1_i1.p1,-0.199400756491778
TRINITY_DN23022_c0_g1_i1.p1,-0.459524765575576
TRINITY_DN6586_c1_g1_i2.p1,0.441466726953279
TRINITY_DN471_c0_g1_i5.p1,0.464890262817027
TRINITY_DN119495_c0_g1_i1.p1,-0.722540235392851
TRINITY_DN1392_c0_g1_i6.p1,-1.98613342862409
TRINITY_DN2275_c0_g1_i3.p2,0.570281360974213
TRINITY_DN5709_c0_g1_i20.p1,0.755769579789674
TRINITY_DN8467_c0_g1_i4.p1,0.556874755032602
TRINITY_DN27_c3_g1_i3.p1,-0.523662086561211
TRINITY_DN128651_c0_g1_i1.p1,-0.459285796079224
TRINITY_DN3763_c1_g1_i1.p1,-0.873862760011517
TRINITY_DN22049_c0_g1_i4.p1,-0.471719073692693
TRINITY_DN16032_c0_g1_i1.p1,-0.713605434586713
TRINITY_DN163_c0_g1_i3.p1,-0.47043339976309
TRINITY_DN82240_c0_g1_i9.p1,-0.536440953022344
TRINITY_DN1152_c0_g1_i2.p1,0.180979954258977
TRINITY_DN12189_c0_g1_i1.p1,0.305486334566467
TRINITY_DN47914_c2_g1_i2.p1,-0.637115506272939
TRINITY_DN42191_c0_g1_i1.p1,-0.231636517969035
TRINITY_DN10179_c0_g1_i10.p2,-0.989748544205521
TRINITY_DN1084_c0_g1_i6.p1,-0.22240732776391
TRINITY_DN2116_c0_g1_i3.p1,-0.550508233665864
TRINITY_DN2567_c0_g1_i1.p1,0.425241902059439
TRINITY_DN3250_c0_g1_i2.p1,0.456319039802311
TRINITY_DN4858_c0_g1_i25.p1,0.743292203275472
TRINITY_DN6194_c3_g1_i3.p1,-0.642142658938804
TRINITY_DN6267_c0_g2_i2.p1,0.253655952680516
TRINITY_DN10955_c0_g1_i1.p1,0.438302322033666
TRINITY_DN2390_c0_g3_i1.p1,-0.20176095468232
TRINITY_DN6088_c0_g1_i2.p1,0.803918765376839
TRINITY_DN2246_c0_g1_i4.p1,-0.363208039366381
TRINITY_DN8756_c0_g1_i3.p1,-0.542410933203322
TRINITY_DN20525_c0_g1_i5.p1,-0.914259904190557
TRINITY_DN22103_c0_g1_i1.p1,-0.235085543708818
TRINITY_DN29704_c0_g1_i2.p1,0.42542042482181
TRINITY_DN528_c1_g1_i1.p1,-0.411169579022699
TRINITY_DN9516_c0_g1_i2.p1,0.313014878944737
TRINITY_DN34_c0_g1_i2.p1,-1.00896163509812
TRINITY_DN1065_c0_g1_i10.p1,0.414380763639248
TRINITY_DN20866_c0_g1_i5.p1,-0.791238496506848
TRINITY_DN13020_c0_g1_i2.p1,-0.370462711218192
TRINITY_DN36797_c0_g1_i1.p1,-0.214180931961589
TRINITY_DN7817_c0_g1_i2.p1,0.466253580328435
TRINITY_DN11636_c0_g1_i3.p1,0.626262965736267
TRINITY_DN17582_c0_g1_i2.p1,0.285303605832602
TRINITY_DN19179_c0_g1_i1.p1,0.249996182455106
TRINITY_DN5208_c0_g1_i1.p1,0.467623244666675
TRINITY_DN13295_c0_g1_i3.p1,-0.178776007547191
TRINITY_DN6300_c4_g1_i1.p1,-0.24958493267162
TRINITY_DN161341_c0_g1_i1.p1,0.279043557453959
TRINITY_DN18971_c0_g1_i2.p1,-1.59706156519242
TRINITY_DN2475_c0_g1_i2.p1,-0.485801820689798
TRINITY_DN6925_c0_g1_i37.p1,-0.294463143872958
TRINITY_DN12902_c0_g1_i2.p1,0.487687381384364
TRINITY_DN32908_c2_g1_i1.p1,-1.25964115254146
TRINITY_DN24878_c0_g2_i1.p1,1.02998463969854
TRINITY_DN85197_c0_g1_i1.p1,-0.619407407723147
TRINITY_DN123_c0_g1_i10.p1,-0.889592290869266
TRINITY_DN61048_c3_g1_i1.p1,-0.441755751952393
TRINITY_DN17962_c0_g1_i1.p1,-0.704029693639415
TRINITY_DN8321_c0_g1_i2.p1,0.351160214279631
TRINITY_DN9114_c0_g2_i1.p1,0.513472508531851
TRINITY_DN605_c2_g1_i1.p1,0.789700496172148
TRINITY_DN47948_c0_g2_i4.p1,0.596262610591847
TRINITY_DN88711_c0_g1_i2.p1,-1.33092433317007
TRINITY_DN1352_c0_g1_i5.p1,-1.00836232028808
TRINITY_DN226_c0_g1_i50.p1,-0.930634298989026
TRINITY_DN31513_c0_g1_i2.p1,-0.2314948127084
TRINITY_DN24529_c0_g2_i3.p1,0.746258036192581
TRINITY_DN12721_c1_g1_i1.p1,0.319412568151031
TRINITY_DN10054_c1_g2_i2.p1,-0.863214917630888
TRINITY_DN501_c2_g3_i2.p1,0.420382658867287
TRINITY_DN5420_c0_g1_i1.p1,-0.368093006911321
TRINITY_DN2034_c1_g1_i1.p1,-0.210880326766987
TRINITY_DN181958_c0_g1_i1.p1,-1.93626995564611
TRINITY_DN562_c0_g1_i1.p1,-0.442358557163102
TRINITY_DN648_c3_g1_i2.p1,-0.490161121464422
TRINITY_DN3604_c0_g2_i8.p1,0.21435840333908
TRINITY_DN5332_c0_g1_i1.p1,0.346150743913233
TRINITY_DN657_c1_g1_i1.p1,0.295729965756588
TRINITY_DN26131_c0_g1_i2.p1,-0.353426780497627
TRINITY_DN18966_c1_g1_i1.p1,-0.349638731524124
TRINITY_DN47221_c1_g1_i4.p1,-0.72347263671176
TRINITY_DN5864_c0_g1_i1.p1,-0.354983803109634
TRINITY_DN66857_c0_g1_i1.p1,-0.322787158973025
TRINITY_DN16973_c0_g1_i1.p1,0.315256544281253
TRINITY_DN31_c0_g1_i2.p1,0.254117650102345
TRINITY_DN12792_c0_g1_i7.p1,0.805809304462829
TRINITY_DN13802_c2_g1_i1.p1,-1.73378841892763
TRINITY_DN3528_c0_g1_i11.p1,-1.24875877311553
TRINITY_DN112564_c0_g1_i1.p1,0.301779542981767
TRINITY_DN15636_c0_g1_i1.p1,-0.363751424455995
TRINITY_DN5826_c0_g1_i2.p1,-0.431543552285434
TRINITY_DN8288_c0_g1_i3.p1,-1.46922775125266
TRINITY_DN96381_c0_g1_i1.p1,0.213822297685384
TRINITY_DN16403_c0_g1_i1.p1,-0.205338045979383
TRINITY_DN6524_c0_g1_i1.p1,0.279465200963767
TRINITY_DN145005_c0_g1_i1.p1,0.160217808639002
TRINITY_DN30308_c0_g1_i1.p1,-0.458806907706622
TRINITY_DN41281_c0_g1_i5.p1,-0.355754932035011
TRINITY_DN43100_c0_g1_i1.p1,0.385670762971168
TRINITY_DN4494_c0_g1_i2.p1,-0.447035458036678
TRINITY_DN5552_c0_g1_i1.p1,0.252636222934943
TRINITY_DN2072_c0_g1_i3.p1,0.596391150097794
TRINITY_DN3471_c0_g1_i10.p1,-1.16101309028226
TRINITY_DN8106_c0_g2_i13.p1,0.843513391251375
TRINITY_DN4149_c0_g1_i2.p1,1.29631573389888
TRINITY_DN904_c5_g1_i1.p1,-0.402660409023612
TRINITY_DN38356_c2_g1_i1.p1,-0.505348621345407
TRINITY_DN34106_c0_g1_i1.p1,-1.17697162007831
TRINITY_DN9936_c0_g1_i6.p1,-0.422264058980129
TRINITY_DN2750_c1_g2_i1.p1,-1.11094459163477
TRINITY_DN69778_c0_g1_i1.p1,1.02865540623588
TRINITY_DN1010_c0_g1_i5.p1,0.322948819203289
TRINITY_DN1391_c0_g1_i3.p1,-0.429049748451038
TRINITY_DN24007_c0_g1_i2.p1,-1.09508847260228
TRINITY_DN27784_c0_g1_i12.p1,0.430362403674426
TRINITY_DN3652_c0_g1_i5.p1,0.740077594508446
TRINITY_DN432_c0_g2_i1.p1,-1.55288754945429
TRINITY_DN5597_c1_g1_i1.p1,0.312771595857608
TRINITY_DN14371_c0_g1_i2.p1,-0.615867828972252
TRINITY_DN14821_c0_g1_i1.p1,-1.00865054376027
TRINITY_DN1537_c0_g3_i1.p1,0.410240524990411
TRINITY_DN20203_c0_g1_i1.p1,0.340279375580902
TRINITY_DN25541_c0_g1_i1.p1,-0.474960551590316
TRINITY_DN7298_c0_g1_i1.p1,0.319762517548783
TRINITY_DN12327_c0_g2_i2.p1,-0.254733915606268
TRINITY_DN495_c0_g1_i8.p1,-0.685568555685283
TRINITY_DN44763_c0_g1_i1.p1,-0.704838009634945
TRINITY_DN1484_c12_g1_i1.p1,1.00343141830017
TRINITY_DN2979_c0_g1_i15.p1,-0.904501333196371
TRINITY_DN1854_c0_g1_i1.p1,0.526494603239565
TRINITY_DN2073_c2_g1_i1.p1,-0.440524769728482
TRINITY_DN1210_c2_g1_i1.p1,0.375685641777636
TRINITY_DN268_c1_g1_i4.p1,0.74724624031069
TRINITY_DN162627_c0_g1_i2.p1,-1.34702967019579
TRINITY_DN11186_c0_g1_i3.p1,-0.351096611755485
TRINITY_DN113145_c0_g1_i1.p1,-0.308090337662776
TRINITY_DN114245_c0_g1_i1.p1,-0.326635036505243
TRINITY_DN12438_c0_g1_i1.p1,-0.510289641761131
TRINITY_DN21709_c0_g1_i1.p1,-0.376919812476543
TRINITY_DN4047_c0_g1_i1.p1,0.547702991629002
TRINITY_DN456_c0_g1_i1.p1,0.571906778017522
TRINITY_DN61_c9_g1_i1.p1,-1.67658019399924
TRINITY_DN63908_c0_g1_i1.p1,2.27353626171789
TRINITY_DN8590_c2_g1_i1.p1,0.662145169283278
TRINITY_DN949_c2_g2_i1.p1,-0.449822141876561
TRINITY_DN3191_c1_g1_i1.p2,1.47526594521619
TRINITY_DN61783_c0_g1_i1.p1,-0.834810475020759
TRINITY_DN30955_c1_g2_i1.p1,0.288786205637012
TRINITY_DN65267_c0_g1_i4.p1,-1.10476318506024
TRINITY_DN8300_c0_g1_i2.p1,-0.46916297885023
TRINITY_DN2613_c1_g1_i20.p1,-1.098340071083
TRINITY_DN27011_c1_g2_i4.p1,0.766423633908899
TRINITY_DN28422_c0_g1_i1.p1,-0.639005690971561
TRINITY_DN29783_c0_g1_i2.p1,0.293136173251611
TRINITY_DN62066_c0_g1_i1.p1,0.333486104138484
TRINITY_DN6772_c0_g1_i2.p1,0.289499570036659
TRINITY_DN8637_c0_g1_i3.p1,-1.46507642905956
TRINITY_DN177384_c0_g1_i1.p1,0.416514484655714
TRINITY_DN825_c0_g1_i28.p1,0.673956188938687
TRINITY_DN3287_c0_g1_i1.p1,-0.275742729096368
TRINITY_DN4084_c0_g1_i2.p1,-1.336772160831
TRINITY_DN788_c1_g1_i13.p1,-0.196406734630255
TRINITY_DN10572_c0_g3_i1.p1,0.761826866415986
TRINITY_DN5729_c0_g1_i10.p1,0.340370998172288
TRINITY_DN1437_c0_g1_i13.p1,-0.808218676212098
TRINITY_DN19576_c1_g1_i1.p1,0.826306619244275
TRINITY_DN432_c0_g1_i7.p1,-3.33882871066463
TRINITY_DN549_c0_g1_i5.p1,-0.479158779798693
TRINITY_DN344_c0_g1_i14.p1,0.402741832308905
TRINITY_DN41840_c0_g1_i1.p1,-0.497690246629378
TRINITY_DN113_c25_g1_i1.p1,-0.258583130681569
TRINITY_DN12491_c0_g1_i1.p1,0.398342213895716
TRINITY_DN1521_c0_g1_i10.p1,-0.50027625463132
TRINITY_DN271_c0_g1_i15.p1,1.07731199582898
TRINITY_DN39712_c0_g2_i1.p1,-0.400686035485196
TRINITY_DN21776_c0_g1_i7.p1,0.480113924336536
TRINITY_DN6228_c0_g1_i6.p1,-0.88921182840837
TRINITY_DN63287_c0_g1_i2.p1,-0.896264786657433
TRINITY_DN54803_c0_g1_i2.p1,-0.492658286897813
TRINITY_DN96880_c0_g1_i1.p1,-0.38292840968054
TRINITY_DN1901_c1_g2_i1.p1,-0.27221699747307
TRINITY_DN77_c0_g1_i88.p1,-0.969774526649264
TRINITY_DN5213_c0_g1_i2.p1,0.656185366433988
TRINITY_DN45957_c0_g1_i8.p1,-0.625793454312963
TRINITY_DN12564_c0_g1_i6.p1,-0.836672931264958
TRINITY_DN19424_c0_g2_i3.p1,0.287555211463068
TRINITY_DN22880_c0_g1_i3.p1,-0.561897821237941
TRINITY_DN268_c1_g1_i10.p1,-1.01035880027651
TRINITY_DN27125_c0_g1_i1.p1,0.280590012174192
TRINITY_DN41588_c0_g1_i4.p1,0.700629797904621
TRINITY_DN5019_c0_g1_i3.p1,0.219431124674648
TRINITY_DN10883_c0_g1_i1.p1,-1.3869521422326
TRINITY_DN17912_c0_g1_i1.p1,0.573224995893592
TRINITY_DN4022_c1_g2_i1.p1,0.417504095657388
TRINITY_DN43189_c0_g1_i1.p1,-0.429489358965503
TRINITY_DN34_c0_g1_i12.p1,-1.03327795980298
TRINITY_DN10700_c0_g1_i4.p1,0.909187019116381
TRINITY_DN11012_c4_g1_i1.p1,-0.243033040874068
TRINITY_DN12084_c0_g1_i6.p1,-0.233048595310861
TRINITY_DN15718_c0_g1_i1.p1,1.03119014224371
TRINITY_DN1724_c3_g1_i2.p2,-0.666652707364042
TRINITY_DN3741_c0_g1_i1.p1,0.409655556506053
TRINITY_DN566_c0_g1_i1.p1,-0.437581706570455
TRINITY_DN5914_c0_g1_i4.p1,0.640825494636405
TRINITY_DN6365_c0_g1_i1.p1,-0.262155305777496
TRINITY_DN8292_c0_g2_i2.p1,-1.14172800700518
TRINITY_DN16925_c0_g1_i1.p1,-0.837917583682341
TRINITY_DN25582_c0_g2_i1.p1,-0.655983931102087
TRINITY_DN70392_c0_g2_i2.p1,-0.916913653423804
TRINITY_DN10569_c0_g1_i1.p1,-0.580889160134045
TRINITY_DN1712_c0_g1_i1.p1,-1.18277900642552
TRINITY_DN2362_c3_g1_i3.p1,-0.355764250651356
TRINITY_DN4763_c0_g1_i1.p1,-0.648476678617443
TRINITY_DN847_c0_g2_i1.p1,0.362185060263788
TRINITY_DN9214_c0_g1_i1.p1,-0.466967733580859
TRINITY_DN30992_c0_g1_i1.p1,-0.461359606191017
TRINITY_DN5015_c0_g1_i2.p1,-0.276139017788481
TRINITY_DN20218_c0_g1_i5.p1,-0.782669261248971
TRINITY_DN7801_c1_g1_i3.p1,-0.98618580193257
TRINITY_DN14148_c0_g2_i1.p1,0.373392888361983
TRINITY_DN6840_c1_g1_i3.p1,-0.425020064159753
TRINITY_DN13058_c0_g1_i1.p1,0.291454429750509
TRINITY_DN17632_c0_g1_i1.p1,-0.858906456488198
TRINITY_DN37055_c0_g2_i1.p1,-0.982754187740027
TRINITY_DN45371_c0_g1_i1.p1,0.933248327432686
TRINITY_DN4424_c2_g1_i1.p1,0.599665112593233
TRINITY_DN15543_c0_g1_i2.p1,-0.379533804229231
TRINITY_DN35613_c0_g1_i1.p1,0.269321385111928
TRINITY_DN13800_c0_g1_i7.p1,-0.454012766443088
TRINITY_DN24752_c0_g3_i1.p1,-1.05006975984073
TRINITY_DN33603_c1_g1_i1.p1,-0.251920110403657
TRINITY_DN6831_c1_g1_i1.p1,-0.420919778497967
TRINITY_DN3162_c1_g1_i2.p1,-0.600674671339119
TRINITY_DN35463_c1_g1_i2.p1,-1.22206139571911
TRINITY_DN14717_c1_g2_i4.p1,-0.337334369313365
TRINITY_DN77_c0_g1_i4.p1,-0.795796235497205
TRINITY_DN16672_c0_g1_i1.p1,-0.972118077287316
TRINITY_DN554_c0_g2_i1.p1,-0.372553652923557
TRINITY_DN55291_c0_g2_i2.p1,-0.523724604259719
TRINITY_DN2507_c0_g1_i75.p1,-0.869872190786303
TRINITY_DN2519_c2_g1_i2.p1,-0.212645345233794
TRINITY_DN14157_c2_g1_i3.p1,0.399379921547176
TRINITY_DN373_c5_g1_i1.p1,-0.268692817654839
TRINITY_DN4858_c0_g1_i18.p1,0.602789280709634
TRINITY_DN180339_c0_g1_i1.p1,-0.257223981857686
TRINITY_DN128964_c0_g1_i1.p1,-0.246629387240456
TRINITY_DN1312_c0_g1_i32.p1,-1.01947150658134
TRINITY_DN33180_c0_g3_i1.p1,-1.07930169917756
TRINITY_DN3497_c0_g1_i28.p1,0.799265911311148
TRINITY_DN20882_c0_g1_i1.p1,2.20335456787745
TRINITY_DN4292_c0_g1_i1.p1,0.312567908916945
TRINITY_DN8217_c7_g1_i1.p1,-0.436064727780375
TRINITY_DN14881_c2_g1_i1.p1,1.08229652753825
TRINITY_DN2889_c0_g1_i1.p1,0.563421656179833
TRINITY_DN11201_c0_g1_i1.p1,-0.299865087855
TRINITY_DN12472_c0_g1_i1.p1,0.513889897627712
TRINITY_DN14880_c1_g1_i1.p1,0.434626073081476
TRINITY_DN151288_c0_g1_i1.p1,-0.355593328136805
TRINITY_DN1688_c1_g1_i2.p1,-0.503890887789298
TRINITY_DN2188_c3_g1_i2.p1,-0.683357696410394
TRINITY_DN2457_c3_g1_i1.p1,-0.627300338831526
TRINITY_DN2910_c0_g1_i10.p1,0.847854927580185
TRINITY_DN409_c0_g1_i6.p1,-1.39831173535417
TRINITY_DN5357_c0_g1_i2.p1,0.717833776163345
TRINITY_DN8061_c1_g1_i4.p1,0.306702155270854
TRINITY_DN14245_c0_g1_i1.p1,0.304823523818432
TRINITY_DN10516_c0_g1_i1.p1,0.453892570483229
TRINITY_DN9170_c0_g1_i1.p1,0.327827056942632
TRINITY_DN2526_c0_g1_i2.p1,-0.262085404489995
TRINITY_DN2935_c0_g1_i1.p1,0.45624439257796
TRINITY_DN6344_c0_g1_i2.p1,0.262855200629504
TRINITY_DN1800_c0_g1_i2.p1,-0.435870040966551
TRINITY_DN11663_c0_g1_i2.p1,-0.312665977151465
TRINITY_DN15365_c0_g1_i1.p1,-0.321362265307882
TRINITY_DN180658_c0_g1_i1.p1,0.451656429321877
TRINITY_DN27101_c0_g1_i1.p1,-0.214257286372678
TRINITY_DN3794_c0_g1_i6.p1,-1.4575772122545
TRINITY_DN4272_c0_g1_i2.p1,0.377838626744845
TRINITY_DN46730_c0_g2_i1.p1,-1.04873075986696
TRINITY_DN8439_c0_g1_i1.p1,-0.277383423521508
TRINITY_DN96608_c0_g1_i1.p1,0.342059250970953
TRINITY_DN37206_c0_g1_i2.p1,0.350829644019365
TRINITY_DN12881_c1_g2_i1.p1,0.371883922209448
TRINITY_DN22713_c0_g1_i1.p1,0.439113788118038
TRINITY_DN5349_c0_g1_i2.p1,1.04533012414466
TRINITY_DN20101_c0_g1_i1.p1,-0.921777035110988
TRINITY_DN214_c0_g1_i2.p1,-0.725432704724199
TRINITY_DN24919_c1_g2_i1.p1,0.351402860360671
TRINITY_DN3819_c0_g1_i2.p1,0.506989906400642
TRINITY_DN5528_c0_g1_i1.p1,-0.89075581809813
TRINITY_DN13690_c0_g1_i1.p1,0.845973819509769
TRINITY_DN591_c0_g1_i6.p1,-1.33941733278568
TRINITY_DN6766_c0_g1_i4.p1,0.833241250276173
TRINITY_DN9409_c0_g1_i9.p1,-0.50138795983729
TRINITY_DN15315_c0_g1_i1.p1,-1.65421401625149
TRINITY_DN96_c0_g1_i11.p1,1.00048638819498
TRINITY_DN13554_c0_g1_i2.p1,-0.402014211156119
TRINITY_DN144769_c0_g1_i1.p1,0.194619527899097
TRINITY_DN2619_c0_g2_i1.p1,0.17031265288159
TRINITY_DN3948_c0_g1_i15.p1,-0.73202956219038
TRINITY_DN5219_c0_g1_i1.p1,0.634901107710213
TRINITY_DN8309_c0_g1_i2.p1,0.273214034670977
TRINITY_DN7608_c0_g1_i2.p1,-0.302467621177928
TRINITY_DN1027_c5_g2_i2.p1,0.533509968007635
TRINITY_DN12054_c0_g1_i1.p1,0.181297622820928
TRINITY_DN10150_c0_g1_i1.p1,0.453366887373728
TRINITY_DN15620_c0_g1_i5.p1,0.849655865682562
TRINITY_DN161949_c0_g1_i1.p1,0.188236377554023
TRINITY_DN17099_c0_g2_i2.p2,0.487001912765754
TRINITY_DN22308_c0_g1_i3.p1,0.986850723795627
TRINITY_DN101_c1_g1_i1.p1,1.70512632330755
TRINITY_DN41592_c0_g1_i4.p1,-0.683077454234912
TRINITY_DN44644_c1_g1_i6.p1,0.364032504325274
TRINITY_DN9125_c0_g1_i1.p1,-0.202160876753284
TRINITY_DN1020_c0_g1_i2.p1,0.762930887773476
TRINITY_DN1167_c2_g1_i1.p1,0.38214127779577
TRINITY_DN28809_c0_g1_i5.p1,0.247711758742999
TRINITY_DN4791_c0_g3_i1.p1,0.506104552498364
TRINITY_DN166171_c0_g1_i1.p1,-1.01624401044455
TRINITY_DN3445_c2_g2_i2.p1,0.338325484193991
TRINITY_DN13282_c0_g1_i1.p1,-0.268601870681605
TRINITY_DN34330_c0_g1_i3.p1,0.374795854604041
TRINITY_DN63531_c0_g1_i1.p1,-0.286293555086276
TRINITY_DN132155_c0_g1_i1.p1,-0.990633035034726
TRINITY_DN17945_c0_g1_i18.p1,-0.179576255147566
TRINITY_DN20059_c0_g1_i1.p1,0.373085193592243
TRINITY_DN4793_c1_g1_i3.p1,-0.950834257061449
TRINITY_DN11515_c0_g1_i1.p1,0.288612520958611
TRINITY_DN4983_c0_g2_i1.p1,0.459987874578265
TRINITY_DN18973_c0_g1_i15.p1,-0.778554543810388
TRINITY_DN5042_c0_g2_i3.p1,-0.837232026977625
TRINITY_DN333_c0_g1_i21.p1,0.55862294746909
TRINITY_DN2887_c0_g2_i1.p1,0.288633961396462
TRINITY_DN20468_c0_g1_i3.p1,0.312803848115205
TRINITY_DN58754_c0_g1_i3.p1,-0.3729291177987
TRINITY_DN6828_c0_g2_i4.p1,-1.07719168813993
TRINITY_DN875_c0_g1_i5.p1,0.628744233067787
TRINITY_DN884_c0_g2_i8.p1,0.419495978770826
TRINITY_DN3526_c0_g1_i7.p1,-1.34093726127548
TRINITY_DN43788_c2_g2_i2.p1,-0.488913765141801
TRINITY_DN62382_c0_g1_i3.p1,0.519611791342594
TRINITY_DN112584_c0_g1_i1.p1,0.28769684160542
TRINITY_DN606_c0_g3_i13.p1,-1.01731191030705
TRINITY_DN177428_c0_g1_i1.p1,0.376500041275643
TRINITY_DN2127_c0_g1_i2.p1,0.363051484722602
TRINITY_DN18229_c0_g1_i2.p1,-0.293352965710572
TRINITY_DN14090_c0_g1_i1.p1,-1.38889236285962
TRINITY_DN16985_c0_g1_i4.p1,0.476930502721529
TRINITY_DN25115_c0_g1_i2.p1,-0.645552828969102
TRINITY_DN3445_c2_g2_i1.p1,0.326998863708223
TRINITY_DN36973_c0_g1_i1.p1,0.843960954271415
TRINITY_DN3749_c0_g1_i3.p1,0.562906559386744
TRINITY_DN440_c3_g1_i1.p1,0.206381965301309
TRINITY_DN5473_c0_g1_i2.p1,-0.296886307192261
TRINITY_DN1564_c0_g1_i9.p1,0.786048562409635
TRINITY_DN131965_c0_g1_i1.p1,-0.214967193872593
TRINITY_DN1887_c0_g1_i6.p1,0.597776695158515
TRINITY_DN11025_c0_g1_i1.p1,-0.624106393522254
TRINITY_DN1346_c0_g1_i38.p1,-1.36043401480585
TRINITY_DN10045_c0_g1_i2.p1,-0.469007582983743
TRINITY_DN24059_c1_g1_i4.p1,-0.26267970435678
TRINITY_DN46197_c0_g1_i1.p1,-0.572865256067808
TRINITY_DN32106_c0_g1_i1.p1,0.34773475892253
TRINITY_DN5356_c0_g3_i1.p1,-0.585972024692014
TRINITY_DN15511_c0_g1_i1.p1,-0.575883275950285
TRINITY_DN1618_c0_g1_i31.p1,-0.640270482663674
TRINITY_DN374_c0_g1_i6.p1,0.487204274090976
TRINITY_DN3039_c1_g1_i2.p1,-1.20062959953389
TRINITY_DN2943_c0_g2_i4.p1,-0.779997280387913
TRINITY_DN12173_c1_g1_i4.p1,0.392262906876328
TRINITY_DN11274_c0_g1_i10.p1,0.761754611544135
TRINITY_DN4065_c0_g1_i2.p1,0.685512169686009
TRINITY_DN131350_c0_g1_i1.p1,-0.311485852725787
TRINITY_DN1364_c1_g2_i2.p1,0.223958194514686
TRINITY_DN32736_c0_g2_i1.p1,0.962688435899359
TRINITY_DN8566_c1_g1_i1.p1,-0.598771566177756
TRINITY_DN49009_c0_g4_i1.p1,-0.214825203902828
TRINITY_DN31376_c0_g1_i1.p1,-0.232888283776062
TRINITY_DN3840_c0_g3_i1.p1,-1.51708112788598
TRINITY_DN984_c1_g1_i1.p1,-0.291788433961908
TRINITY_DN1278_c8_g1_i1.p1,-0.839533939761239
TRINITY_DN18298_c0_g1_i2.p1,-0.388505731869051
TRINITY_DN28348_c0_g1_i3.p1,0.604428525166559
TRINITY_DN8020_c3_g1_i1.p1,1.2709773453147
TRINITY_DN3526_c0_g1_i3.p1,-1.22962499060514
TRINITY_DN7028_c0_g1_i3.p1,-1.38775622472404
TRINITY_DN7332_c4_g1_i1.p2,0.640321563117934
TRINITY_DN96548_c0_g1_i1.p1,-0.218726007873586
TRINITY_DN2111_c0_g1_i3.p1,-0.790161302927992
TRINITY_DN29512_c0_g2_i1.p1,-0.199776850233331
TRINITY_DN5355_c2_g3_i1.p1,-0.579616136341241
TRINITY_DN87260_c2_g2_i2.p1,0.517395783825485
TRINITY_DN17889_c0_g1_i1.p1,0.368358145717279
TRINITY_DN29724_c0_g1_i1.p1,2.41350485258919
TRINITY_DN256_c15_g1_i2.p1,-0.791884616398543
TRINITY_DN712_c5_g1_i1.p1,-0.333957918934698
TRINITY_DN11123_c0_g1_i2.p1,-0.900023686892485
TRINITY_DN12922_c0_g1_i1.p1,-0.909537277360751
TRINITY_DN34243_c0_g1_i1.p1,-0.472475653134971
TRINITY_DN3942_c0_g1_i5.p1,-1.75112859590311
TRINITY_DN569_c1_g1_i1.p1,-0.287017413248848
TRINITY_DN6353_c0_g2_i2.p1,0.805706297899891
TRINITY_DN9162_c0_g1_i1.p1,-0.330862391518242
TRINITY_DN162524_c0_g1_i1.p1,-0.697372171112554
TRINITY_DN41251_c0_g1_i1.p1,-0.809749542904744
TRINITY_DN10291_c0_g1_i1.p1,-0.438992473957263
TRINITY_DN127_c0_g1_i7.p1,0.513422596210455
TRINITY_DN129006_c0_g1_i1.p1,0.33291862071256
TRINITY_DN17336_c0_g2_i1.p1,-0.293768448422684
TRINITY_DN26995_c0_g1_i1.p1,1.28001361210864
TRINITY_DN3476_c0_g1_i1.p1,-0.378436067362814
TRINITY_DN3631_c0_g2_i1.p1,0.801522179731134
TRINITY_DN44140_c0_g1_i3.p1,0.240040226772066
TRINITY_DN5537_c0_g1_i3.p1,0.612039465196022
TRINITY_DN653_c2_g1_i3.p1,0.361312442452034
TRINITY_DN9976_c0_g1_i3.p1,-0.751813466470849
TRINITY_DN15664_c1_g1_i2.p1,0.589649993463371
TRINITY_DN13344_c0_g1_i2.p1,-3.37731765043045
TRINITY_DN24310_c2_g2_i1.p1,0.344283603507289
TRINITY_DN782_c1_g2_i1.p1,-1.01740726485592
TRINITY_DN5242_c0_g1_i3.p1,1.00245273841782
TRINITY_DN97087_c0_g1_i1.p1,-0.684126522116954
TRINITY_DN717_c0_g1_i6.p1,0.520473834926229
TRINITY_DN13872_c0_g1_i13.p1,-1.13632267831588
TRINITY_DN12807_c0_g1_i1.p1,0.640502680331217
TRINITY_DN2828_c3_g2_i1.p1,-0.466615723994707
TRINITY_DN68332_c0_g1_i1.p1,0.558324748255757
TRINITY_DN15796_c1_g1_i2.p1,3.19511419760493
TRINITY_DN3594_c0_g1_i2.p1,-0.655847242563329
TRINITY_DN1443_c0_g1_i2.p1,0.243444651545891
TRINITY_DN2362_c1_g1_i2.p1,0.692128212837602
TRINITY_DN2677_c0_g1_i1.p1,0.234411973358589
TRINITY_DN99703_c0_g1_i1.p1,-0.407898010887342
TRINITY_DN4667_c0_g1_i1.p1,-0.743116961609053
TRINITY_DN5046_c0_g1_i5.p1,0.844192237577411
TRINITY_DN7458_c0_g1_i1.p1,0.731409047590603
TRINITY_DN1368_c1_g1_i1.p1,0.328156457578145
TRINITY_DN100660_c0_g1_i1.p1,-0.294536262623647
TRINITY_DN147244_c0_g1_i1.p1,-0.546701213252623
TRINITY_DN1513_c2_g1_i4.p1,-0.838912815005089
TRINITY_DN7268_c0_g1_i1.p1,-0.365666881951473
TRINITY_DN3062_c10_g1_i1.p1,0.246791393919924
TRINITY_DN3572_c0_g1_i1.p1,1.20143882852516
TRINITY_DN484_c0_g1_i12.p1,0.567429169036694
TRINITY_DN10338_c3_g1_i1.p1,1.12453996466674
TRINITY_DN10650_c0_g1_i6.p1,0.773306844336508
TRINITY_DN13329_c0_g1_i1.p1,0.395005464865259
TRINITY_DN5920_c0_g2_i2.p2,0.677153188111471
TRINITY_DN753_c0_g1_i2.p1,-0.490376053321186
TRINITY_DN13873_c0_g1_i1.p1,0.829090945566469
TRINITY_DN20872_c0_g3_i1.p1,-0.456148689203631
TRINITY_DN21708_c0_g3_i2.p1,-0.359766169514399
TRINITY_DN639_c1_g1_i4.p1,0.772891994609939
TRINITY_DN6542_c0_g1_i2.p1,-0.621217214111747
TRINITY_DN7475_c1_g1_i9.p1,-0.862941019770494
TRINITY_DN10_c0_g3_i1.p1,0.216756466270321
TRINITY_DN1267_c0_g1_i3.p1,-0.236485151593174
TRINITY_DN2795_c1_g1_i12.p1,-0.947456754369314
TRINITY_DN28192_c0_g1_i1.p1,-0.296241125478962
TRINITY_DN45904_c0_g1_i1.p1,0.658334073897846
TRINITY_DN676_c0_g1_i3.p1,0.406412635577209
TRINITY_DN8234_c0_g2_i30.p1,0.974065858078592
TRINITY_DN3739_c1_g1_i5.p1,-0.511201027823349
TRINITY_DN20920_c1_g1_i1.p1,-0.641501055777669
TRINITY_DN1329_c2_g1_i5.p1,-0.919098214048137
TRINITY_DN16576_c1_g1_i1.p1,-0.680416036100941
TRINITY_DN1716_c0_g1_i8.p1,-0.947604563857639
TRINITY_DN132111_c0_g1_i1.p1,-0.262836308550686
TRINITY_DN10164_c0_g1_i2.p1,0.552818167185121
TRINITY_DN18384_c0_g3_i2.p1,0.438972359033804
TRINITY_DN25568_c0_g2_i1.p1,-0.257113724562215
TRINITY_DN96_c0_g1_i10.p1,-0.542572495795563
TRINITY_DN36150_c0_g1_i8.p1,0.492159275942159
TRINITY_DN6850_c0_g1_i3.p1,0.57932876333885
TRINITY_DN1166_c10_g1_i2.p1,-0.678347414613014
TRINITY_DN826_c0_g1_i3.p1,-0.955587742199234
TRINITY_DN129043_c0_g1_i1.p1,0.567985787584742
TRINITY_DN1914_c30_g1_i1.p1,-0.309117670435382
TRINITY_DN21956_c0_g1_i1.p1,-0.232972422819623
TRINITY_DN4342_c0_g1_i20.p1,0.45232160774142
TRINITY_DN27747_c0_g2_i1.p1,0.191627406009683
TRINITY_DN20920_c1_g1_i2.p1,-0.613727921992999
TRINITY_DN15580_c0_g1_i1.p1,-0.344180456634814
TRINITY_DN3282_c2_g2_i1.p1,-0.801362626949214
TRINITY_DN4127_c5_g1_i3.p1,-0.67443116597824
TRINITY_DN5980_c0_g1_i1.p1,-0.32877468496053
TRINITY_DN62365_c0_g1_i3.p1,-0.232801716569302
TRINITY_DN52568_c0_g1_i4.p1,-0.526665552487259
TRINITY_DN25547_c0_g1_i1.p1,0.412582025376117
TRINITY_DN6720_c2_g1_i1.p1,0.517967499545907
TRINITY_DN8624_c0_g1_i1.p1,-0.694855719689971
TRINITY_DN1065_c0_g1_i11.p1,0.338507402961915
TRINITY_DN12083_c1_g1_i36.p1,0.342889729903571
TRINITY_DN15047_c0_g1_i1.p1,0.436276674479171
TRINITY_DN384_c0_g1_i5.p1,0.755465171126924
TRINITY_DN58760_c0_g1_i2.p1,-0.546648644955943
TRINITY_DN6624_c1_g1_i1.p1,-0.759485195501432
TRINITY_DN68419_c0_g1_i2.p1,-0.840592214058836
TRINITY_DN11907_c0_g1_i1.p1,0.340333063452234
TRINITY_DN13072_c0_g1_i8.p1,-0.854080737020831
TRINITY_DN17902_c0_g2_i1.p1,0.499309080162537
TRINITY_DN44116_c1_g1_i1.p1,0.231824791442917
TRINITY_DN95858_c0_g1_i2.p1,-0.464049396847158
TRINITY_DN1166_c2_g1_i3.p1,-0.775163309051275
TRINITY_DN1217_c0_g1_i51.p1,-0.447168464262701
TRINITY_DN637_c1_g1_i14.p1,-0.577965604701203
TRINITY_DN18655_c0_g6_i1.p1,0.773528909051152
TRINITY_DN177661_c0_g1_i1.p1,-1.26936082722687
TRINITY_DN2965_c0_g1_i1.p1,-0.83598933893004
TRINITY_DN14425_c0_g1_i1.p1,-0.265220881011133
TRINITY_DN147077_c0_g1_i1.p1,-1.28093158228294
TRINITY_DN5546_c3_g1_i3.p1,0.751918021257541
TRINITY_DN9482_c1_g1_i2.p1,0.65168219133237
TRINITY_DN4553_c1_g1_i1.p1,-0.337576207299747
TRINITY_DN15258_c0_g1_i1.p1,-0.213926699595941
TRINITY_DN401_c1_g1_i7.p1,0.952392061403688
TRINITY_DN11000_c2_g1_i1.p1,-0.548417598323934
TRINITY_DN518_c3_g1_i1.p1,0.291955224837462
TRINITY_DN1184_c5_g1_i1.p1,0.27854900190783
TRINITY_DN1976_c0_g1_i34.p1,0.536514469157387
TRINITY_DN31500_c0_g1_i5.p1,-0.306982800299616
TRINITY_DN55_c4_g1_i13.p1,0.367891822288468
TRINITY_DN736_c2_g2_i1.p1,-0.42802502348467
TRINITY_DN9674_c0_g2_i5.p2,-0.994289883013701
TRINITY_DN46638_c0_g1_i17.p1,0.748417258204732
TRINITY_DN657_c0_g2_i3.p1,-0.563936949352297
TRINITY_DN4296_c0_g2_i1.p1,-0.623218810036766
TRINITY_DN3447_c5_g1_i1.p1,-0.170037376135303
TRINITY_DN19332_c1_g1_i12.p1,0.522767054748106
TRINITY_DN24338_c0_g1_i2.p1,-0.423701454780758
TRINITY_DN3564_c0_g1_i18.p1,0.337495868707192
TRINITY_DN587_c7_g1_i1.p1,0.853176512995488
TRINITY_DN3285_c2_g1_i1.p1,0.207313944425277
TRINITY_DN89_c3_g1_i1.p1,0.188609110990013
TRINITY_DN2392_c0_g1_i14.p1,-0.912070828208557
TRINITY_DN5743_c0_g1_i27.p1,-0.43210993857266
TRINITY_DN75755_c0_g1_i3.p1,0.534439378279672
TRINITY_DN7773_c1_g1_i1.p1,-0.441569044559572
TRINITY_DN7398_c0_g1_i1.p1,-0.349558033719932
TRINITY_DN10741_c1_g1_i1.p1,-0.43327813533765
TRINITY_DN148253_c0_g1_i1.p1,0.417426026665673
TRINITY_DN71732_c0_g1_i2.p1,-0.236487391892541
TRINITY_DN103042_c0_g1_i1.p1,0.333347157425749
TRINITY_DN1457_c0_g1_i3.p1,-0.496180389886157
TRINITY_DN161884_c0_g1_i1.p1,-0.503483573843462
TRINITY_DN162000_c0_g1_i1.p1,-0.272819288508283
TRINITY_DN16398_c0_g1_i1.p1,0.17923745210919
TRINITY_DN16603_c1_g1_i1.p1,-0.774491491083572
TRINITY_DN26835_c0_g2_i2.p1,0.683912486935742
TRINITY_DN43338_c0_g1_i1.p1,1.07766937783618
TRINITY_DN4810_c0_g1_i64.p1,-0.711164618883387
TRINITY_DN4861_c0_g1_i1.p1,-0.254254985376179
TRINITY_DN681_c0_g1_i15.p1,0.555446996172719
TRINITY_DN775_c0_g1_i12.p1,-1.04209164554313
TRINITY_DN8452_c0_g1_i1.p1,0.302745281972493
TRINITY_DN20306_c0_g1_i4.p2,-0.428048112015937
TRINITY_DN16378_c0_g1_i3.p1,-0.249533095866182
TRINITY_DN40556_c0_g2_i6.p1,-0.683841488199987
TRINITY_DN30697_c0_g1_i1.p1,0.573919084955164
TRINITY_DN356_c0_g1_i3.p1,-0.702808740780059
TRINITY_DN10819_c0_g1_i1.p2,0.518894273111933
TRINITY_DN127_c0_g2_i1.p1,0.480611086526439
TRINITY_DN214_c0_g1_i5.p1,-0.419943664773741
TRINITY_DN22076_c0_g1_i1.p1,0.245235689687004
TRINITY_DN2258_c1_g1_i3.p1,-0.176141719908058
TRINITY_DN35767_c0_g1_i1.p1,0.206712937224665
TRINITY_DN37942_c0_g1_i2.p1,-0.297047373603859
TRINITY_DN41189_c0_g1_i3.p1,-1.01453898618702
TRINITY_DN4587_c0_g1_i1.p1,-0.209642154900437
TRINITY_DN507_c0_g1_i12.p1,0.915156415986137
TRINITY_DN507_c0_g1_i6.p1,0.592865875149191
TRINITY_DN614_c0_g1_i74.p1,0.974779893621536
TRINITY_DN803_c9_g1_i1.p1,-0.29699951435733
TRINITY_DN11550_c0_g1_i1.p1,0.472697818026151
TRINITY_DN130210_c0_g1_i1.p1,-0.451108602230592
TRINITY_DN14389_c0_g1_i4.p1,0.586726270163594
TRINITY_DN2429_c4_g1_i1.p1,0.469756393569916
TRINITY_DN26979_c0_g1_i1.p1,-0.844948742496459
TRINITY_DN28778_c0_g2_i1.p1,-0.868286454379256
TRINITY_DN34065_c0_g1_i1.p1,0.545366542216337
TRINITY_DN359_c0_g1_i13.p1,-0.459754498184541
TRINITY_DN40345_c0_g1_i1.p1,-0.580874540707935
TRINITY_DN50519_c0_g1_i1.p1,-0.45267634167423
TRINITY_DN54346_c0_g1_i1.p1,0.348402343286361
TRINITY_DN16492_c6_g1_i1.p1,0.890614071907218
TRINITY_DN24310_c2_g1_i5.p1,-0.539137175378732
TRINITY_DN24090_c0_g1_i3.p1,0.568295268428697
TRINITY_DN1146_c9_g2_i3.p1,-0.284849406219003
TRINITY_DN13867_c0_g1_i1.p1,-0.625629414965023
TRINITY_DN1027_c5_g2_i1.p1,0.423101023418495
TRINITY_DN2090_c0_g2_i35.p1,-0.710072189762072
TRINITY_DN3388_c0_g1_i1.p1,-0.328080547406575
TRINITY_DN5691_c2_g1_i3.p1,0.504134383462909
TRINITY_DN732_c1_g2_i1.p2,-0.236206214192412
TRINITY_DN81845_c0_g1_i2.p1,-0.400808683579157
TRINITY_DN3739_c1_g1_i2.p1,-0.827465648655034
TRINITY_DN7146_c1_g1_i1.p1,0.474939748353452
TRINITY_DN14416_c0_g1_i2.p1,-0.315185294424357
TRINITY_DN3471_c0_g1_i5.p1,-1.52434380812126
TRINITY_DN34876_c2_g1_i9.p1,0.385728812166469
TRINITY_DN6793_c0_g1_i2.p1,0.355804729358762
TRINITY_DN9411_c0_g1_i2.p1,0.343278580976263
TRINITY_DN149549_c0_g1_i1.p1,2.82957078711527
TRINITY_DN1719_c1_g1_i8.p1,-0.805893700238392
TRINITY_DN19492_c0_g1_i12.p1,0.992620648391924
TRINITY_DN27467_c0_g1_i2.p1,0.387598202076598
TRINITY_DN606_c0_g3_i14.p1,0.661222515636377
TRINITY_DN7050_c1_g1_i1.p1,-0.941670932225922
TRINITY_DN9471_c0_g1_i5.p1,3.53763451247775
TRINITY_DN9480_c0_g1_i1.p1,0.163108489112279
TRINITY_DN29983_c0_g1_i1.p1,0.779322189202833
TRINITY_DN11795_c0_g1_i5.p1,0.296548494805269
TRINITY_DN118695_c0_g1_i1.p1,-0.483230002329701
TRINITY_DN11877_c0_g1_i4.p1,-0.567433787044751
TRINITY_DN14881_c2_g1_i2.p1,0.904243067185457
TRINITY_DN20621_c0_g1_i2.p1,0.629225691896006
TRINITY_DN3414_c0_g1_i5.p1,0.637279891500422
TRINITY_DN50122_c0_g1_i1.p1,1.0137281605002
TRINITY_DN50420_c0_g1_i1.p1,0.624718121522085
TRINITY_DN55876_c0_g1_i2.p1,-0.634643473660419
TRINITY_DN858_c0_g1_i3.p1,0.864551659665031
TRINITY_DN982_c3_g1_i1.p1,0.770862141773494
TRINITY_DN11408_c0_g1_i1.p1,0.324228012761504
TRINITY_DN356_c0_g1_i4.p1,-0.717334560962172
TRINITY_DN1581_c0_g1_i6.p1,-0.340614777954176
TRINITY_DN16404_c0_g1_i2.p1,-0.337129086417161
TRINITY_DN2268_c0_g1_i3.p1,-0.620926275130413
TRINITY_DN9929_c0_g1_i1.p1,-0.303457877138516
TRINITY_DN4032_c0_g1_i8.p1,-0.549958436595453
TRINITY_DN7048_c1_g1_i1.p1,0.421401092931335
TRINITY_DN1165_c0_g1_i4.p1,-0.251178560862384
TRINITY_DN1329_c0_g1_i1.p1,0.907274995754488
TRINITY_DN13791_c3_g1_i2.p1,0.813579076034352
TRINITY_DN155_c0_g1_i1.p1,0.690932160656192
TRINITY_DN2484_c0_g1_i1.p1,-0.301914924363738
TRINITY_DN3124_c0_g2_i1.p1,-0.458497730861876
TRINITY_DN4174_c0_g1_i5.p1,-0.710574646377982
TRINITY_DN547_c0_g1_i5.p1,-0.937010871217247
TRINITY_DN59546_c0_g3_i7.p1,0.30821398919656
TRINITY_DN6350_c0_g1_i2.p1,0.823319801823366
TRINITY_DN44079_c0_g1_i12.p1,-0.574411739099426
TRINITY_DN3985_c0_g1_i1.p1,-0.666228640015985
TRINITY_DN26559_c0_g1_i1.p1,1.02625587102105
TRINITY_DN16613_c2_g1_i1.p1,-0.218085344806139
TRINITY_DN1823_c0_g1_i4.p1,-0.910478111861061
TRINITY_DN29157_c0_g2_i2.p1,0.699843305676215
TRINITY_DN113299_c0_g1_i1.p1,-0.398157763982916
TRINITY_DN30251_c0_g1_i3.p1,-0.461734884176774
TRINITY_DN4810_c0_g1_i54.p1,0.533726261528339
TRINITY_DN639_c1_g1_i7.p1,0.251424590164032
TRINITY_DN11787_c0_g1_i7.p1,-0.436233241822805
TRINITY_DN12792_c0_g1_i1.p1,0.593207869127585
TRINITY_DN18066_c0_g1_i2.p1,0.776326324473985
TRINITY_DN5918_c0_g1_i1.p1,-0.380878469489883
TRINITY_DN4401_c0_g1_i1.p1,-0.336493464388198
TRINITY_DN113724_c0_g1_i1.p1,-0.303250713532997
TRINITY_DN20807_c2_g2_i1.p1,-0.35714107546752
TRINITY_DN130480_c0_g1_i1.p1,-0.558276428765474
TRINITY_DN3541_c0_g1_i1.p1,-0.112094455997204
TRINITY_DN15373_c3_g1_i1.p1,-0.761078414076707
TRINITY_DN16603_c0_g1_i4.p1,-0.490803247037778
TRINITY_DN1768_c0_g2_i1.p1,0.254449649169359
TRINITY_DN21472_c0_g3_i1.p1,0.207677728094363
TRINITY_DN26579_c0_g1_i1.p1,-0.227021916330559
TRINITY_DN2943_c0_g2_i3.p1,2.0951104201472
TRINITY_DN3725_c0_g1_i1.p1,-0.20997992510298
TRINITY_DN440_c0_g1_i4.p1,-0.709888907451225
TRINITY_DN44249_c0_g2_i1.p1,-0.487946280006024
TRINITY_DN85118_c0_g2_i1.p1,0.9868030124033
TRINITY_DN11475_c7_g1_i1.p1,-0.630140045153514
TRINITY_DN2438_c0_g1_i1.p1,0.166634936064912
TRINITY_DN3024_c0_g1_i1.p1,0.423787166070629
TRINITY_DN3993_c0_g1_i4.p1,0.335670388661069
TRINITY_DN4685_c0_g1_i4.p1,-0.400202776149636
TRINITY_DN6596_c0_g1_i2.p1,-0.27198044118567
TRINITY_DN6832_c0_g1_i2.p1,-0.351621569983687
TRINITY_DN12745_c2_g1_i2.p1,0.457705651817306
TRINITY_DN275_c0_g1_i14.p1,-0.763104299787794
TRINITY_DN5683_c0_g1_i3.p1,-0.476710705971801
TRINITY_DN61172_c0_g2_i3.p1,0.21475755050361
TRINITY_DN231_c1_g1_i2.p1,-0.262647297067805
TRINITY_DN2362_c1_g4_i2.p1,-0.560902110796329
TRINITY_DN49494_c0_g1_i1.p1,0.376315612144618
TRINITY_DN61172_c0_g2_i7.p1,0.403282061140185
TRINITY_DN12534_c4_g1_i1.p1,-0.401440572339912
TRINITY_DN83390_c0_g1_i2.p1,-0.479132004438798
TRINITY_DN1231_c0_g1_i1.p1,0.542789826904725
TRINITY_DN10983_c0_g2_i1.p1,-0.813057955291141
TRINITY_DN3_c0_g1_i4.p1,-0.712649860451317
TRINITY_DN8663_c1_g1_i4.p1,0.897865992713043
TRINITY_DN15513_c0_g1_i13.p1,-0.77681839032334
TRINITY_DN8156_c0_g1_i1.p1,-0.466027962647501
TRINITY_DN64330_c0_g3_i1.p1,0.970138554608409
TRINITY_DN11696_c0_g1_i1.p1,-0.267862933054249
TRINITY_DN2714_c0_g1_i11.p1,0.387281957562681
TRINITY_DN4393_c0_g1_i10.p1,0.712765761255647
TRINITY_DN19196_c1_g2_i2.p1,0.408653930297346
TRINITY_DN4750_c0_g1_i2.p1,-1.72767331843825
TRINITY_DN128962_c0_g1_i1.p1,-0.521022930654699
TRINITY_DN261_c0_g2_i2.p1,-0.376281786543912
TRINITY_DN741_c1_g1_i2.p1,-0.883027087369544
TRINITY_DN10300_c0_g1_i1.p1,-0.456368957282549
TRINITY_DN9830_c0_g1_i2.p1,-0.256117246135902
TRINITY_DN6278_c0_g1_i1.p1,0.611755822421831
TRINITY_DN866_c0_g1_i31.p1,0.796028110300203
TRINITY_DN17944_c0_g1_i1.p1,0.887830476437974
TRINITY_DN44823_c0_g1_i2.p1,0.35437466854925
TRINITY_DN16077_c5_g1_i1.p1,-0.419218862189618
TRINITY_DN2927_c0_g1_i4.p1,1.23526144307753
TRINITY_DN7449_c0_g1_i1.p1,-0.671649166178518
TRINITY_DN1024_c3_g5_i1.p1,-0.522218181693326
TRINITY_DN43719_c0_g1_i1.p1,-0.618610620740403
TRINITY_DN1822_c0_g1_i12.p1,0.697988983589876
TRINITY_DN18673_c0_g1_i8.p1,1.03643542703406
TRINITY_DN3412_c0_g1_i1.p1,0.196520619692966
TRINITY_DN679_c2_g1_i1.p1,-0.857643496199573
TRINITY_DN25177_c0_g1_i1.p1,0.308160949159271
TRINITY_DN32115_c1_g1_i5.p1,0.659081156126344
TRINITY_DN15306_c0_g1_i1.p1,-0.699271472966815
TRINITY_DN179224_c0_g1_i1.p1,1.85633259782035
TRINITY_DN20035_c0_g1_i1.p1,-0.27861778306989
TRINITY_DN20271_c0_g1_i5.p1,0.855015484646817
TRINITY_DN2713_c2_g1_i1.p1,-0.283476760188074
TRINITY_DN4982_c14_g1_i1.p1,-0.280486415484136
TRINITY_DN74422_c0_g1_i1.p1,-1.01759126635013
TRINITY_DN12611_c1_g1_i2.p1,0.727448291914127
TRINITY_DN1111_c0_g1_i5.p1,0.306656393874493
TRINITY_DN14500_c0_g1_i1.p1,0.153171141126732
TRINITY_DN14904_c1_g3_i1.p1,-0.289674120991199
TRINITY_DN15664_c0_g1_i4.p1,0.473855828973885
TRINITY_DN68111_c0_g1_i7.p1,0.958305942426401
TRINITY_DN7787_c0_g1_i13.p1,0.827605579502258
TRINITY_DN3951_c0_g1_i2.p1,-0.500955078954861
TRINITY_DN7177_c0_g5_i2.p1,-0.464059581565135
TRINITY_DN561_c0_g1_i2.p1,-0.349539751835916
TRINITY_DN7966_c1_g1_i6.p1,-1.13714060916181
TRINITY_DN2285_c6_g1_i1.p1,-0.227486431481212
TRINITY_DN1725_c0_g1_i19.p1,1.00618450860599
TRINITY_DN182805_c0_g1_i1.p1,-0.661573076502212
TRINITY_DN177491_c0_g1_i1.p1,-1.17518495680274
TRINITY_DN8189_c0_g1_i2.p1,0.312695096125642
TRINITY_DN6463_c0_g1_i1.p1,0.334085721838284
TRINITY_DN764_c0_g1_i2.p1,-0.248167980443268
TRINITY_DN3085_c10_g1_i1.p1,-0.183917271101119
TRINITY_DN368_c0_g1_i41.p1,0.902706851566638
TRINITY_DN30853_c0_g1_i3.p1,0.724155057053682
TRINITY_DN8321_c3_g2_i1.p1,-0.601981410970606
TRINITY_DN2468_c0_g1_i1.p1,0.381568790571245
TRINITY_DN2722_c0_g1_i1.p1,-0.404053220898725
TRINITY_DN13875_c0_g1_i1.p1,-0.307980783073712
TRINITY_DN5503_c8_g1_i1.p1,0.290548627542546
TRINITY_DN128536_c0_g1_i1.p1,0.202255522543089
TRINITY_DN11855_c6_g1_i1.p1,-0.829865532414719
TRINITY_DN34265_c0_g1_i2.p1,0.293008061719966
TRINITY_DN34918_c0_g1_i1.p1,-1.15011704268439
TRINITY_DN6391_c0_g2_i1.p1,0.881528719619349
TRINITY_DN44663_c0_g1_i3.p1,0.628437088417477
TRINITY_DN13451_c0_g1_i3.p1,-0.173323062297062
TRINITY_DN25655_c0_g1_i3.p1,-0.832397084745017
TRINITY_DN25734_c0_g1_i1.p1,-0.351969603472803
TRINITY_DN7355_c0_g1_i5.p1,0.739472768366039
TRINITY_DN22463_c0_g1_i1.p1,-0.426741123638713
TRINITY_DN8494_c0_g1_i1.p1,0.233187455825172
TRINITY_DN28980_c0_g1_i2.p1,-0.280089799502571
TRINITY_DN13713_c0_g1_i2.p1,-0.66742726878311
TRINITY_DN296_c6_g1_i1.p1,-0.226315960023149
TRINITY_DN64314_c1_g2_i1.p1,0.525385027017291
TRINITY_DN178034_c0_g1_i1.p1,0.313870224319513
TRINITY_DN5729_c0_g1_i13.p1,0.45063349894392
TRINITY_DN735_c3_g1_i2.p1,-0.44491038620699
TRINITY_DN74322_c0_g1_i2.p1,0.759818005992083
TRINITY_DN2454_c2_g1_i1.p1,-0.569435792187053
TRINITY_DN14261_c0_g1_i1.p1,0.297995396413198
TRINITY_DN3414_c0_g1_i7.p1,0.90745077994973
TRINITY_DN919_c0_g1_i1.p1,-0.532456307302229
TRINITY_DN18291_c0_g1_i3.p1,-0.426479570087923
TRINITY_DN29801_c0_g1_i1.p1,-0.71316144629916
TRINITY_DN11244_c0_g1_i1.p1,-0.146828866791849
TRINITY_DN15977_c0_g1_i1.p1,2.27696777061306
TRINITY_DN4663_c0_g1_i3.p1,-0.276768121582126
TRINITY_DN44079_c0_g1_i27.p1,-0.49851435545316
TRINITY_DN5490_c0_g1_i1.p1,-0.240548486133085
TRINITY_DN1864_c1_g1_i1.p1,-0.783222827363475
TRINITY_DN3328_c0_g1_i2.p1,0.48998120585935
TRINITY_DN4670_c0_g1_i8.p1,-0.733178434488128
TRINITY_DN6402_c0_g1_i1.p1,-0.345506238086706
TRINITY_DN8659_c0_g1_i6.p1,0.8700577497791
TRINITY_DN13446_c0_g2_i3.p1,0.784643732113875
TRINITY_DN7501_c0_g1_i1.p1,0.807489675583105
TRINITY_DN7918_c0_g1_i1.p1,0.268392792199305
TRINITY_DN31608_c0_g1_i1.p1,0.53781870822698
TRINITY_DN3083_c0_g1_i8.p1,-0.494856981237059
TRINITY_DN3664_c0_g1_i7.p1,1.17277340133729
TRINITY_DN3839_c0_g4_i1.p1,0.659331035751292
TRINITY_DN489_c7_g1_i1.p1,-0.292516796400654
TRINITY_DN13048_c0_g1_i2.p1,0.378621618097025
TRINITY_DN27174_c0_g3_i1.p1,0.373586901767943
TRINITY_DN3571_c0_g5_i1.p1,-0.306895646629231
TRINITY_DN11599_c0_g1_i1.p1,0.285366984316759
TRINITY_DN14524_c2_g1_i1.p1,0.335217679457305
TRINITY_DN15667_c0_g1_i1.p1,0.246597186945674
TRINITY_DN2430_c0_g1_i1.p1,-0.406791088331337
TRINITY_DN5525_c3_g1_i5.p1,-0.200077790251445
TRINITY_DN62295_c0_g1_i2.p1,-1.49181072981687
TRINITY_DN773_c0_g1_i3.p1,0.254901795339077
TRINITY_DN8371_c0_g1_i4.p1,0.86972008827502
TRINITY_DN846_c1_g1_i3.p1,-0.963606129062968
TRINITY_DN1951_c0_g1_i24.p1,1.21798547856097
TRINITY_DN35262_c0_g1_i1.p1,-0.264118134166617
TRINITY_DN4344_c0_g1_i1.p1,0.405056499737007
TRINITY_DN43768_c1_g2_i2.p1,-0.890939638184197
TRINITY_DN11142_c0_g1_i3.p1,0.797523291622432
TRINITY_DN23021_c0_g3_i1.p1,-0.195237312508616
TRINITY_DN13025_c1_g1_i2.p1,0.63636516318301
TRINITY_DN32404_c0_g1_i1.p1,-0.449857594649429
TRINITY_DN451_c0_g1_i1.p1,-0.517096079221944
TRINITY_DN7815_c0_g1_i12.p1,0.717716580837504
TRINITY_DN177466_c0_g1_i1.p1,-0.562787083708908
TRINITY_DN8761_c0_g1_i1.p1,-0.212852257426728
TRINITY_DN10931_c0_g1_i1.p1,-0.229350537642185
TRINITY_DN698_c3_g1_i1.p1,-0.699927017678942
TRINITY_DN95960_c0_g1_i1.p1,0.242884598538941
TRINITY_DN886_c0_g1_i2.p1,-1.07086237261301
TRINITY_DN24312_c0_g1_i3.p1,-0.281252857534884
TRINITY_DN28787_c0_g1_i2.p1,-0.432455294147735
TRINITY_DN194_c0_g1_i5.p1,0.23201376359107
TRINITY_DN9457_c0_g1_i3.p1,0.70198386997574
TRINITY_DN1644_c0_g1_i29.p1,-0.972919462664297
TRINITY_DN1800_c0_g1_i6.p1,-0.233916650456023
TRINITY_DN18126_c0_g1_i1.p1,0.36256736071532
TRINITY_DN3162_c1_g2_i1.p1,0.347116013358301
TRINITY_DN6648_c2_g2_i7.p1,0.483136706950803
TRINITY_DN3036_c0_g1_i4.p1,0.666941290119194
TRINITY_DN805_c0_g1_i14.p1,1.21958764122638
TRINITY_DN1159_c2_g1_i3.p1,-0.353231424977197
TRINITY_DN13801_c0_g1_i1.p1,-0.277198294243649
TRINITY_DN23217_c3_g1_i1.p1,-0.343792797650404
TRINITY_DN3984_c4_g1_i1.p1,0.223353368953019
TRINITY_DN65479_c0_g1_i6.p1,0.696556885201607
TRINITY_DN17773_c1_g1_i2.p1,-0.273715028265557
TRINITY_DN4443_c0_g1_i14.p1,0.818512577903848
TRINITY_DN7763_c0_g1_i3.p1,-0.623365552187514
TRINITY_DN6555_c0_g1_i2.p1,0.335247226036959
TRINITY_DN1583_c1_g1_i2.p1,-0.658526654373033
TRINITY_DN2923_c9_g1_i1.p1,0.757117223923054
TRINITY_DN3212_c0_g1_i7.p1,0.701327260101772
TRINITY_DN56157_c0_g1_i1.p1,0.344878420357627
TRINITY_DN6215_c0_g1_i1.p1,-0.548470911250353
TRINITY_DN77473_c1_g1_i1.p1,2.91001242592484
TRINITY_DN28769_c0_g1_i1.p1,0.25838255514942
TRINITY_DN9824_c0_g1_i2.p1,0.296053547827982
TRINITY_DN711_c0_g1_i3.p1,0.588427822483273
TRINITY_DN2641_c0_g2_i1.p1,-0.246272637045822
TRINITY_DN177603_c0_g1_i1.p2,-0.24384905266664
TRINITY_DN271_c0_g1_i2.p1,0.85016242592551
TRINITY_DN4038_c0_g5_i2.p1,-0.500217705294334
TRINITY_DN6091_c0_g1_i1.p1,-0.25345153020272
TRINITY_DN1048_c33_g1_i1.p1,0.732695612884147
TRINITY_DN6045_c0_g1_i1.p1,-0.166206947309749
TRINITY_DN9433_c0_g1_i2.p1,0.386305356142247
TRINITY_DN13823_c0_g1_i1.p1,-0.72892042397469
TRINITY_DN58454_c0_g5_i1.p1,0.47301424453557
TRINITY_DN292_c0_g1_i3.p1,0.83231245218642
TRINITY_DN8223_c0_g1_i1.p1,0.477775619711565
TRINITY_DN16384_c2_g1_i1.p1,0.645878125189837
TRINITY_DN22589_c0_g1_i4.p1,0.880149548257371
TRINITY_DN43786_c0_g1_i4.p1,-0.555638306231898
TRINITY_DN84_c6_g1_i1.p1,-0.358198310771825
TRINITY_DN9581_c0_g2_i10.p1,0.414495949871379
TRINITY_DN593_c1_g3_i1.p1,0.364767623671194
TRINITY_DN344_c0_g1_i13.p1,0.597700588421633
TRINITY_DN3918_c0_g1_i1.p1,-0.358909842032277
TRINITY_DN42328_c0_g1_i1.p1,1.59499144144442
TRINITY_DN28452_c7_g1_i1.p1,0.271553926166531
TRINITY_DN2903_c0_g1_i2.p1,-1.11915890864383
TRINITY_DN30938_c0_g1_i1.p1,-0.657344441406138
TRINITY_DN34554_c0_g1_i5.p1,0.27107990470847
TRINITY_DN5169_c0_g1_i11.p1,-0.991684542143994
TRINITY_DN49161_c0_g1_i2.p1,-0.456732661209396
TRINITY_DN7005_c0_g1_i1.p1,-0.323886355064009
TRINITY_DN170_c4_g1_i2.p1,-0.432368686550701
TRINITY_DN43614_c0_g1_i1.p1,-0.890759002127993
TRINITY_DN6001_c0_g1_i1.p1,-0.245829735716219
TRINITY_DN6117_c0_g1_i1.p1,0.288951297688783
TRINITY_DN9974_c0_g1_i2.p1,0.286220953228248
TRINITY_DN1007_c16_g1_i3.p1,-1.43383464567415
TRINITY_DN10741_c0_g1_i51.p1,0.95794351154221
TRINITY_DN11498_c0_g1_i1.p1,0.29524846274421
TRINITY_DN22_c0_g2_i13.p1,0.256825059606812
TRINITY_DN24176_c0_g2_i1.p1,0.742875285562995
TRINITY_DN3946_c0_g2_i7.p1,-0.296790580526154
TRINITY_DN7843_c0_g1_i1.p1,0.155282164636467
TRINITY_DN84050_c0_g1_i1.p1,0.70665279352365
TRINITY_DN14804_c0_g1_i23.p1,0.768841289747353
TRINITY_DN5167_c0_g2_i2.p1,0.33176723565744
TRINITY_DN16138_c1_g1_i11.p1,0.928452567604211
TRINITY_DN312_c3_g2_i1.p1,0.726184834101218
TRINITY_DN50690_c0_g1_i8.p1,0.713471696933469
TRINITY_DN8207_c0_g2_i1.p1,0.612289154763433
TRINITY_DN20345_c0_g2_i3.p1,0.832924844955824
TRINITY_DN24487_c0_g1_i1.p1,-0.287272099698637
TRINITY_DN13355_c0_g1_i1.p1,-1.27057295388545
TRINITY_DN13446_c0_g2_i2.p1,0.412444357349502
TRINITY_DN24338_c1_g1_i1.p1,-0.26044148628695
TRINITY_DN19710_c0_g1_i1.p1,-0.515728467816276
TRINITY_DN3062_c3_g1_i1.p1,0.127874592875183
TRINITY_DN114679_c0_g1_i1.p1,0.267552832917831
TRINITY_DN24259_c0_g1_i2.p1,0.429332411894126
TRINITY_DN783_c1_g1_i1.p1,-0.468005317064786
TRINITY_DN26640_c0_g1_i1.p1,-0.360488561113612
TRINITY_DN112305_c0_g1_i1.p1,0.248213330963891
TRINITY_DN2302_c0_g1_i16.p1,0.467287369176573
TRINITY_DN4524_c0_g1_i11.p1,0.45300778387152
TRINITY_DN454_c0_g2_i1.p1,-0.295822593752923
TRINITY_DN6790_c0_g2_i3.p1,0.274062198909093
TRINITY_DN2679_c0_g1_i1.p1,-0.31991752720678
TRINITY_DN526_c0_g1_i17.p1,-0.367725689057603
TRINITY_DN14351_c3_g2_i1.p1,-0.639728149469206
TRINITY_DN9448_c1_g1_i5.p1,0.570259827109272
TRINITY_DN217_c1_g1_i2.p1,0.196800732478826
TRINITY_DN10523_c0_g1_i1.p1,0.392570310317998
TRINITY_DN3536_c0_g1_i2.p1,0.289288409686517
TRINITY_DN14296_c0_g1_i2.p1,0.281767454330245
TRINITY_DN811_c0_g1_i5.p1,0.66659607969701
TRINITY_DN5743_c1_g1_i2.p1,0.309945013899254
TRINITY_DN4069_c0_g1_i1.p1,-0.718131933542057
TRINITY_DN5960_c0_g2_i1.p1,-0.228940420778516
TRINITY_DN1768_c0_g3_i2.p1,-0.452926873505939
TRINITY_DN22846_c0_g1_i1.p1,0.213134805246672
TRINITY_DN22246_c0_g1_i1.p1,-0.213607039310474
TRINITY_DN91031_c0_g1_i7.p1,-0.564099253271069
TRINITY_DN163281_c0_g1_i1.p1,-0.396019843798941
TRINITY_DN841_c0_g1_i19.p1,-0.500217185029445
TRINITY_DN1716_c0_g1_i3.p1,-0.93406537677704
TRINITY_DN24718_c0_g1_i1.p1,-0.296512877136988
TRINITY_DN2_c2_g1_i5.p1,-0.56248706431504
TRINITY_DN4007_c0_g4_i2.p1,0.496568041566207
TRINITY_DN5099_c5_g1_i1.p1,0.27452984337228
TRINITY_DN8638_c0_g1_i1.p1,0.163659828264982
TRINITY_DN915_c41_g1_i1.p1,-0.295970318747676
TRINITY_DN9191_c0_g1_i1.p2,-0.678051014305104
TRINITY_DN427_c0_g1_i12.p1,-0.519736925469582
TRINITY_DN1213_c1_g1_i65.p1,-0.623772157667005
TRINITY_DN16816_c0_g1_i13.p1,0.357217640467032
TRINITY_DN2722_c0_g2_i2.p1,0.333101155026326
TRINITY_DN38924_c1_g1_i1.p1,-0.201076692931374
TRINITY_DN5240_c1_g2_i4.p1,-0.787388538100108
TRINITY_DN112439_c0_g1_i1.p1,0.703145969933675
TRINITY_DN16596_c0_g1_i28.p1,-1.39873240795295
TRINITY_DN390_c0_g1_i4.p1,-1.20906801652881
TRINITY_DN655_c0_g1_i1.p1,0.362871918244695
TRINITY_DN17940_c1_g1_i1.p1,-0.386419406175728
TRINITY_DN10534_c0_g1_i1.p1,-0.222178668111803
TRINITY_DN11170_c4_g1_i1.p1,-0.554679347214869
TRINITY_DN129293_c0_g1_i1.p1,-0.862843430120195
TRINITY_DN172_c0_g1_i24.p1,-0.875513537780368
TRINITY_DN1800_c1_g1_i3.p1,-0.410684074635939
TRINITY_DN18296_c0_g1_i1.p1,0.801576832237724
TRINITY_DN2915_c0_g2_i2.p1,-0.541009187585381
TRINITY_DN3048_c0_g1_i2.p1,-0.931420013453692
TRINITY_DN3329_c0_g1_i1.p1,-0.283136456267034
TRINITY_DN35150_c1_g1_i2.p1,-0.253844880959347
TRINITY_DN3806_c0_g2_i1.p1,-0.61782908746062
TRINITY_DN3980_c1_g1_i1.p1,-0.318463994331998
TRINITY_DN50668_c0_g1_i1.p1,0.46321006314982
TRINITY_DN60510_c0_g2_i1.p1,0.71727287997042
TRINITY_DN6129_c0_g2_i9.p1,-0.917271036015711
TRINITY_DN63380_c0_g1_i4.p1,-0.344604089117078
TRINITY_DN8558_c1_g1_i2.p1,-0.43303773888056
TRINITY_DN11489_c0_g1_i4.p1,0.433492083105363
TRINITY_DN178400_c0_g1_i1.p1,0.387755340087565
TRINITY_DN7966_c2_g1_i6.p1,-0.448452015501513
TRINITY_DN14483_c0_g1_i2.p1,0.683700036320222
TRINITY_DN41152_c1_g1_i1.p1,-0.506181404437292
TRINITY_DN994_c34_g1_i1.p1,0.237104976361923
TRINITY_DN31989_c1_g1_i2.p1,0.891853296303234
TRINITY_DN17177_c0_g1_i1.p1,-0.230874507736995
TRINITY_DN178246_c0_g1_i1.p1,-0.239343541604093
TRINITY_DN19218_c2_g1_i1.p1,-0.527429636048872
TRINITY_DN2397_c0_g1_i4.p1,1.25445833426055
TRINITY_DN2454_c4_g2_i1.p1,-0.311647667067456
TRINITY_DN28979_c1_g1_i2.p1,-0.766439271606371
TRINITY_DN307_c0_g1_i15.p1,-0.249071890225632
TRINITY_DN3106_c0_g1_i2.p1,0.319342021783428
TRINITY_DN36545_c0_g3_i2.p1,-0.770284442373495
TRINITY_DN479_c0_g1_i2.p1,0.668522980378326
TRINITY_DN12564_c0_g1_i7.p1,-0.54222369304882
TRINITY_DN144999_c0_g1_i1.p1,-0.457915119135694
TRINITY_DN1962_c0_g1_i4.p1,-0.331925342149623
TRINITY_DN22879_c0_g3_i3.p1,0.660628650702434
TRINITY_DN22902_c2_g1_i1.p1,2.22512539779883
TRINITY_DN3235_c1_g1_i1.p1,0.195513004366286
TRINITY_DN34631_c2_g1_i1.p1,-0.881082999370672
TRINITY_DN474_c1_g1_i1.p1,-0.862148424473947
TRINITY_DN5277_c0_g1_i12.p1,-0.68799010334417
TRINITY_DN5720_c0_g1_i3.p1,-0.799614771993726
TRINITY_DN9420_c0_g2_i18.p1,0.945238061577108
TRINITY_DN14146_c0_g1_i1.p1,0.240955096645395
TRINITY_DN26741_c0_g1_i7.p1,1.1705285346434
TRINITY_DN31670_c4_g1_i1.p1,-0.655606751350782
TRINITY_DN1079_c0_g1_i1.p1,0.362934395146918
TRINITY_DN6897_c0_g3_i1.p1,0.283064209582732
TRINITY_DN2347_c0_g1_i9.p1,-0.229838343659812
TRINITY_DN37020_c0_g1_i1.p1,0.81117082200661
TRINITY_DN6137_c0_g1_i2.p1,0.506709300343577
TRINITY_DN963_c0_g1_i30.p1,-0.716609577007606
TRINITY_DN10422_c1_g1_i1.p1,-0.477101510874101
TRINITY_DN16956_c0_g1_i1.p1,-0.184108043405056
TRINITY_DN250_c2_g1_i1.p1,0.192099320623954
TRINITY_DN139_c0_g1_i10.p1,0.980864943121161
TRINITY_DN3909_c1_g1_i14.p1,0.458955735923431
TRINITY_DN174_c0_g2_i1.p1,0.795429559740845
TRINITY_DN15188_c1_g4_i1.p1,0.436206247690917
TRINITY_DN2073_c8_g1_i1.p1,0.272388034124059
TRINITY_DN4106_c0_g2_i4.p1,0.393407687471448
TRINITY_DN5824_c4_g1_i4.p1,-0.418011529140318
TRINITY_DN12568_c0_g1_i1.p1,0.713978453545891
TRINITY_DN19321_c0_g1_i11.p1,-1.14553072210214
TRINITY_DN4114_c0_g1_i4.p1,0.732354078486447
TRINITY_DN69849_c0_g1_i1.p1,0.638057109225703
TRINITY_DN179845_c0_g1_i1.p1,0.222307121690701
TRINITY_DN18639_c1_g1_i2.p1,0.79507159796348
TRINITY_DN938_c0_g1_i6.p1,-0.323067761902791
TRINITY_DN5318_c2_g4_i6.p1,0.667960619574384
TRINITY_DN9765_c1_g1_i11.p2,-0.50623398174291
TRINITY_DN12256_c0_g2_i9.p1,-0.250462517216464
TRINITY_DN25153_c0_g1_i6.p1,-0.688429521192632
TRINITY_DN3181_c0_g1_i1.p1,-0.193779905139187
TRINITY_DN5422_c0_g1_i15.p1,0.331766577256795
TRINITY_DN1632_c0_g1_i5.p1,0.313775843358824
TRINITY_DN13362_c0_g3_i2.p1,0.510195122506519
TRINITY_DN3779_c0_g1_i4.p1,-0.904870968521414
TRINITY_DN3722_c3_g1_i5.p1,-0.839146863797232
TRINITY_DN10761_c0_g1_i2.p1,-0.196742494620769
TRINITY_DN12554_c0_g3_i2.p1,-0.158543121082505
TRINITY_DN14297_c0_g1_i1.p1,-0.395529617752289
TRINITY_DN39714_c0_g1_i4.p1,0.216435880502248
TRINITY_DN6806_c0_g1_i7.p1,0.368004427206575
TRINITY_DN8214_c0_g1_i1.p1,0.193530633673317
TRINITY_DN2938_c0_g1_i1.p1,-0.173597053840615
TRINITY_DN1011_c0_g1_i1.p1,-0.641264968700989
TRINITY_DN14623_c0_g1_i1.p1,-0.215754128957143
TRINITY_DN16503_c1_g1_i2.p1,-0.733495515071549
TRINITY_DN27391_c0_g1_i1.p1,-0.586185931284824
TRINITY_DN30082_c0_g1_i1.p1,0.439860442288175
TRINITY_DN332_c1_g1_i6.p1,0.895727448660432
TRINITY_DN4199_c4_g1_i1.p1,0.341901476946682
TRINITY_DN66361_c0_g1_i4.p1,-0.210667704398395
TRINITY_DN667_c0_g1_i21.p1,-0.455292199235879
TRINITY_DN7466_c0_g1_i1.p1,0.655149675754138
TRINITY_DN1787_c5_g1_i1.p1,0.58666125733069
TRINITY_DN8562_c0_g1_i3.p1,0.387458786131285
TRINITY_DN10057_c0_g1_i2.p1,0.320741139416827
TRINITY_DN18448_c0_g1_i7.p1,0.76679788531864
TRINITY_DN18500_c0_g1_i3.p1,-0.366986067667107
TRINITY_DN30224_c0_g1_i1.p1,0.221988475233609
TRINITY_DN3914_c0_g1_i1.p1,-0.562230981844966
TRINITY_DN4585_c0_g1_i1.p1,-0.239020732212245
TRINITY_DN6812_c0_g1_i3.p1,-0.74732163481043
TRINITY_DN73_c0_g1_i9.p1,0.78916527746859
TRINITY_DN8301_c2_g1_i1.p1,0.658551104459145
TRINITY_DN947_c0_g2_i1.p1,-0.480029994558364
TRINITY_DN16045_c0_g1_i6.p1,0.255470338958599
TRINITY_DN18509_c0_g1_i1.p1,-0.555119752722418
TRINITY_DN21593_c0_g1_i2.p1,-0.303315253490695
TRINITY_DN3806_c0_g1_i1.p1,0.470514838550252
TRINITY_DN4694_c0_g1_i1.p1,-0.259768026332124
TRINITY_DN25282_c0_g1_i1.p1,-0.807928631705335
TRINITY_DN84_c0_g1_i17.p1,-0.611685869466413
TRINITY_DN6563_c0_g1_i2.p1,0.434622146519119
TRINITY_DN20625_c0_g1_i1.p1,0.439682578408029
TRINITY_DN3969_c0_g1_i1.p1,-0.694771149627324
TRINITY_DN1387_c0_g1_i4.p1,2.22798724961459
TRINITY_DN30327_c3_g1_i1.p1,-0.446334687674418
TRINITY_DN63437_c0_g1_i1.p1,-0.816228471134047
TRINITY_DN10210_c0_g1_i1.p1,-0.265391445675949
TRINITY_DN39646_c0_g1_i1.p1,0.511450261953697
TRINITY_DN12426_c0_g1_i32.p1,0.799021509971861
TRINITY_DN1522_c3_g1_i1.p1,0.812781756710728
TRINITY_DN19624_c0_g1_i1.p1,0.325312629984418
TRINITY_DN39277_c1_g1_i1.p1,-0.4415988331967
TRINITY_DN6351_c0_g1_i2.p1,-0.159127150395746
TRINITY_DN145011_c0_g1_i1.p1,-0.928258695429604
TRINITY_DN1148_c0_g1_i13.p1,0.33934922358343
TRINITY_DN1137_c0_g1_i1.p1,-0.357877991650256
TRINITY_DN4022_c1_g2_i2.p1,0.599827529532432
TRINITY_DN494_c0_g1_i2.p1,-0.326933539479821
TRINITY_DN1979_c2_g2_i1.p1,-0.284780502143404
TRINITY_DN27440_c1_g1_i1.p1,0.208796005795557
TRINITY_DN39203_c1_g1_i2.p1,-0.566475633576929
TRINITY_DN40808_c0_g1_i2.p1,-0.227653601322278
TRINITY_DN112178_c0_g1_i1.p1,-0.33971498674754
TRINITY_DN9409_c0_g1_i1.p1,-0.474517100172454
TRINITY_DN5926_c0_g1_i1.p1,-0.221988535773636
TRINITY_DN2774_c0_g1_i6.p1,0.73887520887632
TRINITY_DN129913_c0_g1_i1.p2,0.3422211325264
TRINITY_DN32620_c0_g1_i1.p1,-0.70403024436829
TRINITY_DN4691_c0_g1_i17.p1,-0.866935455846075
TRINITY_DN113897_c0_g1_i1.p1,0.33353594348825
TRINITY_DN2043_c0_g2_i8.p1,-0.649216496666363
TRINITY_DN129369_c0_g1_i1.p1,0.343725070561439
TRINITY_DN1982_c2_g1_i2.p1,0.46160430076525
TRINITY_DN4773_c0_g1_i6.p1,-0.604893081878589
TRINITY_DN14414_c0_g1_i1.p1,0.23741192997287
TRINITY_DN2430_c1_g1_i9.p1,-0.318656970907737
TRINITY_DN32951_c0_g1_i1.p1,0.222653500367846
TRINITY_DN630_c0_g3_i1.p1,-0.396917473006116
TRINITY_DN1050_c0_g1_i7.p1,-0.410477117615595
TRINITY_DN1093_c0_g2_i3.p1,-0.35239349750116
TRINITY_DN11635_c0_g1_i5.p1,1.11118691301005
TRINITY_DN24341_c0_g1_i1.p1,-0.520197923198107
TRINITY_DN811_c0_g1_i3.p1,0.599683295700366
TRINITY_DN9269_c0_g1_i1.p1,0.548878000167429
TRINITY_DN9672_c0_g1_i2.p1,0.704630484218973
TRINITY_DN35591_c0_g2_i1.p1,-1.67249357406482
TRINITY_DN2091_c0_g1_i3.p1,0.695056314604211
TRINITY_DN1513_c1_g1_i9.p1,0.279457126519122
TRINITY_DN27668_c1_g1_i1.p1,-0.290928992724901
TRINITY_DN2804_c0_g1_i1.p1,0.227045986089859
TRINITY_DN37115_c4_g1_i1.p1,0.725908269085435
TRINITY_DN491_c0_g1_i29.p1,0.99762304733099
TRINITY_DN10524_c0_g2_i3.p2,-0.809430369620895
TRINITY_DN13_c2_g1_i1.p1,-0.364163041814359
TRINITY_DN1452_c1_g1_i2.p2,0.334565116107257
TRINITY_DN14792_c0_g1_i1.p1,-0.215185372315868
TRINITY_DN14884_c0_g1_i2.p1,0.369608162594551
TRINITY_DN1524_c0_g1_i3.p1,0.615688752062283
TRINITY_DN15305_c0_g1_i1.p1,-0.187996804250892
TRINITY_DN15325_c0_g1_i1.p1,-0.249910316982989
TRINITY_DN17334_c1_g3_i1.p1,0.827088708933182
TRINITY_DN1735_c0_g1_i30.p1,0.907213779547417
TRINITY_DN177371_c0_g1_i1.p1,-0.53880488653863
TRINITY_DN18391_c0_g1_i1.p1,-0.263094877804907
TRINITY_DN2596_c1_g2_i1.p1,-0.298504838891672
TRINITY_DN27391_c0_g1_i3.p1,0.618475504915612
TRINITY_DN29313_c0_g2_i3.p1,-1.20893492909994
TRINITY_DN29918_c5_g1_i1.p1,-0.206854028390346
TRINITY_DN3035_c3_g1_i1.p1,0.889396568703462
TRINITY_DN3318_c0_g1_i1.p1,0.174448165327868
TRINITY_DN3449_c0_g1_i3.p1,-0.255746341716277
TRINITY_DN3752_c0_g2_i1.p1,-0.36813736360013
TRINITY_DN39647_c0_g1_i1.p1,0.294347029672017
TRINITY_DN39989_c0_g1_i1.p1,0.22189610467488
TRINITY_DN45280_c0_g1_i1.p1,0.374030086416526
TRINITY_DN483_c0_g1_i5.p1,-0.470007444001715
TRINITY_DN5065_c0_g1_i1.p1,-0.571157077767111
TRINITY_DN690_c2_g1_i1.p2,0.608559070433948
TRINITY_DN70296_c0_g1_i1.p1,-0.644833799135105
TRINITY_DN7267_c0_g1_i2.p1,-0.393585514948022
TRINITY_DN7434_c0_g1_i3.p1,0.802000551766775
TRINITY_DN7943_c0_g1_i1.p1,-0.830392586441267
TRINITY_DN8033_c0_g1_i2.p1,-0.361979962550852
TRINITY_DN8131_c0_g2_i15.p1,0.388817032459054
TRINITY_DN8246_c4_g1_i1.p1,0.178157000010084
TRINITY_DN864_c0_g1_i5.p1,-0.375347717658131
TRINITY_DN9085_c0_g1_i1.p1,0.198227486898455
TRINITY_DN9689_c0_g1_i2.p1,0.332316679812088
TRINITY_DN15684_c2_g1_i1.p2,0.865285665476516
TRINITY_DN48614_c0_g1_i1.p1,-0.719838787582194
TRINITY_DN15413_c0_g1_i1.p1,-0.230580040229749
TRINITY_DN390_c0_g1_i2.p1,-1.35680122439218
TRINITY_DN16769_c0_g1_i6.p1,0.283640831401451
TRINITY_DN2950_c0_g1_i7.p1,0.831975853657704
TRINITY_DN1379_c0_g2_i3.p1,-0.677673891843658
TRINITY_DN1536_c0_g1_i3.p1,0.47189409123475
TRINITY_DN191_c4_g1_i1.p1,0.304395687143191
TRINITY_DN2751_c0_g1_i1.p1,0.163440480017933
TRINITY_DN2975_c0_g1_i2.p1,-1.32860022325624
TRINITY_DN2979_c0_g1_i12.p1,0.768749568239398
TRINITY_DN30411_c0_g1_i1.p1,-0.168541058833584
TRINITY_DN8980_c0_g4_i1.p1,-0.277474743884694
TRINITY_DN5824_c0_g3_i1.p1,-0.139773079018518
TRINITY_DN33340_c0_g1_i1.p1,-1.20485989219287
TRINITY_DN1034_c1_g1_i57.p1,0.149137697040813
TRINITY_DN13418_c0_g1_i5.p1,-0.668951836017948
TRINITY_DN8774_c0_g1_i1.p1,-0.257061754175492
TRINITY_DN9655_c0_g3_i5.p1,0.245101236730893
TRINITY_DN298_c0_g1_i1.p1,0.647743531850537
TRINITY_DN651_c1_g1_i2.p1,-0.604517313871593
TRINITY_DN3184_c0_g1_i3.p1,-0.437139216644849
TRINITY_DN10403_c0_g1_i12.p1,-0.467714756164145
TRINITY_DN6014_c0_g1_i6.p1,0.556539915915158
TRINITY_DN2111_c0_g1_i40.p1,0.821834780666304
TRINITY_DN2736_c0_g1_i1.p1,0.151347592405659
TRINITY_DN8545_c0_g1_i3.p1,0.786645131069191
TRINITY_DN449_c1_g1_i3.p1,-0.426618304370639
TRINITY_DN15796_c0_g1_i1.p1,2.1867380591429
TRINITY_DN2340_c0_g1_i39.p1,0.391343901908052
TRINITY_DN2340_c0_g1_i40.p1,0.542202644583792
TRINITY_DN1589_c3_g1_i1.p1,-0.872145847815396
TRINITY_DN4662_c1_g1_i3.p1,-0.667786435103335
TRINITY_DN14709_c0_g1_i6.p1,-0.276980206478914
TRINITY_DN25643_c0_g1_i1.p1,0.507498075851124
TRINITY_DN4119_c0_g1_i1.p1,0.805516873663823
TRINITY_DN129657_c0_g1_i1.p1,0.959811990521451
TRINITY_DN130531_c0_g1_i1.p1,-0.218661994670298
TRINITY_DN1480_c1_g1_i8.p1,0.386813427985486
TRINITY_DN1607_c0_g1_i3.p1,0.334566302634244
TRINITY_DN2187_c0_g2_i4.p1,-0.201712626427676
TRINITY_DN2467_c0_g2_i1.p2,-0.760311566884881
TRINITY_DN30871_c0_g1_i13.p1,-0.581707789219519
TRINITY_DN65345_c0_g1_i20.p1,0.756336914659818
TRINITY_DN876_c0_g1_i9.p1,0.465412800917845
TRINITY_DN90066_c0_g1_i35.p1,0.620097325489877
TRINITY_DN11185_c0_g3_i1.p1,0.417075406806016
TRINITY_DN6270_c0_g1_i3.p1,0.267345430740862
TRINITY_DN10152_c1_g2_i1.p1,0.767270810500449
TRINITY_DN14551_c1_g1_i1.p1,-0.306288447100005
TRINITY_DN145718_c0_g1_i2.p1,-0.87244499674177
TRINITY_DN2381_c0_g1_i8.p1,-0.829776731885255
TRINITY_DN2079_c0_g1_i1.p1,-0.309086429323689
TRINITY_DN7107_c0_g1_i2.p1,-0.662854772948343
TRINITY_DN11185_c0_g2_i2.p1,0.200440037851173
TRINITY_DN1094_c1_g1_i6.p1,-0.611831102519153
TRINITY_DN10284_c0_g1_i1.p1,-0.699975246625725
TRINITY_DN1407_c1_g1_i6.p1,-0.490892919808223
TRINITY_DN14745_c0_g1_i1.p1,-0.212723648298913
TRINITY_DN16562_c0_g1_i1.p1,0.22982527220846
TRINITY_DN17026_c0_g1_i3.p1,0.404618453685964
TRINITY_DN18202_c0_g1_i3.p1,-0.362168810726337
TRINITY_DN18565_c10_g1_i1.p1,0.409968504319319
TRINITY_DN2314_c0_g2_i12.p1,-0.273550794575302
TRINITY_DN23201_c0_g1_i2.p1,0.218598384936037
TRINITY_DN24260_c0_g4_i1.p1,0.727747926865551
TRINITY_DN4253_c0_g1_i3.p1,0.235521788892166
TRINITY_DN4296_c0_g2_i2.p1,-0.332534514035947
TRINITY_DN4445_c0_g1_i4.p1,-0.878190088608661
TRINITY_DN44472_c0_g1_i1.p1,0.307938331648617
TRINITY_DN69_c0_g6_i1.p1,0.326299623267999
TRINITY_DN72423_c1_g1_i1.p1,0.340884978587245
TRINITY_DN80078_c0_g1_i2.p1,-0.429812287096465
TRINITY_DN12870_c3_g1_i6.p2,-0.455516347653894
TRINITY_DN1402_c1_g1_i7.p1,-0.765227148669373
TRINITY_DN1416_c0_g2_i1.p1,-0.196638242473652
TRINITY_DN1803_c0_g2_i1.p1,-0.422330152489374
TRINITY_DN20050_c0_g1_i1.p2,0.828565842459549
TRINITY_DN258_c1_g1_i1.p1,-0.49393702150292
TRINITY_DN275_c5_g2_i1.p1,-0.42582853007616
TRINITY_DN4433_c0_g1_i5.p1,-0.241104946026333
TRINITY_DN4617_c0_g3_i1.p1,-0.812255702365209
TRINITY_DN56621_c0_g1_i1.p1,-0.274721029886686
TRINITY_DN866_c1_g2_i2.p1,-0.429887512150492
TRINITY_DN18_c5_g1_i5.p1,0.335873683257027
TRINITY_DN11643_c0_g1_i3.p1,0.638122175126199
TRINITY_DN12102_c4_g1_i1.p2,0.59715178479912
TRINITY_DN16969_c0_g1_i1.p1,-0.467334512154641
TRINITY_DN17223_c1_g1_i17.p1,-1.35911107324746
TRINITY_DN24384_c0_g1_i1.p1,0.85173897593562
TRINITY_DN25777_c0_g1_i1.p1,-0.183515994833701
TRINITY_DN36476_c0_g1_i9.p1,0.892911080178252
TRINITY_DN5133_c1_g1_i14.p1,0.320655206417532
TRINITY_DN5278_c0_g1_i1.p1,-0.272871472149595
TRINITY_DN587_c13_g1_i1.p1,0.490669253998176
TRINITY_DN1804_c1_g1_i1.p1,-0.197686656184466
TRINITY_DN531_c0_g2_i5.p1,-0.626286074656184
TRINITY_DN81109_c0_g1_i7.p1,0.454488589066758
TRINITY_DN25627_c0_g1_i1.p1,0.300007955938067
TRINITY_DN6290_c0_g1_i4.p1,1.83879542868077
TRINITY_DN8286_c0_g1_i4.p1,0.802951480177583
TRINITY_DN9134_c1_g1_i1.p1,1.00924087400038
TRINITY_DN11184_c0_g1_i5.p1,-1.07813977966656
TRINITY_DN112_c0_g3_i2.p1,-1.0504448216347
TRINITY_DN12090_c0_g1_i5.p1,0.441148871059369
TRINITY_DN13828_c1_g2_i2.p1,-0.255026058270484
TRINITY_DN1644_c0_g1_i11.p1,-0.936050527029712
TRINITY_DN3653_c0_g1_i10.p1,-0.610637233142221
TRINITY_DN3984_c0_g1_i18.p1,0.36540507213332
TRINITY_DN610_c0_g1_i6.p1,-0.596378789530162
TRINITY_DN6917_c0_g1_i3.p1,-0.479573423832068
TRINITY_DN792_c2_g1_i41.p1,-0.52470451982502
TRINITY_DN8329_c0_g1_i1.p1,0.61443256591518
TRINITY_DN8859_c0_g1_i1.p1,-0.402132849341262
TRINITY_DN9581_c0_g2_i5.p1,-0.363185959119988
TRINITY_DN15808_c0_g1_i1.p1,0.590915474714969
TRINITY_DN22958_c0_g2_i2.p1,0.246540633332669
TRINITY_DN43978_c0_g1_i1.p1,-0.984578137705794
TRINITY_DN4743_c0_g1_i1.p1,-0.644034304325772
TRINITY_DN9555_c0_g1_i8.p1,-0.556465328749603
TRINITY_DN9529_c0_g1_i12.p1,0.514047915100333
TRINITY_DN6455_c0_g1_i1.p1,0.46599539672337
TRINITY_DN21645_c0_g1_i7.p1,-0.711042007921529
TRINITY_DN533_c0_g1_i1.p1,-0.978985383946783
TRINITY_DN1117_c1_g1_i14.p1,0.614692315963341
TRINITY_DN12825_c0_g1_i1.p1,-1.01173497752224
TRINITY_DN4777_c0_g1_i4.p1,-0.294946667643329
TRINITY_DN5473_c0_g1_i5.p1,0.900511309620308
TRINITY_DN4252_c0_g1_i1.p1,-0.595503975317823
TRINITY_DN6153_c0_g1_i1.p1,-0.426757529732241
TRINITY_DN21860_c0_g1_i2.p1,-0.634670386711774
TRINITY_DN30964_c2_g1_i1.p1,-0.26967729888034
TRINITY_DN13120_c0_g1_i1.p1,-0.122759488267792
TRINITY_DN26193_c0_g1_i3.p1,0.22350366366791
TRINITY_DN5633_c0_g1_i1.p1,-0.478903421369248
TRINITY_DN8737_c0_g1_i1.p1,0.612393383833793
TRINITY_DN21204_c1_g1_i2.p1,-0.187472037581911
TRINITY_DN3564_c0_g1_i16.p1,0.809095682933449
TRINITY_DN113465_c0_g1_i1.p1,-0.521985051039016
TRINITY_DN180360_c0_g1_i1.p1,0.446214012917932
TRINITY_DN4945_c0_g1_i1.p1,-0.511754681129009
TRINITY_DN610_c0_g1_i3.p1,-0.927199811007912
TRINITY_DN8493_c0_g3_i1.p1,0.208171311442985
TRINITY_DN1033_c0_g1_i8.p1,-0.549478299768803
TRINITY_DN15531_c0_g1_i1.p1,0.260200943968404
TRINITY_DN2103_c1_g1_i3.p1,-1.0495255826479
TRINITY_DN5299_c3_g1_i1.p1,0.174547944853699
TRINITY_DN40515_c0_g1_i22.p1,-0.328172061002369
TRINITY_DN777_c0_g2_i10.p1,-0.169851557826943
TRINITY_DN9105_c0_g2_i1.p1,0.500891654861877
TRINITY_DN96_c0_g1_i21.p1,-0.2780355639574
TRINITY_DN2322_c1_g3_i1.p2,-0.210837537038831
TRINITY_DN28620_c1_g2_i3.p2,-0.399556831312311
TRINITY_DN34784_c0_g1_i2.p1,-0.629911090447976
TRINITY_DN1710_c0_g1_i3.p1,-0.545031714235536
TRINITY_DN744_c40_g1_i1.p1,-0.31239960687519
TRINITY_DN17418_c1_g1_i1.p1,-0.421788197187794
TRINITY_DN3950_c0_g1_i5.p1,-0.676094394095311
TRINITY_DN117_c52_g1_i1.p1,0.221713632511172
TRINITY_DN11800_c0_g1_i11.p1,0.942180447563087
TRINITY_DN146063_c0_g1_i1.p1,-0.285399339055204
TRINITY_DN19514_c0_g1_i8.p1,-0.750262290985825
TRINITY_DN27291_c0_g1_i35.p1,0.626069563674093
TRINITY_DN28983_c0_g1_i3.p1,-0.326979968266179
TRINITY_DN3034_c1_g2_i2.p1,-0.384342191338196
TRINITY_DN6586_c0_g1_i1.p1,-0.221088219570702
TRINITY_DN805_c0_g1_i10.p1,0.217508428874109
TRINITY_DN572_c17_g1_i1.p1,0.195718093523476
TRINITY_DN7722_c0_g2_i11.p1,0.623194062357192
TRINITY_DN54318_c0_g1_i2.p1,-0.168883688763139
TRINITY_DN5833_c0_g1_i1.p1,0.249577276564877
TRINITY_DN4131_c0_g2_i1.p1,0.302021048068474
TRINITY_DN4209_c2_g3_i2.p1,-0.25150097729525
TRINITY_DN1542_c0_g1_i12.p1,0.179752118323006
TRINITY_DN1033_c0_g1_i2.p1,-0.854356950435224
TRINITY_DN13822_c0_g1_i5.p1,0.312500005591641
TRINITY_DN4298_c0_g1_i1.p1,-0.52075841594266
TRINITY_DN6634_c0_g1_i1.p1,-0.187169915559282
TRINITY_DN1306_c2_g1_i15.p1,0.860530531121031
TRINITY_DN43537_c0_g1_i1.p1,0.363898086840132
TRINITY_DN5940_c0_g1_i6.p1,0.612413267582763
TRINITY_DN6085_c0_g1_i1.p1,2.06700227560128
TRINITY_DN8696_c0_g1_i2.p1,-0.449614851968441
TRINITY_DN13250_c0_g1_i10.p1,0.777373777131606
TRINITY_DN13734_c0_g1_i1.p1,0.594912654972393
TRINITY_DN2403_c0_g1_i39.p1,0.194619010021278
TRINITY_DN2700_c0_g2_i1.p1,-0.502870168020051
TRINITY_DN32833_c0_g1_i2.p1,0.259718835913878
TRINITY_DN328_c1_g2_i2.p1,0.236092690212245
TRINITY_DN10311_c0_g1_i1.p1,-0.490368954000184
TRINITY_DN11350_c3_g1_i1.p1,-0.343724741113688
TRINITY_DN1166_c4_g1_i1.p1,0.460800069159648
TRINITY_DN12426_c0_g1_i31.p1,0.351874024877345
TRINITY_DN145790_c0_g1_i1.p1,-0.6038821211718
TRINITY_DN2888_c14_g1_i1.p1,-0.336978750433536
TRINITY_DN29429_c4_g1_i2.p1,0.248687272875413
TRINITY_DN32864_c0_g1_i2.p1,0.58295326679473
TRINITY_DN42361_c1_g1_i1.p1,0.368139775731662
TRINITY_DN4294_c0_g1_i2.p1,-0.794084303875857
TRINITY_DN42954_c4_g1_i1.p1,0.80341800937766
TRINITY_DN4999_c0_g4_i1.p1,0.450418275937901
TRINITY_DN5381_c0_g4_i1.p1,-0.705916356203267
TRINITY_DN6785_c0_g1_i6.p1,0.591532329377945
TRINITY_DN7466_c0_g2_i1.p1,-0.743575408857694
TRINITY_DN8234_c0_g2_i4.p1,0.812479038989303
TRINITY_DN9531_c0_g1_i5.p1,-0.368116876098948
TRINITY_DN21007_c0_g2_i2.p1,0.604520413003668
TRINITY_DN938_c1_g1_i27.p1,0.486971924819223
TRINITY_DN1556_c2_g1_i24.p1,-0.590121289474098
TRINITY_DN13756_c0_g2_i1.p1,-0.618606014491232
TRINITY_DN1612_c0_g1_i1.p1,-0.514788740979337
TRINITY_DN28790_c1_g1_i3.p1,0.522671444271413
TRINITY_DN1725_c0_g2_i2.p1,-0.426932513915381
TRINITY_DN22483_c1_g1_i1.p1,-0.477601348969046
TRINITY_DN301_c0_g1_i2.p1,0.346860355772622
TRINITY_DN325_c0_g1_i9.p1,0.352178766760411
TRINITY_DN6965_c0_g1_i1.p1,-0.333488545495426
TRINITY_DN8961_c0_g1_i2.p1,-0.223623805749012
TRINITY_DN3230_c0_g1_i2.p1,-0.771356245018403
TRINITY_DN11646_c0_g2_i3.p1,0.506293413403644
TRINITY_DN8475_c0_g1_i2.p1,-0.446220946011421
TRINITY_DN13917_c0_g1_i7.p1,0.386017034476312
TRINITY_DN289_c4_g1_i2.p1,-0.207659449046025
TRINITY_DN23462_c0_g1_i2.p1,-0.390355992057023
TRINITY_DN12705_c0_g1_i9.p1,0.527397719405473
TRINITY_DN112683_c0_g1_i1.p1,2.14641405867931
TRINITY_DN43056_c0_g1_i1.p1,0.171632911961129
TRINITY_DN4600_c0_g2_i2.p1,0.176483928598131
TRINITY_DN55_c2_g1_i1.p1,0.439989447626694
TRINITY_DN1547_c0_g1_i1.p1,-0.429970788944081
TRINITY_DN2407_c0_g3_i4.p1,0.48151503865863
TRINITY_DN4940_c0_g4_i1.p1,-0.715725225134144
TRINITY_DN18638_c0_g1_i1.p1,0.295935352347739
TRINITY_DN2091_c0_g1_i2.p1,0.914296378759407
TRINITY_DN28522_c0_g1_i6.p1,0.741273747058494
TRINITY_DN417_c0_g1_i25.p1,-0.415353094400658
TRINITY_DN26003_c0_g1_i2.p1,-0.620718480409397
TRINITY_DN11287_c0_g1_i1.p1,1.39995173772018
TRINITY_DN95884_c0_g1_i1.p1,-0.161935672865514
TRINITY_DN12196_c0_g1_i14.p1,-0.448571480280191
TRINITY_DN2721_c1_g1_i3.p1,0.298520558943003
TRINITY_DN42515_c3_g1_i1.p1,0.22939188164776
TRINITY_DN46748_c0_g1_i1.p1,-0.312538466244347
TRINITY_DN1688_c0_g1_i6.p1,-0.92647887608336
TRINITY_DN3508_c1_g2_i2.p1,-0.516684240348414
TRINITY_DN359_c0_g1_i46.p1,1.14309950831862
TRINITY_DN112_c0_g1_i1.p1,-0.180191471641891
TRINITY_DN64282_c0_g1_i8.p1,-0.662111122362719
TRINITY_DN1575_c4_g1_i1.p1,2.14114458454455
TRINITY_DN23797_c0_g1_i9.p1,0.404218882553325
TRINITY_DN43932_c0_g3_i1.p1,-1.6596051633215
TRINITY_DN4483_c0_g1_i4.p1,-0.709826456598878
TRINITY_DN49244_c0_g1_i4.p1,0.866110407570227
TRINITY_DN8292_c0_g2_i1.p1,-0.371681792655368
TRINITY_DN5615_c0_g1_i9.p1,0.401508393876297
TRINITY_DN23742_c0_g1_i5.p1,0.551631485132882
TRINITY_DN37688_c0_g1_i2.p1,-0.589845612706377
TRINITY_DN7683_c0_g1_i1.p1,-0.208691022794013
TRINITY_DN1148_c0_g1_i8.p1,0.410664560632321
TRINITY_DN6140_c0_g1_i1.p1,0.759629843258408
TRINITY_DN7_c1_g1_i2.p1,0.484405009302808
TRINITY_DN1667_c0_g2_i3.p1,0.565170708748613
TRINITY_DN32999_c4_g1_i1.p1,-0.17592562866084
TRINITY_DN33327_c0_g1_i11.p1,-0.427713672090215
TRINITY_DN369_c1_g4_i3.p1,0.299292798747359
TRINITY_DN9357_c0_g1_i1.p1,-0.409384480421821
TRINITY_DN1523_c8_g1_i1.p1,0.232649748252371
TRINITY_DN2783_c0_g1_i6.p1,-0.34069635818289
TRINITY_DN27852_c0_g1_i3.p1,0.589498626149816
TRINITY_DN30702_c0_g1_i2.p1,0.677989110086173
TRINITY_DN4883_c0_g1_i12.p1,0.245360474663443
TRINITY_DN5010_c0_g1_i11.p1,0.672103066363799
TRINITY_DN6872_c0_g1_i13.p1,-0.250047657203084
TRINITY_DN7_c2_g1_i6.p1,0.322846504848885
TRINITY_DN28811_c0_g1_i1.p1,0.215739878473206
TRINITY_DN14791_c0_g1_i2.p1,-0.444505513146648
TRINITY_DN6830_c0_g2_i1.p1,-1.27196455487364
TRINITY_DN19268_c0_g1_i5.p1,0.601825364393274
TRINITY_DN26657_c0_g1_i1.p1,-0.568208148864898
TRINITY_DN27523_c0_g2_i1.p1,-0.758743986133907
TRINITY_DN59087_c0_g1_i1.p1,-0.891986679176631
TRINITY_DN8250_c0_g5_i2.p1,0.422262806827655
TRINITY_DN92_c23_g1_i1.p1,0.278691136658783
TRINITY_DN4151_c2_g1_i2.p1,-0.26595294125531
TRINITY_DN174_c0_g2_i5.p2,1.13619855355408
TRINITY_DN1827_c1_g1_i2.p1,0.448344990035783
TRINITY_DN27000_c0_g1_i3.p1,-0.514654169261264
TRINITY_DN33738_c0_g1_i2.p1,0.413191088304748
TRINITY_DN174_c0_g2_i7.p1,0.900504296296679
TRINITY_DN21168_c0_g2_i1.p1,0.760815591507934
TRINITY_DN129451_c0_g1_i1.p1,0.322549435409412
TRINITY_DN5422_c0_g1_i23.p1,-0.309918146904115
TRINITY_DN2877_c0_g2_i1.p1,0.353865310528415
TRINITY_DN8590_c0_g2_i1.p1,-0.368918444153308
TRINITY_DN1803_c0_g2_i3.p1,0.91668627416603
TRINITY_DN14907_c3_g1_i1.p1,-0.559373298053478
TRINITY_DN16994_c0_g1_i3.p1,0.511622951307837
TRINITY_DN44030_c1_g1_i1.p1,0.685563968544467
TRINITY_DN16398_c0_g1_i3.p1,0.891701923266657
TRINITY_DN1524_c0_g1_i1.p1,0.437986354901799
TRINITY_DN20649_c0_g1_i13.p1,0.669040286822526
TRINITY_DN22571_c1_g1_i3.p1,-0.513737799902603
TRINITY_DN23715_c0_g1_i1.p1,0.318820231864725
TRINITY_DN41128_c0_g1_i1.p1,0.129739266781592
TRINITY_DN4938_c0_g1_i2.p1,-0.186034457347712
TRINITY_DN13151_c0_g1_i1.p1,0.245083677703213
TRINITY_DN1564_c0_g1_i2.p1,0.629627360029644
TRINITY_DN20638_c0_g1_i1.p1,0.699788560539347
TRINITY_DN44942_c0_g2_i1.p1,0.230000700009136
TRINITY_DN4666_c11_g1_i2.p1,0.203534829203331
TRINITY_DN945_c0_g1_i2.p1,0.916197854459096
TRINITY_DN96008_c0_g1_i1.p1,-0.180496170536904
TRINITY_DN13530_c0_g1_i3.p1,-0.147247575547397
TRINITY_DN18343_c0_g1_i1.p1,-0.542540725768138
TRINITY_DN29454_c0_g1_i3.p1,0.476622212886183
TRINITY_DN25971_c0_g1_i2.p1,-0.81166075784261
TRINITY_DN42636_c0_g1_i1.p1,-1.32027999475417
TRINITY_DN10147_c0_g1_i6.p1,0.492849634944284
TRINITY_DN66883_c0_g1_i2.p1,0.43099174899385
TRINITY_DN826_c0_g1_i10.p1,-0.34924448440189
TRINITY_DN5219_c0_g2_i1.p1,0.420059478619047
TRINITY_DN4956_c0_g1_i1.p1,0.838652459707154
TRINITY_DN7848_c0_g3_i1.p1,-0.232386138255824
TRINITY_DN10000_c0_g1_i1.p1,0.164593969408902
TRINITY_DN10139_c0_g1_i3.p1,-0.389969394573521
TRINITY_DN112597_c0_g1_i1.p1,0.17897149809695
TRINITY_DN11694_c0_g1_i1.p1,-0.317765186271424
TRINITY_DN167_c0_g1_i1.p1,0.476965423315082
TRINITY_DN1788_c0_g1_i3.p1,-0.586806917197088
TRINITY_DN2406_c1_g2_i2.p1,1.90584281041531
TRINITY_DN6499_c0_g1_i18.p1,-0.555055870169622
TRINITY_DN12062_c0_g1_i4.p1,-0.498392518702492
TRINITY_DN19722_c0_g1_i2.p1,0.417452338561783
TRINITY_DN404_c0_g2_i9.p1,0.63086654853612
TRINITY_DN6679_c0_g1_i6.p1,-0.492571156602404
TRINITY_DN68210_c0_g1_i1.p1,0.651889113670657
TRINITY_DN3282_c0_g1_i1.p2,0.467030462013388
TRINITY_DN14845_c0_g1_i1.p1,-0.326858891325344
TRINITY_DN21064_c0_g1_i1.p1,-0.393771851964709
TRINITY_DN30983_c0_g1_i1.p1,0.119124847497281
TRINITY_DN5997_c1_g1_i2.p1,-0.269601897881974
TRINITY_DN10410_c1_g1_i1.p1,-0.558440755572362
TRINITY_DN12588_c2_g1_i3.p1,-0.26041960579227
TRINITY_DN1382_c10_g1_i1.p1,-0.129528919421966
TRINITY_DN14005_c1_g1_i1.p1,-0.507002338457302
TRINITY_DN1662_c0_g1_i8.p1,-0.410029807426578
TRINITY_DN182533_c0_g1_i2.p1,-0.836974771659782
TRINITY_DN18298_c0_g1_i1.p1,-0.261836790692495
TRINITY_DN20617_c0_g1_i5.p1,0.769374494367158
TRINITY_DN21466_c1_g6_i1.p1,0.2989283199271
TRINITY_DN3540_c2_g1_i1.p1,0.635582235155126
TRINITY_DN42464_c0_g1_i7.p1,-0.856066324107686
TRINITY_DN4573_c0_g1_i1.p1,-0.667002358609299
TRINITY_DN4743_c0_g1_i9.p1,1.97432427123243
TRINITY_DN681_c0_g1_i21.p1,0.5880828439797
TRINITY_DN71339_c0_g1_i1.p1,0.54716432643751
TRINITY_DN8402_c0_g1_i4.p1,-1.18296802824562
TRINITY_DN2490_c0_g1_i7.p1,-0.984438908847817
TRINITY_DN34200_c0_g1_i1.p1,0.565166386486873
TRINITY_DN113528_c0_g1_i1.p1,-0.50840805679406
TRINITY_DN2814_c0_g1_i1.p1,0.13319947632062
TRINITY_DN2235_c0_g1_i1.p1,2.43654535914562
TRINITY_DN10008_c0_g1_i2.p1,0.830114089907636
TRINITY_DN114566_c0_g1_i2.p1,0.454384533800243
TRINITY_DN28666_c0_g1_i12.p1,0.218823399389851
TRINITY_DN46111_c0_g1_i2.p1,0.366112754114742
TRINITY_DN591_c0_g1_i7.p1,-0.679041539314546
TRINITY_DN9369_c0_g1_i4.p1,0.844730316500531
TRINITY_DN6782_c0_g1_i1.p1,-0.270182558700264
TRINITY_DN14064_c6_g1_i1.p1,0.246398245013875
TRINITY_DN18_c5_g1_i3.p1,0.319408345303794
TRINITY_DN192_c0_g1_i22.p1,-0.461651449679465
TRINITY_DN19958_c0_g1_i1.p1,-0.298931270197969
TRINITY_DN22505_c0_g1_i1.p1,2.09851347899518
TRINITY_DN3207_c0_g1_i10.p1,2.05465970034438
TRINITY_DN45622_c1_g1_i7.p1,-1.05979095933213
TRINITY_DN6509_c0_g1_i2.p1,-0.712364244630052
TRINITY_DN12618_c0_g2_i1.p1,0.55373006911754
TRINITY_DN128982_c0_g1_i1.p1,-0.223508684971469
TRINITY_DN471_c0_g3_i6.p1,-0.232260770001654
TRINITY_DN512_c0_g2_i2.p1,-0.495036810058792
TRINITY_DN5282_c0_g1_i2.p1,-0.244387047021466
TRINITY_DN6715_c0_g1_i1.p1,-0.190321348467962
TRINITY_DN11889_c3_g1_i6.p1,0.559897359813013
TRINITY_DN180631_c0_g1_i1.p1,-0.286392089537999
TRINITY_DN22411_c0_g1_i1.p1,0.646439165723481
TRINITY_DN4279_c0_g1_i7.p1,0.991534244532135
TRINITY_DN5661_c0_g1_i22.p1,-0.632606760162016
TRINITY_DN6353_c0_g3_i1.p1,0.849310469670256
TRINITY_DN161409_c0_g1_i1.p1,-0.424814330247757
TRINITY_DN1642_c0_g1_i1.p1,0.255116431573082
TRINITY_DN57651_c0_g1_i1.p1,0.673555636602162
TRINITY_DN152305_c0_g1_i1.p1,0.318543449092362
TRINITY_DN35054_c0_g1_i10.p1,-0.340996781112765
TRINITY_DN9800_c0_g1_i2.p1,1.76792762373155
TRINITY_DN77145_c0_g1_i1.p1,-0.769320361793621
TRINITY_DN999_c0_g1_i3.p1,0.36414024272802
TRINITY_DN10413_c0_g1_i1.p1,0.423800542573085
TRINITY_DN22_c0_g1_i2.p1,0.728079281908238
TRINITY_DN176_c1_g1_i6.p1,-0.481486389198442
TRINITY_DN25441_c0_g1_i3.p1,0.798130493164741
TRINITY_DN4810_c0_g1_i45.p1,0.760053106950623
TRINITY_DN483_c0_g1_i9.p1,-0.376535161607712
TRINITY_DN10522_c0_g1_i10.p1,0.563153006575573
TRINITY_DN2507_c0_g1_i64.p1,-0.605407116980654
TRINITY_DN33303_c7_g1_i1.p1,0.214278493591745
TRINITY_DN110_c0_g1_i5.p1,-0.680025960605468
TRINITY_DN5770_c0_g2_i7.p1,-0.484733419758344
TRINITY_DN9918_c2_g1_i1.p1,0.358763428507234
TRINITY_DN2430_c1_g1_i17.p1,-0.242896637684931
TRINITY_DN13045_c0_g1_i2.p1,0.501142567897002
TRINITY_DN26226_c0_g1_i1.p1,-0.953259429747914
TRINITY_DN31010_c0_g1_i1.p1,0.192812692403918
TRINITY_DN31105_c0_g1_i1.p1,0.725900795857934
TRINITY_DN2262_c2_g1_i2.p1,0.621762075732621
TRINITY_DN23622_c0_g1_i2.p1,0.246328866679322
TRINITY_DN4518_c0_g2_i1.p1,0.218719138963761
TRINITY_DN38848_c0_g2_i1.p1,-0.15095445133157
TRINITY_DN10158_c0_g1_i2.p1,0.496318458949487
TRINITY_DN113110_c0_g1_i1.p1,0.178224500984728
TRINITY_DN15277_c0_g1_i1.p1,-0.372312567479807
TRINITY_DN17787_c0_g2_i2.p1,0.649904194947892
TRINITY_DN179773_c0_g1_i1.p1,0.231774303256506
TRINITY_DN1843_c1_g1_i2.p1,0.400815397265815
TRINITY_DN7089_c3_g1_i1.p1,0.233549174470197
TRINITY_DN8816_c0_g1_i1.p1,0.243794943303198
TRINITY_DN14056_c0_g1_i18.p1,-0.534754594250014
TRINITY_DN214_c0_g1_i4.p1,-0.618359839684928
TRINITY_DN27942_c0_g1_i6.p1,-0.60420363507514
TRINITY_DN594_c0_g1_i6.p1,0.311804502247421
TRINITY_DN8311_c6_g1_i1.p1,-0.198561250289649
TRINITY_DN18714_c1_g1_i1.p1,2.34630057619031
TRINITY_DN58119_c2_g1_i1.p1,0.253021318469627
TRINITY_DN18780_c2_g1_i1.p1,-0.236525098679012
TRINITY_DN41277_c0_g1_i1.p1,0.572662812332465
TRINITY_DN1308_c0_g1_i7.p1,0.556739936996274
TRINITY_DN2543_c0_g1_i16.p1,-0.682219291553383
TRINITY_DN6668_c0_g1_i2.p1,0.24496522942554
TRINITY_DN18673_c0_g1_i64.p1,0.566879311782954
TRINITY_DN6583_c0_g2_i18.p1,-0.914342295144185
TRINITY_DN3621_c1_g1_i1.p1,0.719069065493234
TRINITY_DN368_c0_g1_i50.p1,0.776227916191385
TRINITY_DN7258_c0_g1_i4.p1,-0.826178139565223
TRINITY_DN96045_c0_g1_i1.p1,2.34200723266375
TRINITY_DN1902_c1_g1_i1.p1,-0.579818681951351
TRINITY_DN17825_c0_g1_i5.p1,-0.374947236195094
TRINITY_DN613_c1_g1_i1.p2,0.249348047020196
TRINITY_DN1863_c0_g1_i6.p1,-0.693476952363288
TRINITY_DN33960_c0_g1_i1.p1,-0.303625093707209
TRINITY_DN96092_c0_g1_i1.p1,1.97221463032923
TRINITY_DN754_c1_g2_i4.p1,-0.240111859651876
TRINITY_DN35578_c0_g1_i1.p1,2.19336576234885
TRINITY_DN7879_c0_g1_i1.p1,-0.242112643989669
TRINITY_DN161143_c0_g1_i1.p1,0.217082370097137
TRINITY_DN2381_c0_g1_i9.p1,-0.368742203490716
TRINITY_DN24861_c0_g1_i12.p1,-0.436778418264216
TRINITY_DN25597_c1_g2_i2.p1,-0.999905840675677
TRINITY_DN1027_c5_g1_i1.p1,0.541637763357611
TRINITY_DN2083_c0_g2_i1.p1,0.281726268010907
TRINITY_DN21064_c0_g1_i3.p1,-0.389874403662699
TRINITY_DN22452_c0_g1_i1.p1,0.150133317462454
TRINITY_DN2322_c0_g2_i4.p1,-0.739693256027393
TRINITY_DN56_c2_g1_i1.p1,0.628462516784082
TRINITY_DN11441_c0_g1_i1.p1,0.425604144492911
TRINITY_DN129117_c0_g1_i1.p1,0.201172579956278
TRINITY_DN16170_c0_g1_i2.p1,-0.259365065189042
TRINITY_DN21714_c0_g1_i26.p1,-1.10959837316752
TRINITY_DN4663_c3_g1_i1.p1,2.56590339861797
TRINITY_DN610_c0_g1_i7.p1,-0.969303507308556
TRINITY_DN6626_c1_g1_i2.p1,-0.325025291530032
TRINITY_DN11787_c0_g1_i2.p1,-0.221395572861584
TRINITY_DN1217_c0_g1_i40.p1,0.296639097839684
TRINITY_DN129233_c0_g1_i1.p1,-0.617431047878316
TRINITY_DN1312_c0_g1_i7.p1,-0.710876683491785
TRINITY_DN14004_c0_g2_i2.p1,0.306470576699274
TRINITY_DN6219_c1_g1_i1.p1,-1.25223310668089
TRINITY_DN9943_c0_g1_i1.p1,0.202386802872297
TRINITY_DN15387_c1_g1_i5.p1,0.714017073033905
TRINITY_DN10345_c0_g2_i2.p1,0.654132132678164
TRINITY_DN13671_c0_g2_i4.p1,0.537257175197731
TRINITY_DN20649_c0_g1_i15.p1,-0.428921722657752
TRINITY_DN304_c17_g1_i2.p1,-1.19775833050166
TRINITY_DN3649_c0_g1_i1.p1,0.226099922958979
TRINITY_DN11220_c0_g1_i3.p1,0.16596464717527
TRINITY_DN1213_c1_g1_i60.p1,-0.688162862867305
TRINITY_DN19873_c0_g1_i1.p1,-0.280573921767433
TRINITY_DN2507_c0_g1_i98.p1,-0.489183394383958
TRINITY_DN26001_c0_g1_i5.p1,0.300405385390697
TRINITY_DN5396_c4_g1_i2.p1,-0.725405208837199
TRINITY_DN8868_c0_g2_i1.p1,-0.226936019721083
TRINITY_DN8371_c0_g1_i10.p1,0.410543542291626
TRINITY_DN10052_c0_g1_i4.p1,-0.384733560983526
TRINITY_DN178995_c0_g1_i1.p1,0.702915091763098
TRINITY_DN10121_c0_g1_i2.p1,-0.140770764030922
TRINITY_DN15204_c0_g1_i2.p1,-0.178270055924006
TRINITY_DN21867_c0_g1_i5.p1,-0.402176662499784
TRINITY_DN2285_c2_g2_i3.p1,-0.96292362222212
TRINITY_DN30698_c0_g1_i5.p1,-0.216555804712929
TRINITY_DN30871_c0_g1_i9.p1,0.232354050858299
TRINITY_DN35894_c1_g1_i1.p1,-0.65024006586547
TRINITY_DN4320_c0_g1_i3.p1,0.68683505236362
TRINITY_DN452_c0_g1_i3.p1,0.389101543539669
TRINITY_DN5602_c0_g1_i1.p1,0.335347011348883
TRINITY_DN10289_c0_g1_i1.p1,0.320092324799124
TRINITY_DN40808_c0_g1_i1.p1,-0.460401735741607
TRINITY_DN5912_c0_g1_i1.p1,-0.235370752157678
TRINITY_DN10128_c0_g1_i2.p1,0.689617684074068
TRINITY_DN12592_c0_g1_i5.p1,-0.27066536796068
TRINITY_DN15518_c0_g1_i2.p1,1.12834188221149
TRINITY_DN172_c0_g1_i2.p1,0.400870723112238
TRINITY_DN3648_c0_g1_i8.p1,0.5462321200699
TRINITY_DN38887_c1_g1_i1.p1,0.724634781021342
TRINITY_DN43409_c1_g2_i1.p1,-0.586690460481765
TRINITY_DN8991_c0_g1_i1.p1,0.555294591097384
TRINITY_DN4410_c0_g1_i3.p1,-0.83146016925121
TRINITY_DN594_c0_g1_i8.p1,0.155117529548907
TRINITY_DN9509_c0_g1_i1.p1,-1.35674406666937
TRINITY_DN14939_c0_g3_i3.p1,-0.222954410179283
TRINITY_DN533_c0_g3_i2.p1,-0.289384833472219
TRINITY_DN3925_c0_g1_i1.p1,-0.277949464115375
TRINITY_DN172_c0_g1_i15.p1,-0.285322071894544
TRINITY_DN18852_c0_g1_i1.p1,2.17067042825018
TRINITY_DN32142_c0_g1_i1.p1,0.242545725520123
TRINITY_DN33533_c0_g1_i1.p1,0.143576016626957
TRINITY_DN3696_c2_g1_i1.p1,-0.24302733982204
TRINITY_DN40079_c0_g1_i1.p1,0.184422710115291
TRINITY_DN42762_c0_g1_i8.p1,-0.540854965290513
TRINITY_DN717_c0_g1_i4.p1,0.229590411168846
TRINITY_DN7920_c0_g1_i3.p1,-0.283268475937629
TRINITY_DN41208_c1_g1_i1.p1,0.583102579512177
TRINITY_DN5088_c0_g1_i4.p1,0.434884184553233
TRINITY_DN10183_c0_g1_i2.p1,-0.20270111376002
TRINITY_DN29253_c0_g1_i1.p1,-2.32968848303196
TRINITY_DN40644_c1_g1_i15.p1,0.260738497135404
TRINITY_DN8736_c2_g1_i4.p1,-0.771719776903545
TRINITY_DN205_c0_g3_i1.p1,0.649005757763449
TRINITY_DN2362_c3_g1_i2.p1,-0.480179474449903
TRINITY_DN32445_c1_g3_i1.p1,-0.373784395631815
TRINITY_DN1793_c0_g2_i5.p1,-0.437555865955294
TRINITY_DN2750_c2_g1_i6.p1,-0.218032938913681
TRINITY_DN597_c0_g1_i21.p1,-1.38328200079141
TRINITY_DN23480_c0_g1_i1.p1,0.335817671357154
TRINITY_DN20240_c0_g1_i1.p1,0.306746212973575
TRINITY_DN20528_c0_g1_i4.p1,0.29039778890911
TRINITY_DN384_c0_g1_i3.p1,-0.4373790484371
TRINITY_DN20854_c2_g1_i4.p1,-0.257713691540485
TRINITY_DN45371_c0_g1_i48.p1,-0.313829044697657
TRINITY_DN4635_c0_g2_i2.p1,0.248306686591176
TRINITY_DN5784_c0_g1_i5.p1,-0.874289696547241
TRINITY_DN84_c0_g1_i2.p1,-0.494185369315438
TRINITY_DN908_c0_g2_i1.p1,-0.326152492620555
TRINITY_DN13098_c2_g1_i1.p1,0.381534992768596
TRINITY_DN11683_c0_g1_i10.p1,-0.703874036131172
TRINITY_DN178883_c0_g1_i1.p1,0.578084850701503
TRINITY_DN5923_c0_g1_i4.p1,0.569018264484639
TRINITY_DN68591_c1_g1_i1.p1,0.335362818945308
TRINITY_DN47347_c0_g1_i2.p1,-0.456153428253651
TRINITY_DN21968_c0_g3_i1.p1,-0.168362612598292
TRINITY_DN15404_c0_g1_i1.p1,-0.330795616859257
TRINITY_DN4186_c0_g1_i1.p1,0.195518034010331
TRINITY_DN179869_c0_g1_i1.p1,0.142613197889048
TRINITY_DN1586_c0_g1_i1.p1,0.349573755697721
TRINITY_DN3529_c6_g1_i1.p1,0.269001585266561
TRINITY_DN865_c0_g1_i1.p1,-0.418388698494712
TRINITY_DN9133_c0_g1_i1.p1,-0.28286432748337
TRINITY_DN10410_c0_g1_i5.p1,0.165893432628177
TRINITY_DN12549_c0_g2_i2.p1,0.134889902582632
TRINITY_DN1281_c1_g1_i8.p1,0.544516974058921
TRINITY_DN1553_c0_g1_i1.p1,-0.542524672055614
TRINITY_DN19383_c1_g1_i9.p1,0.382882874309777
TRINITY_DN19464_c0_g1_i1.p1,0.571495010479274
TRINITY_DN27391_c0_g1_i4.p1,-0.501966216320183
TRINITY_DN280_c0_g2_i2.p1,-0.207389395200059
TRINITY_DN29423_c0_g1_i1.p1,1.84083753730663
TRINITY_DN62569_c2_g1_i2.p1,-0.698625049415247
TRINITY_DN7101_c0_g1_i5.p1,-0.707257337906263
TRINITY_DN91_c1_g1_i11.p1,0.577851163963452
TRINITY_DN6270_c0_g1_i6.p1,-0.217566426032677
TRINITY_DN42482_c0_g1_i1.p1,-0.387873043067267
TRINITY_DN7966_c2_g1_i4.p1,-0.568728323173123
TRINITY_DN681_c0_g1_i13.p1,0.320902026336752
TRINITY_DN161365_c0_g1_i2.p1,-0.453476253978494
TRINITY_DN16859_c0_g5_i1.p1,0.444417926616484
TRINITY_DN22177_c0_g1_i4.p1,-0.656381634162087
TRINITY_DN1247_c0_g1_i1.p1,0.344108965346353
TRINITY_DN4096_c0_g1_i9.p1,0.794958681984533
TRINITY_DN4769_c4_g1_i1.p1,-0.44850134439552
TRINITY_DN2413_c4_g1_i1.p1,-0.446140412763336
TRINITY_DN10680_c0_g1_i2.p1,0.14830069877542
TRINITY_DN4152_c0_g1_i4.p1,0.804377458032489
TRINITY_DN3956_c0_g1_i1.p1,-0.475934232668217
TRINITY_DN280_c0_g2_i1.p1,-0.786529950248841
TRINITY_DN61217_c0_g1_i3.p1,-0.370382507350391
TRINITY_DN3095_c0_g1_i2.p1,-0.163007969723431
TRINITY_DN8518_c0_g1_i2.p1,0.222473284778694
TRINITY_DN14998_c0_g1_i2.p1,-0.319761751751656
TRINITY_DN27012_c2_g3_i1.p1,-0.226124042942531
TRINITY_DN37975_c1_g1_i1.p1,-0.353322110955385
TRINITY_DN2187_c0_g2_i3.p1,-0.3032558094045
TRINITY_DN10217_c0_g3_i6.p1,-0.325164228318735
TRINITY_DN113660_c0_g1_i1.p1,2.11255294636151
TRINITY_DN1525_c0_g1_i1.p1,-0.362307854797093
TRINITY_DN17784_c0_g1_i1.p1,-0.414265189401335
TRINITY_DN25392_c0_g1_i3.p1,0.639594169598011
TRINITY_DN37184_c0_g2_i3.p1,1.76056560755225
TRINITY_DN5310_c0_g1_i3.p1,-0.520863622704822
TRINITY_DN5771_c0_g1_i1.p1,0.316999975357135
TRINITY_DN6184_c0_g1_i6.p1,-0.676369298133551
TRINITY_DN66412_c0_g1_i5.p1,0.84474760846644
TRINITY_DN7849_c0_g1_i2.p1,1.00047978918793
TRINITY_DN82323_c0_g1_i1.p1,-0.399682228621698
TRINITY_DN24501_c0_g1_i1.p1,-0.723496156392498
TRINITY_DN1245_c0_g1_i15.p1,-0.965181443482316
TRINITY_DN12491_c0_g1_i4.p1,0.594792548258286
TRINITY_DN16494_c1_g1_i5.p1,0.631457103426481
TRINITY_DN1783_c0_g1_i1.p1,-0.149565687160622
TRINITY_DN2500_c0_g1_i3.p1,-0.658753284775527
TRINITY_DN62382_c0_g1_i4.p1,-0.403793262365046
TRINITY_DN6354_c0_g1_i1.p1,0.483904403349342
TRINITY_DN7549_c0_g1_i1.p1,-0.19233105152153
TRINITY_DN78494_c0_g1_i1.p1,-0.95439529168622
TRINITY_DN8671_c1_g3_i3.p1,0.381592612879307
TRINITY_DN19627_c3_g1_i3.p1,-0.480732039300556
TRINITY_DN19136_c0_g1_i1.p1,-0.253600555073478
TRINITY_DN3351_c0_g1_i2.p1,0.628352081762537
TRINITY_DN3644_c1_g1_i1.p1,-0.387245223488737
TRINITY_DN2475_c0_g1_i5.p1,-0.355316920776445
TRINITY_DN179041_c0_g1_i1.p1,0.150239326107831
TRINITY_DN7232_c0_g1_i1.p1,0.251512540055308
TRINITY_DN19864_c0_g1_i1.p1,-0.127039369179492
TRINITY_DN13020_c2_g1_i28.p1,-0.543636926585094
TRINITY_DN1654_c1_g1_i8.p1,0.285595539220337
TRINITY_DN20838_c1_g1_i2.p1,0.347546896760872
TRINITY_DN50_c9_g1_i1.p1,-0.202037372398283
TRINITY_DN13746_c0_g1_i1.p1,-0.275252885801848
TRINITY_DN145693_c0_g1_i1.p1,-0.213370081685289
TRINITY_DN2444_c1_g1_i1.p1,0.227331610819081
TRINITY_DN24760_c2_g1_i1.p1,-0.777362344674458
TRINITY_DN29342_c0_g2_i1.p1,-0.197384421430023
TRINITY_DN3870_c0_g1_i1.p1,-0.480316706929806
TRINITY_DN4496_c0_g2_i6.p1,-0.308442429642927
TRINITY_DN467_c4_g1_i1.p1,1.90992748832417
TRINITY_DN83390_c0_g1_i11.p1,-0.554239062459051
TRINITY_DN12945_c1_g2_i1.p1,-0.578315628089973
TRINITY_DN43679_c2_g1_i1.p1,-0.330339713065042
TRINITY_DN49171_c0_g2_i6.p1,-0.283305770410049
TRINITY_DN67251_c0_g1_i1.p1,-0.434049400428849
TRINITY_DN99277_c0_g1_i1.p1,2.3856952900296
TRINITY_DN26405_c0_g2_i2.p1,0.197693297430791
TRINITY_DN9279_c0_g1_i1.p1,-0.841917259083641
TRINITY_DN9339_c0_g1_i1.p1,0.78465824402721
TRINITY_DN14684_c0_g1_i1.p1,-0.417329253456078
TRINITY_DN1589_c3_g1_i3.p1,-0.573155629402502
TRINITY_DN16756_c0_g3_i3.p1,0.618219760936739
TRINITY_DN325_c0_g1_i6.p1,-5.99384029872351
TRINITY_DN435_c0_g1_i2.p1,0.510913355800465
TRINITY_DN5891_c0_g1_i1.p1,-0.151619743899375
TRINITY_DN8831_c0_g1_i9.p1,2.2003736514199
TRINITY_DN2142_c0_g1_i1.p1,-0.101939634810096
TRINITY_DN2760_c2_g1_i14.p1,0.434772127521859
TRINITY_DN458_c10_g1_i1.p1,-0.264718153143436
TRINITY_DN6702_c0_g1_i1.p1,0.236857939044255
TRINITY_DN87505_c0_g1_i1.p1,-0.399961173494775
TRINITY_DN12527_c0_g1_i1.p1,-0.102888919662697
TRINITY_DN2809_c0_g1_i28.p1,0.491164441815347
TRINITY_DN3405_c0_g1_i6.p1,0.671054097861444
TRINITY_DN8493_c0_g1_i4.p1,0.278616883660644
TRINITY_DN129879_c0_g1_i1.p1,-0.241971155537016
TRINITY_DN3857_c0_g1_i1.p1,0.696966174223193
TRINITY_DN7128_c0_g1_i5.p1,0.238918282641134
TRINITY_DN10615_c0_g1_i1.p1,-0.553723303855334
TRINITY_DN112165_c0_g1_i2.p1,0.68738279113959
TRINITY_DN3550_c0_g1_i4.p1,0.22264200928187
TRINITY_DN7693_c0_g1_i1.p1,0.372381506379981
TRINITY_DN12136_c0_g1_i1.p1,0.202249011517253
TRINITY_DN3851_c0_g1_i3.p1,-0.823978181594137
TRINITY_DN48039_c0_g1_i1.p1,0.470654318236464
TRINITY_DN128793_c0_g1_i1.p1,0.935426880853157
TRINITY_DN147883_c0_g1_i1.p1,2.15721077039246
TRINITY_DN1745_c0_g1_i1.p1,0.167861626094702
TRINITY_DN17873_c0_g1_i1.p1,-0.16873589731789
TRINITY_DN1926_c3_g1_i1.p1,-0.184689147828173
TRINITY_DN21688_c0_g1_i5.p1,-0.838776802187193
TRINITY_DN4321_c0_g1_i1.p1,0.225561567414123
TRINITY_DN23474_c0_g1_i7.p1,0.397800239106131
TRINITY_DN2581_c0_g1_i10.p1,0.503155422393932
TRINITY_DN4435_c3_g1_i2.p1,0.629829310412545
TRINITY_DN47465_c0_g1_i2.p1,-0.976273083600212
TRINITY_DN1280_c0_g1_i7.p1,0.801031825469912
TRINITY_DN6932_c0_g1_i2.p1,0.756175820464962
TRINITY_DN12323_c0_g1_i8.p1,0.352392319013848
TRINITY_DN15455_c0_g2_i2.p1,0.394104656730568
TRINITY_DN67251_c0_g1_i2.p1,-0.413983784164417
TRINITY_DN8736_c1_g1_i33.p1,0.376123527671681
TRINITY_DN10858_c0_g1_i1.p1,0.635835062479969
TRINITY_DN11201_c0_g2_i3.p1,0.537041981934091
TRINITY_DN11459_c0_g1_i5.p1,-0.280520606094652
TRINITY_DN1214_c11_g1_i1.p1,-0.223514965345809
TRINITY_DN5621_c0_g1_i1.p1,0.532663391301194
TRINITY_DN5850_c0_g1_i1.p1,-0.350845940940146
TRINITY_DN164097_c0_g1_i1.p1,2.22185826978113
TRINITY_DN376_c0_g1_i2.p1,0.600412480419556
TRINITY_DN3946_c0_g2_i9.p1,-0.432113017090448
TRINITY_DN84406_c0_g1_i2.p1,0.670350667703871
TRINITY_DN1673_c1_g2_i3.p1,0.300491878671803
TRINITY_DN42810_c0_g1_i1.p1,-0.403043739130379
TRINITY_DN16528_c0_g1_i1.p1,-0.68738513803482
TRINITY_DN22879_c0_g1_i1.p1,0.336040288387945
TRINITY_DN42475_c0_g1_i2.p1,-1.10730275834073
TRINITY_DN526_c0_g1_i4.p1,-0.422393039096565
TRINITY_DN1559_c4_g1_i1.p1,-0.286821747123091
TRINITY_DN16236_c0_g1_i1.p1,-0.230172669924239
TRINITY_DN1644_c0_g1_i37.p1,-0.979542694479159
TRINITY_DN2290_c0_g1_i2.p1,1.61143029709146
TRINITY_DN31250_c0_g1_i1.p1,-0.166427838028682
TRINITY_DN333_c0_g1_i14.p1,0.376334173196047
TRINITY_DN44079_c0_g1_i7.p1,-0.580059249424054
TRINITY_DN1901_c0_g1_i6.p1,0.765774328860422
TRINITY_DN2299_c0_g3_i2.p1,0.532551252297114
TRINITY_DN20920_c0_g1_i2.p1,-0.85867019066315
TRINITY_DN904_c0_g1_i1.p1,0.25201853433774
TRINITY_DN8651_c0_g1_i4.p1,0.291618159436943
TRINITY_DN1739_c0_g1_i14.p1,-0.265850368175009
TRINITY_DN501_c1_g1_i8.p1,0.275059503602608
TRINITY_DN27153_c0_g1_i1.p1,0.16587142701248
TRINITY_DN2543_c0_g1_i14.p1,0.62171405016872
TRINITY_DN17756_c0_g1_i2.p1,-0.342094135811206
TRINITY_DN38752_c0_g1_i2.p1,0.214504349213378
TRINITY_DN9228_c0_g1_i1.p1,-0.392017251488226
TRINITY_DN12687_c0_g1_i6.p1,-0.398917955431803
TRINITY_DN26679_c0_g1_i14.p1,0.701104989725431
TRINITY_DN22129_c0_g1_i3.p1,-0.46502582905036
TRINITY_DN11022_c2_g1_i1.p1,0.159863938235178
TRINITY_DN15620_c0_g1_i3.p1,0.587454578793663
TRINITY_DN4205_c2_g1_i1.p1,-0.799137237352516
TRINITY_DN501_c2_g3_i8.p1,0.271036232053781
TRINITY_DN50788_c4_g1_i1.p1,-0.732392038297998
TRINITY_DN5116_c0_g1_i1.p1,-0.182556704324981
TRINITY_DN5828_c0_g1_i6.p1,0.845375962121883
TRINITY_DN129780_c0_g1_i1.p1,-0.669900311937094
TRINITY_DN13488_c1_g1_i1.p1,-0.259203242357866
TRINITY_DN6093_c0_g1_i3.p1,1.99534434461176
TRINITY_DN15550_c0_g1_i1.p1,-0.156931829604188
TRINITY_DN16451_c1_g1_i1.p1,-0.487053640874558
TRINITY_DN20422_c0_g2_i2.p1,-0.20042106079081
TRINITY_DN24564_c0_g1_i10.p1,0.146220118699688
TRINITY_DN25010_c0_g1_i2.p1,-0.387703197012547
TRINITY_DN26264_c1_g1_i15.p1,0.218605868326932
TRINITY_DN2798_c0_g2_i4.p1,0.250528392091943
TRINITY_DN28541_c0_g1_i1.p2,0.832584912758604
TRINITY_DN303_c0_g1_i39.p1,0.56231883886003
TRINITY_DN3062_c0_g1_i6.p1,0.918099026075989
TRINITY_DN3078_c0_g2_i2.p1,0.789238028459318
TRINITY_DN32675_c0_g2_i2.p1,0.543994813147534
TRINITY_DN43410_c1_g1_i2.p1,0.474017986781385
TRINITY_DN4586_c0_g1_i1.p1,-0.312191766327286
TRINITY_DN5413_c0_g1_i6.p1,0.308311772613764
TRINITY_DN676_c0_g1_i7.p1,0.22639290213233
TRINITY_DN7001_c0_g1_i1.p1,-0.237280245138579
TRINITY_DN7014_c0_g1_i1.p1,-0.144865196427544
TRINITY_DN731_c0_g1_i8.p2,-0.539157649456101
TRINITY_DN792_c2_g1_i1.p1,-0.655725266495844
TRINITY_DN841_c0_g1_i11.p1,-0.844742156494537
TRINITY_DN949_c2_g1_i2.p1,-0.78343677346795
TRINITY_DN501_c2_g2_i3.p1,0.320350131456278
TRINITY_DN6943_c0_g1_i4.p1,-0.20852402876883
TRINITY_DN2012_c10_g1_i1.p1,0.203881421611728
TRINITY_DN8372_c1_g1_i5.p1,0.792267203947041
TRINITY_DN12057_c0_g1_i1.p1,-0.259145024201056
TRINITY_DN130650_c0_g1_i1.p1,0.24876014091235
TRINITY_DN18493_c4_g1_i1.p1,0.590193776374786
TRINITY_DN2099_c0_g1_i10.p1,0.539841383592275
TRINITY_DN29543_c0_g1_i4.p1,0.415332791952419
TRINITY_DN3245_c0_g1_i1.p1,2.79088143938218
TRINITY_DN33327_c0_g1_i6.p1,-0.439169292583405
TRINITY_DN38_c29_g1_i1.p1,0.354708590587758
TRINITY_DN12111_c0_g1_i1.p1,0.25244972225976
TRINITY_DN10008_c0_g1_i1.p1,0.512881899189716
TRINITY_DN2494_c0_g2_i2.p1,-0.138997166747575
TRINITY_DN25951_c0_g1_i2.p1,0.966904177018178
TRINITY_DN40401_c0_g1_i1.p1,0.402909932664212
TRINITY_DN4292_c2_g1_i6.p1,-0.202552657767676
TRINITY_DN57048_c0_g1_i1.p1,0.492223765455936
TRINITY_DN1352_c0_g1_i18.p1,-0.843537180569143
TRINITY_DN18915_c0_g1_i8.p1,0.817856354826353
TRINITY_DN23199_c0_g1_i2.p1,-0.173281736226187
TRINITY_DN24519_c0_g1_i1.p1,0.440829074142194
TRINITY_DN26622_c0_g1_i1.p1,0.265672458516288
TRINITY_DN487_c1_g1_i11.p1,-0.297599078987468
TRINITY_DN20832_c0_g1_i1.p1,-0.568016760290284
TRINITY_DN35_c4_g1_i1.p1,-0.257414567888291
TRINITY_DN21067_c0_g2_i5.p1,1.0884165242677
TRINITY_DN1140_c0_g1_i4.p1,0.471429909291839
TRINITY_DN12117_c0_g1_i2.p1,-0.260170824058856
TRINITY_DN14928_c2_g1_i1.p1,0.305707969562902
TRINITY_DN1574_c1_g1_i3.p1,-0.135089177051814
TRINITY_DN1861_c6_g1_i1.p1,-0.488551533362546
TRINITY_DN18965_c0_g1_i2.p1,0.287613236242902
TRINITY_DN19879_c5_g1_i1.p1,0.304604170194495
TRINITY_DN20463_c3_g1_i2.p1,0.416159190696789
TRINITY_DN24649_c0_g1_i2.p1,-0.341658202001827
TRINITY_DN25866_c0_g1_i4.p1,0.238355717855907
TRINITY_DN3009_c0_g1_i1.p1,0.134871638469684
TRINITY_DN3039_c0_g1_i10.p1,-0.317947707264446
TRINITY_DN34554_c0_g1_i6.p1,0.249474607161178
TRINITY_DN3563_c3_g1_i1.p1,-0.637349410365328
TRINITY_DN4268_c1_g1_i3.p1,0.456069912302379
TRINITY_DN5055_c0_g1_i1.p1,0.787511631672004
TRINITY_DN5488_c3_g1_i1.p1,-0.211386698724324
TRINITY_DN5528_c0_g1_i2.p1,-0.443006662358641
TRINITY_DN5657_c0_g1_i20.p1,0.314203613728514
TRINITY_DN772_c0_g1_i12.p1,-0.869380082925383
TRINITY_DN78_c4_g1_i3.p1,-0.188054370519854
TRINITY_DN8675_c0_g1_i1.p1,-0.269496377726962
TRINITY_DN1868_c1_g1_i2.p1,0.54298053816867
TRINITY_DN4355_c1_g2_i1.p1,0.518231883758015
TRINITY_DN17770_c0_g1_i1.p1,-0.29649761528109
TRINITY_DN20151_c0_g1_i1.p1,-0.152635952091268
TRINITY_DN25199_c0_g1_i1.p1,0.217410273431125
TRINITY_DN5139_c0_g1_i1.p1,-0.774832906699599
TRINITY_DN55_c0_g2_i12.p1,0.259712870632159
TRINITY_DN8876_c0_g1_i15.p1,0.401129236312926
TRINITY_DN900_c0_g1_i6.p1,0.658380874522351
TRINITY_DN30189_c0_g1_i1.p1,0.37204745343714
TRINITY_DN3462_c0_g1_i7.p1,0.605526923144401
TRINITY_DN35528_c0_g1_i6.p1,-0.332402241709752
TRINITY_DN1116_c0_g1_i2.p1,-0.648842859440323
TRINITY_DN12272_c0_g2_i11.p1,-0.270458496607984
TRINITY_DN13060_c0_g2_i2.p1,-0.244827972034664
TRINITY_DN203_c0_g1_i7.p1,-0.489343354909006
TRINITY_DN23605_c0_g1_i77.p1,0.458815670997291
TRINITY_DN2500_c0_g1_i2.p1,-0.722089617934901
TRINITY_DN26259_c0_g1_i1.p1,0.170206061082537
TRINITY_DN32299_c3_g1_i15.p1,0.327906000367577
TRINITY_DN554_c0_g2_i2.p1,-0.253040210192118
TRINITY_DN97573_c0_g1_i1.p1,0.166090370593525
TRINITY_DN145451_c0_g1_i1.p1,-0.487823441773178
TRINITY_DN1868_c0_g1_i2.p1,-0.383181429847923
TRINITY_DN20033_c0_g1_i1.p1,0.252226283865777
TRINITY_DN22891_c0_g1_i1.p1,-0.260133049235876
TRINITY_DN8898_c0_g2_i3.p1,-0.297380936556439
TRINITY_DN1034_c1_g1_i36.p1,0.472061027683905
TRINITY_DN179968_c0_g1_i1.p1,-0.265405998578376
TRINITY_DN4261_c0_g1_i5.p1,-0.358781246781827
TRINITY_DN8892_c0_g1_i1.p1,-0.308748958077129
TRINITY_DN614_c0_g1_i19.p1,0.623721043435116
TRINITY_DN7729_c0_g1_i5.p1,0.733382558133796
TRINITY_DN5323_c0_g2_i1.p1,-0.369963911395933
TRINITY_DN1016_c0_g2_i18.p1,-5.77491897081795
TRINITY_DN10214_c0_g1_i4.p1,0.677668344460255
TRINITY_DN1176_c0_g3_i1.p1,0.405165179984812
TRINITY_DN13289_c0_g1_i1.p1,-0.19108413807015
TRINITY_DN1359_c1_g1_i3.p1,-0.573618921397683
TRINITY_DN14218_c0_g2_i2.p1,0.427710993123164
TRINITY_DN1481_c0_g1_i2.p1,0.265638680189439
TRINITY_DN14961_c0_g3_i10.p1,-0.514738635813283
TRINITY_DN18992_c0_g1_i2.p1,-0.541667181933855
TRINITY_DN19039_c0_g1_i1.p1,0.530076704548025
TRINITY_DN2208_c0_g1_i1.p1,0.116535601880139
TRINITY_DN2459_c0_g1_i2.p1,2.50214245237031
TRINITY_DN35140_c0_g1_i2.p1,-0.57405949783548
TRINITY_DN54129_c0_g2_i1.p1,-0.307132832988648
TRINITY_DN7447_c0_g1_i1.p1,-0.423308152788933
TRINITY_DN7780_c0_g1_i1.p1,0.262838136224742
TRINITY_DN13497_c0_g1_i2.p1,0.292041798425937
TRINITY_DN21681_c4_g1_i1.p1,-0.592691969810249
TRINITY_DN10204_c0_g3_i1.p1,0.399733598983272
TRINITY_DN11001_c1_g1_i1.p2,0.436289139114796
TRINITY_DN2119_c1_g1_i24.p1,-0.243364276111759
TRINITY_DN26768_c0_g1_i5.p1,0.550582000333033
TRINITY_DN4400_c0_g1_i2.p1,0.270520045755942
TRINITY_DN10457_c0_g1_i2.p1,0.564396869348013
TRINITY_DN1094_c1_g5_i1.p1,-0.20045341400117
TRINITY_DN1364_c0_g1_i2.p1,-0.333286278735833
TRINITY_DN2431_c3_g1_i4.p1,-0.247203643891135
TRINITY_DN15012_c0_g1_i1.p1,0.495327135873424
TRINITY_DN9164_c0_g1_i1.p1,-0.165327878002757
TRINITY_DN1213_c1_g1_i78.p1,-0.496484899750557
TRINITY_DN10718_c0_g1_i1.p1,-0.199333843210054
TRINITY_DN24341_c0_g1_i12.p1,-0.65900816555297
TRINITY_DN5493_c0_g2_i1.p1,0.107882902193998
TRINITY_DN1636_c0_g1_i4.p1,0.395043893761558
TRINITY_DN2404_c0_g1_i3.p1,0.470233167498106
TRINITY_DN7806_c0_g1_i1.p1,0.127482894658001
TRINITY_DN1314_c6_g1_i1.p1,-0.173186845972089
TRINITY_DN7434_c0_g1_i1.p1,0.897619121733126
TRINITY_DN14908_c0_g1_i2.p1,0.382333132001901
TRINITY_DN1470_c1_g1_i2.p1,0.239176841528714
TRINITY_DN62143_c0_g1_i8.p1,0.289215858252791
TRINITY_DN93750_c0_g1_i1.p1,-0.614928735421553
TRINITY_DN32194_c0_g1_i2.p1,0.253501442056228
TRINITY_DN3780_c0_g1_i3.p1,0.604253679241761
TRINITY_DN40324_c0_g1_i1.p1,0.18180378246606
TRINITY_DN4435_c1_g1_i8.p1,-0.245894505545511
TRINITY_DN18284_c2_g1_i1.p1,0.260507928659378
TRINITY_DN2699_c0_g2_i1.p1,-0.26654489579995
TRINITY_DN9701_c0_g1_i3.p1,-0.278328937505572
TRINITY_DN42426_c0_g1_i3.p1,-0.633245475453426
TRINITY_DN11130_c8_g1_i1.p1,0.67061147665584
TRINITY_DN161641_c0_g1_i1.p1,-0.75856665395484
TRINITY_DN25260_c0_g1_i1.p1,0.65841106223233
TRINITY_DN32856_c0_g1_i24.p1,-0.734433267285694
TRINITY_DN4152_c0_g1_i1.p1,0.451014757289357
TRINITY_DN57446_c0_g1_i1.p1,-0.728245788060537
TRINITY_DN12001_c0_g2_i2.p1,-0.394567873314901
TRINITY_DN14878_c0_g1_i2.p1,0.409739451461356
TRINITY_DN88485_c0_g3_i1.p1,-0.670775740667448
TRINITY_DN12771_c0_g1_i4.p1,0.509503324987489
TRINITY_DN13585_c2_g1_i1.p1,0.270677637745002
TRINITY_DN14131_c0_g1_i8.p1,-0.361583097831809
TRINITY_DN1532_c2_g2_i1.p1,-0.719208487278419
TRINITY_DN18306_c0_g1_i1.p1,0.737533684089867
TRINITY_DN24052_c0_g2_i1.p1,0.205090922959489
TRINITY_DN26006_c0_g1_i1.p1,-0.151163585017731
TRINITY_DN96966_c0_g1_i1.p1,0.406868974953244
TRINITY_DN976_c0_g1_i1.p1,2.16506874700286
TRINITY_DN17225_c0_g1_i1.p1,-0.345604276900458
TRINITY_DN1300_c0_g1_i2.p1,0.188180313668493
TRINITY_DN19381_c1_g1_i8.p1,-0.531997342900185
TRINITY_DN150429_c0_g1_i1.p1,-0.243278269562966
TRINITY_DN22912_c0_g1_i1.p1,0.257413503961001
TRINITY_DN4942_c0_g1_i6.p1,-0.330727568375231
TRINITY_DN1114_c0_g1_i11.p1,0.312288078310562
TRINITY_DN24326_c0_g1_i1.p1,-0.200856943405255
TRINITY_DN580_c4_g1_i2.p1,0.525882108837167
TRINITY_DN13204_c0_g1_i1.p1,-0.198298266934721
TRINITY_DN2122_c1_g2_i7.p1,-0.445301123416152
TRINITY_DN24023_c0_g1_i1.p1,-0.788656858726719
TRINITY_DN24129_c0_g1_i1.p1,-0.215237069138678
TRINITY_DN3652_c0_g1_i18.p1,0.431392442370478
TRINITY_DN4735_c0_g2_i1.p1,-0.401361463967513
TRINITY_DN34322_c0_g2_i1.p1,-0.483049190703778
TRINITY_DN5601_c1_g1_i4.p1,-0.233660264745041
TRINITY_DN2307_c0_g2_i4.p1,0.147758950153604
TRINITY_DN9154_c1_g1_i1.p1,0.618583981020369
TRINITY_DN909_c0_g1_i3.p1,-0.478007601195693
TRINITY_DN443_c0_g1_i11.p1,0.155512179259272
TRINITY_DN129351_c0_g1_i1.p1,0.587456210086139
TRINITY_DN40196_c0_g1_i2.p1,0.296032434124356
TRINITY_DN44829_c3_g1_i1.p1,-0.757124532618415
TRINITY_DN161858_c0_g1_i1.p1,0.199749634587387
TRINITY_DN61831_c0_g1_i2.p1,-0.186865049210654
TRINITY_DN97_c4_g1_i1.p1,-0.234846195739312
TRINITY_DN12405_c0_g1_i2.p1,-0.289853614275443
TRINITY_DN9364_c0_g1_i4.p1,-0.898335816737263
TRINITY_DN98071_c0_g1_i1.p1,-0.31823801631502
TRINITY_DN496_c1_g1_i2.p1,-0.391212589063593
TRINITY_DN1708_c0_g1_i4.p1,-0.617761699112051
TRINITY_DN205_c0_g1_i1.p1,-0.159638857431726
TRINITY_DN2487_c1_g1_i1.p1,0.127427658029415
TRINITY_DN14485_c2_g1_i1.p1,0.25625468800598
TRINITY_DN3537_c0_g1_i1.p1,-0.231523088583792
TRINITY_DN7603_c0_g1_i1.p1,-0.305386630495128
TRINITY_DN15345_c0_g1_i1.p1,-0.202972370547634
TRINITY_DN18465_c0_g1_i3.p1,-0.326198593402764
TRINITY_DN2362_c1_g4_i1.p1,0.349707562557339
TRINITY_DN7310_c0_g1_i11.p1,0.388425318565188
TRINITY_DN20224_c0_g1_i1.p1,0.290631106165527
TRINITY_DN22728_c0_g1_i2.p1,0.354522840800082
TRINITY_DN3996_c2_g1_i1.p1,-0.179662806677409
TRINITY_DN4661_c0_g1_i2.p1,-0.239017682065521
TRINITY_DN5992_c0_g1_i6.p1,0.572431578800822
TRINITY_DN73669_c0_g1_i6.p1,-0.426354547243487
TRINITY_DN4662_c2_g1_i1.p1,0.197304963139373
TRINITY_DN16179_c1_g1_i1.p1,0.188061669191181
TRINITY_DN1630_c12_g1_i1.p1,-0.174469243066927
TRINITY_DN35678_c0_g1_i1.p1,0.302876162814259
TRINITY_DN4659_c0_g1_i1.p1,0.183548758167777
TRINITY_DN5590_c0_g1_i3.p1,-0.270249757751602
TRINITY_DN1536_c0_g1_i6.p1,0.276190351147539
TRINITY_DN328_c0_g1_i1.p1,0.109872637237812
TRINITY_DN17689_c0_g1_i1.p1,-0.578855214011153
TRINITY_DN35962_c0_g1_i1.p1,-0.716227621072922
TRINITY_DN392_c3_g1_i1.p1,-0.190089133545827
TRINITY_DN4342_c0_g1_i5.p1,0.533382955723295
TRINITY_DN947_c0_g1_i5.p1,-0.319190206859268
TRINITY_DN43_c0_g1_i3.p1,0.107067508320341
TRINITY_DN13877_c0_g1_i2.p1,-0.429517291003257
TRINITY_DN1090_c0_g1_i1.p1,-0.292219976539007
TRINITY_DN114185_c0_g1_i1.p2,-0.260669518222898
TRINITY_DN125_c1_g1_i1.p1,-0.593625716329653
TRINITY_DN2507_c1_g1_i5.p1,-1.21185926957081
TRINITY_DN6410_c0_g1_i1.p1,0.262265127526616
TRINITY_DN86_c0_g1_i6.p1,-0.555739176768903
TRINITY_DN54138_c0_g1_i1.p1,-0.539044089178352
TRINITY_DN3804_c0_g1_i1.p1,-0.698613601295811
TRINITY_DN6726_c0_g1_i1.p1,0.343600981319008
TRINITY_DN13061_c2_g1_i1.p1,0.648338430537511
TRINITY_DN375_c0_g1_i1.p1,-0.190002119107363
TRINITY_DN97548_c0_g1_i1.p1,-0.61398816778515
TRINITY_DN13907_c0_g1_i1.p1,-0.206464319725318
TRINITY_DN15072_c0_g1_i2.p1,0.23641269140964
TRINITY_DN1692_c0_g1_i1.p1,0.280725002138388
TRINITY_DN17281_c0_g1_i7.p1,-0.426335843247034
TRINITY_DN1898_c1_g1_i16.p1,0.440281157045332
TRINITY_DN20558_c0_g1_i1.p1,0.701750692190117
TRINITY_DN2375_c0_g1_i8.p1,0.616119987021287
TRINITY_DN24911_c0_g1_i1.p1,-0.377275375899855
TRINITY_DN327_c0_g1_i8.p1,-0.199462225608369
TRINITY_DN33810_c0_g1_i3.p1,-0.129000379830951
TRINITY_DN342_c0_g1_i18.p1,-0.575216208606954
TRINITY_DN396_c0_g3_i1.p1,0.518231819273714
TRINITY_DN43_c0_g1_i2.p1,0.441444210886435
TRINITY_DN4528_c2_g2_i5.p1,0.262496890446191
TRINITY_DN491_c0_g1_i16.p1,-0.522348386584629
TRINITY_DN500_c5_g2_i1.p1,0.416734060799764
TRINITY_DN5771_c0_g1_i4.p1,0.631596120212088
TRINITY_DN580_c0_g2_i2.p1,0.300191588904333
TRINITY_DN10682_c0_g1_i5.p1,0.420805692463422
TRINITY_DN12764_c0_g2_i8.p1,-0.676349690789455
TRINITY_DN144988_c0_g1_i1.p1,0.306950198937267
TRINITY_DN15167_c0_g2_i1.p1,-0.420280204798979
TRINITY_DN2613_c1_g1_i8.p1,-0.653807921611672
TRINITY_DN294_c0_g1_i1.p1,0.237630090854163
TRINITY_DN2856_c0_g1_i2.p1,-0.626544948303446
TRINITY_DN7404_c0_g1_i7.p1,0.604621213879655
TRINITY_DN161545_c0_g1_i1.p1,0.207119280854816
TRINITY_DN1027_c1_g2_i1.p1,0.285261008955649
TRINITY_DN10886_c0_g1_i1.p1,-0.500302580236928
TRINITY_DN23598_c0_g1_i1.p1,0.212652623448038
TRINITY_DN279_c2_g1_i5.p1,-0.19802367079067
TRINITY_DN3364_c0_g1_i2.p1,-0.707100758143902
TRINITY_DN3946_c0_g2_i2.p1,-0.254960487977867
TRINITY_DN9030_c0_g2_i1.p1,-0.2709292255929
TRINITY_DN976_c0_g1_i2.p1,2.1428848056154
TRINITY_DN52851_c0_g4_i3.p1,0.297910748891033
TRINITY_DN2092_c0_g1_i5.p1,-0.153618601789662
TRINITY_DN12597_c0_g1_i1.p1,0.676422931970281
TRINITY_DN19334_c0_g1_i2.p1,0.467847769573293
TRINITY_DN20526_c0_g1_i1.p1,0.52052831173485
TRINITY_DN2671_c0_g1_i2.p1,-0.464122255922923
TRINITY_DN427_c0_g1_i1.p1,-0.69220896916278
TRINITY_DN702_c0_g1_i12.p1,-0.602406827899116
TRINITY_DN10359_c0_g1_i12.p1,0.265577252214077
TRINITY_DN11720_c0_g1_i1.p1,-0.211771704673841
TRINITY_DN13_c0_g1_i22.p1,0.623796813349413
TRINITY_DN10904_c0_g1_i6.p1,0.526390389834447
TRINITY_DN146750_c0_g1_i1.p1,-0.589084745844013
TRINITY_DN14917_c0_g1_i1.p1,0.269075379438697
TRINITY_DN29167_c0_g1_i1.p1,-1.11542763023196
TRINITY_DN30885_c0_g1_i1.p1,-0.167893678399038
TRINITY_DN50841_c0_g1_i2.p1,-0.24121461893856
TRINITY_DN61925_c0_g1_i1.p1,0.618008993453049
TRINITY_DN627_c0_g1_i1.p1,0.182649055041747
TRINITY_DN9567_c0_g1_i1.p1,-0.115960306162667
TRINITY_DN177998_c0_g1_i1.p1,-0.329109280533783
TRINITY_DN96346_c0_g1_i1.p1,0.152238452125695
TRINITY_DN10854_c0_g1_i1.p1,-0.301594493374465
TRINITY_DN35815_c1_g1_i6.p1,0.617675957160895
TRINITY_DN5081_c0_g1_i7.p1,0.190208245324667
TRINITY_DN797_c2_g1_i4.p1,0.55650212218403
TRINITY_DN13700_c0_g2_i3.p1,-0.225031870822074
TRINITY_DN11724_c0_g1_i5.p1,-0.608553938414513
TRINITY_DN1297_c0_g1_i1.p1,0.448998150265364
TRINITY_DN1497_c0_g1_i3.p1,-0.244333535038338
TRINITY_DN1874_c0_g1_i4.p1,0.219644825254427
TRINITY_DN19663_c0_g1_i1.p1,-0.457321332747838
TRINITY_DN20606_c0_g1_i1.p1,-0.240259805217714
TRINITY_DN871_c1_g1_i1.p1,-0.3898545958028
TRINITY_DN888_c3_g1_i1.p1,0.651922531049182
TRINITY_DN1995_c1_g1_i4.p1,0.356888459907567
TRINITY_DN19879_c7_g1_i2.p1,0.31806388984426
TRINITY_DN98860_c0_g1_i1.p1,-0.215582847555057
TRINITY_DN24481_c0_g1_i26.p1,-0.462354334055582
TRINITY_DN4536_c0_g2_i1.p1,0.203880031919153
TRINITY_DN4585_c2_g1_i1.p1,0.161324168015223
TRINITY_DN8607_c0_g1_i1.p1,-0.208087751860607
TRINITY_DN1160_c0_g2_i1.p1,-0.234042451644114
TRINITY_DN10158_c1_g1_i2.p1,-0.139032186924365
TRINITY_DN1021_c0_g1_i5.p1,-0.543483795763417
TRINITY_DN11613_c0_g1_i1.p1,0.103983818324432
TRINITY_DN19082_c0_g1_i2.p1,-0.310355293131273
TRINITY_DN2381_c0_g1_i7.p1,-0.419340954391904
TRINITY_DN272_c0_g1_i4.p1,0.254689100199551
TRINITY_DN3124_c2_g1_i2.p1,0.240485691284539
TRINITY_DN31_c1_g3_i2.p1,0.156886362316348
TRINITY_DN6838_c0_g1_i1.p1,0.471300647842244
TRINITY_DN5514_c1_g4_i3.p1,-0.288129216781873
TRINITY_DN2753_c0_g1_i4.p1,0.674857919506428
TRINITY_DN2658_c0_g1_i3.p1,-0.575559427958376
TRINITY_DN5282_c1_g1_i1.p1,0.192909086890043
TRINITY_DN2390_c0_g5_i1.p1,0.638814253525698
TRINITY_DN30714_c0_g1_i1.p1,-0.393241111386795
TRINITY_DN10227_c0_g1_i18.p1,-0.403187539721496
TRINITY_DN12407_c2_g1_i1.p1,-0.20351838764066
TRINITY_DN304_c1_g2_i2.p1,-0.461491734153894
TRINITY_DN33638_c0_g2_i2.p1,-0.41410097245455
TRINITY_DN3405_c0_g1_i1.p1,0.860921024598546
TRINITY_DN96_c0_g1_i7.p1,0.410216254358937
TRINITY_DN5986_c0_g1_i4.p1,-0.317997397180169
TRINITY_DN33105_c0_g1_i1.p1,-0.302752830446751
TRINITY_DN11799_c0_g1_i1.p1,-0.322284218321951
TRINITY_DN14541_c0_g1_i4.p1,-0.518774382081062
TRINITY_DN1642_c0_g1_i2.p1,-0.557894229397056
TRINITY_DN22370_c0_g1_i1.p1,-0.324136984759319
TRINITY_DN25772_c0_g1_i2.p1,0.562570938383376
TRINITY_DN6174_c21_g1_i3.p1,-0.208775063269101
TRINITY_DN11496_c0_g2_i1.p1,-0.237069774260306
TRINITY_DN15555_c0_g1_i1.p1,-0.141971647562648
TRINITY_DN1564_c0_g1_i6.p1,0.466481460530728
TRINITY_DN2710_c0_g1_i2.p1,-0.507572001085761
TRINITY_DN4993_c0_g2_i1.p1,-0.236820542565948
TRINITY_DN20074_c0_g1_i1.p1,-0.433238920614421
TRINITY_DN12491_c0_g2_i1.p1,1.50460105180531
TRINITY_DN1327_c0_g1_i5.p1,0.213359924006832
TRINITY_DN14280_c1_g1_i1.p1,0.525834479958363
TRINITY_DN15020_c0_g1_i1.p1,0.193410152489196
TRINITY_DN23062_c0_g1_i4.p1,-0.791125071790056
TRINITY_DN23207_c0_g1_i1.p1,-0.406582629490833
TRINITY_DN25064_c1_g1_i1.p1,-0.680987453446621
TRINITY_DN33525_c0_g1_i2.p1,-0.228448342445525
TRINITY_DN38428_c0_g2_i2.p1,-0.89988057373128
TRINITY_DN5294_c0_g1_i7.p1,-0.591229353874899
TRINITY_DN8813_c0_g1_i1.p1,0.389997158723583
TRINITY_DN9581_c0_g2_i20.p1,-0.364884365447817
TRINITY_DN18019_c2_g1_i2.p1,0.649356269895164
TRINITY_DN1829_c0_g1_i2.p1,-0.3566333978614
TRINITY_DN11724_c0_g1_i1.p1,-0.461179044479745
TRINITY_DN912_c23_g2_i2.p1,-0.771740649506582
TRINITY_DN409_c0_g1_i3.p1,0.560609325416878
TRINITY_DN163962_c0_g1_i1.p1,-0.15758503536878
TRINITY_DN2030_c1_g1_i3.p1,0.152316363881577
TRINITY_DN3112_c0_g1_i14.p1,0.558701695675902
TRINITY_DN3285_c1_g1_i8.p1,-0.880472804459334
TRINITY_DN3230_c1_g3_i1.p1,0.432026425282645
TRINITY_DN3608_c0_g1_i3.p1,-0.149740570533912
TRINITY_DN5514_c0_g1_i1.p1,-0.323990799038094
TRINITY_DN25094_c0_g1_i3.p1,0.883581807729034
TRINITY_DN816_c0_g1_i23.p1,-0.215885028553152
TRINITY_DN18881_c0_g1_i33.p1,-0.41383726607165
TRINITY_DN43128_c0_g1_i2.p1,0.259005030743623
TRINITY_DN37173_c0_g1_i4.p1,-0.412900299666949
TRINITY_DN5711_c0_g1_i1.p1,-0.279603379089014
TRINITY_DN161332_c0_g1_i1.p1,0.112712118293973
TRINITY_DN5534_c8_g1_i1.p1,-0.22094262675617
TRINITY_DN113627_c0_g1_i1.p1,-0.212413540379615
TRINITY_DN128633_c0_g1_i1.p1,0.451187695038829
TRINITY_DN1367_c0_g1_i5.p1,-0.746095791110749
TRINITY_DN2495_c0_g2_i1.p1,0.182515362524488
TRINITY_DN7966_c0_g1_i2.p1,0.566184857720221
TRINITY_DN1898_c1_g1_i24.p1,-0.29860465633577
TRINITY_DN22227_c0_g1_i3.p1,0.67685253788971
TRINITY_DN43049_c0_g1_i2.p1,0.218432616661183
TRINITY_DN6442_c0_g2_i3.p1,-0.627032451278093
TRINITY_DN6495_c0_g1_i2.p1,-0.203936262691668
TRINITY_DN7858_c0_g1_i1.p1,-1.20772192145401
TRINITY_DN8020_c0_g1_i2.p1,1.4982967741711
TRINITY_DN12499_c0_g5_i1.p1,-0.450948974783013
TRINITY_DN23102_c0_g1_i1.p1,-0.424218783774906
TRINITY_DN2340_c0_g1_i16.p1,0.390036976908334
TRINITY_DN6583_c0_g2_i19.p1,-0.567303465843289
TRINITY_DN212_c0_g1_i2.p1,0.177613216295518
TRINITY_DN8673_c0_g1_i1.p1,1.00246995449903
TRINITY_DN13506_c2_g1_i1.p1,-0.414242455230255
TRINITY_DN1936_c0_g1_i2.p1,0.653536331538007
TRINITY_DN3062_c0_g1_i8.p1,0.479821468460678
TRINITY_DN573_c6_g1_i2.p1,-0.40027117520914
TRINITY_DN803_c0_g1_i5.p1,-0.276212479867424
TRINITY_DN112296_c0_g1_i1.p1,0.705872242597308
TRINITY_DN11611_c0_g1_i1.p1,0.21923694348433
TRINITY_DN37184_c0_g2_i2.p1,-0.481350439937685
TRINITY_DN178509_c0_g1_i1.p1,-0.163379780681375
TRINITY_DN8339_c0_g1_i1.p1,0.124935795027846
TRINITY_DN55567_c2_g1_i1.p1,-0.441505212328354
TRINITY_DN22402_c0_g1_i1.p1,-0.578293719156768
TRINITY_DN2575_c0_g1_i1.p1,0.259391043598864
TRINITY_DN573_c2_g1_i2.p1,-0.412227716994652
TRINITY_DN13542_c0_g1_i1.p1,0.176055639899216
TRINITY_DN1479_c0_g1_i1.p1,1.99983478234348
TRINITY_DN178_c4_g1_i12.p1,-0.18689192826047
TRINITY_DN5052_c0_g1_i1.p1,0.228639059598092
TRINITY_DN8528_c0_g1_i2.p1,-0.478974826503013
TRINITY_DN13071_c0_g1_i2.p1,0.217743770529956
TRINITY_DN27452_c0_g1_i4.p1,-0.269840712800555
TRINITY_DN36141_c0_g3_i1.p1,0.584817545563939
TRINITY_DN55733_c0_g1_i31.p1,0.328883417839157
TRINITY_DN1056_c0_g1_i5.p1,0.370016803581231
TRINITY_DN18828_c0_g1_i3.p1,1.96919655285993
TRINITY_DN1995_c0_g1_i1.p1,0.21300664575085
TRINITY_DN21983_c0_g2_i1.p1,-0.802345924247498
TRINITY_DN29104_c0_g2_i1.p1,0.219457758469473
TRINITY_DN4469_c0_g1_i1.p1,-0.617422142155276
TRINITY_DN4704_c0_g4_i1.p1,-0.192077187606622
TRINITY_DN592_c0_g3_i4.p1,0.367261087674597
TRINITY_DN169_c1_g1_i4.p1,0.727981568971141
TRINITY_DN9475_c0_g1_i1.p1,-0.186857625970437
TRINITY_DN11640_c0_g2_i4.p1,0.475873994010878
TRINITY_DN11927_c0_g1_i2.p1,0.374620847364029
TRINITY_DN13295_c0_g1_i2.p1,-0.30881221413244
TRINITY_DN14853_c0_g1_i1.p1,-0.343570663718825
TRINITY_DN1509_c0_g1_i17.p1,0.597147688656038
TRINITY_DN2586_c1_g1_i1.p1,-0.213412104734775
TRINITY_DN31178_c0_g1_i3.p1,-0.612732552667665
TRINITY_DN90630_c0_g1_i1.p1,-0.944296287050944
TRINITY_DN1489_c0_g2_i4.p1,-0.482788705479472
TRINITY_DN2531_c0_g1_i3.p1,-0.652307304664945
TRINITY_DN3908_c0_g1_i1.p1,-0.136892051981142
TRINITY_DN12717_c0_g1_i11.p1,-0.697446266474481
TRINITY_DN15239_c0_g2_i1.p1,-0.24790358216535
TRINITY_DN16862_c0_g2_i1.p1,0.461446656643018
TRINITY_DN1712_c0_g1_i17.p1,-0.923969948808511
TRINITY_DN178120_c0_g1_i1.p1,0.17309063903673
TRINITY_DN18413_c0_g1_i2.p1,-0.430413212598556
TRINITY_DN2498_c0_g1_i8.p1,0.215812363948442
TRINITY_DN29001_c6_g1_i1.p1,-0.174673969171555
TRINITY_DN33468_c0_g1_i1.p1,-0.203665272853382
TRINITY_DN3564_c0_g1_i13.p1,0.330905723587964
TRINITY_DN4556_c0_g1_i1.p1,-0.373262715274296
TRINITY_DN5446_c5_g1_i2.p1,0.710347389853638
TRINITY_DN6011_c0_g1_i31.p1,0.482759837673065
TRINITY_DN8665_c0_g1_i6.p1,0.513164114310608
TRINITY_DN866_c0_g1_i63.p1,0.489473504556147
TRINITY_DN96564_c0_g1_i1.p1,0.294207327296638
TRINITY_DN71645_c0_g1_i1.p1,0.34069934479662
TRINITY_DN10568_c0_g1_i1.p1,-0.399993201537934
TRINITY_DN11969_c0_g1_i2.p1,-0.413886394298985
TRINITY_DN14147_c0_g1_i1.p1,-0.11886723801299
TRINITY_DN16288_c1_g1_i3.p1,0.498445394091142
TRINITY_DN16757_c0_g1_i1.p1,0.286646759431415
TRINITY_DN17825_c0_g1_i3.p1,-0.511299472405936
TRINITY_DN1828_c1_g1_i4.p1,-0.372545486271832
TRINITY_DN1898_c0_g1_i1.p1,-0.309583260622957
TRINITY_DN24231_c0_g1_i13.p1,0.613623369173453
TRINITY_DN2538_c0_g1_i1.p1,0.310754635322821
TRINITY_DN27329_c0_g1_i2.p1,-0.226899925001994
TRINITY_DN2764_c0_g1_i4.p1,0.606554977734116
TRINITY_DN4325_c0_g1_i1.p1,-0.474822442869375
TRINITY_DN5180_c0_g1_i1.p1,-0.564579144192127
TRINITY_DN6429_c0_g1_i12.p1,0.580477070727126
TRINITY_DN66717_c0_g1_i1.p1,-0.349821905371335
TRINITY_DN77879_c0_g2_i2.p1,1.10334449035586
TRINITY_DN2828_c2_g1_i3.p1,-0.204655763232438
TRINITY_DN453_c0_g1_i26.p1,0.497618002292769
TRINITY_DN757_c3_g1_i1.p1,-0.22045306391075
TRINITY_DN16468_c1_g1_i1.p1,0.191863164762694
TRINITY_DN24104_c0_g1_i5.p1,0.917324350751134
TRINITY_DN31590_c0_g1_i1.p1,0.173379759296262
TRINITY_DN43307_c0_g1_i1.p1,-0.303864894461667
TRINITY_DN78698_c0_g1_i2.p1,0.176556977997608
TRINITY_DN10546_c0_g1_i4.p1,0.529069353779458
TRINITY_DN17262_c0_g1_i1.p1,0.241041939195446
TRINITY_DN12568_c0_g1_i4.p1,0.253275607648138
TRINITY_DN16548_c0_g1_i2.p1,0.335105027804593
TRINITY_DN52317_c0_g1_i2.p1,0.192820668776399
TRINITY_DN2107_c0_g1_i2.p1,0.370233074951914
TRINITY_DN7291_c0_g1_i11.p1,0.283241300072277
TRINITY_DN10594_c0_g2_i1.p1,0.538367680419515
TRINITY_DN10236_c0_g1_i9.p1,0.296812406785791
TRINITY_DN1453_c1_g1_i14.p1,0.315491847942958
TRINITY_DN14793_c0_g1_i2.p1,-0.244306317682835
TRINITY_DN1490_c0_g1_i3.p1,-0.255120732435882
TRINITY_DN18985_c1_g1_i1.p1,0.13599411328858
TRINITY_DN2943_c0_g2_i5.p1,-1.98219098815321
TRINITY_DN594_c0_g1_i3.p1,0.276673761072641
TRINITY_DN6384_c11_g1_i1.p1,0.120853820004954
TRINITY_DN6610_c0_g1_i20.p1,0.287352255759291
TRINITY_DN66886_c0_g1_i1.p1,-0.640461349256335
TRINITY_DN6823_c0_g1_i1.p1,-0.237100158501194
TRINITY_DN2065_c2_g2_i1.p1,0.206252619559843
TRINITY_DN581_c0_g1_i48.p1,-0.412158450019753
TRINITY_DN583_c3_g2_i1.p1,-0.26994430733655
TRINITY_DN1477_c0_g3_i1.p1,0.420016495447918
TRINITY_DN19198_c0_g1_i2.p1,0.632544409281664
TRINITY_DN2283_c0_g1_i4.p1,-0.688980848072144
TRINITY_DN30215_c0_g1_i2.p1,-0.328569490451203
TRINITY_DN473_c0_g1_i1.p1,-1.29759504054214
TRINITY_DN48391_c0_g1_i2.p1,-0.31151776382173
TRINITY_DN18926_c0_g1_i1.p1,0.618835253997002
TRINITY_DN113993_c0_g1_i1.p1,-0.149339553205059
TRINITY_DN5324_c0_g1_i1.p1,-0.805812943697437
TRINITY_DN15912_c0_g1_i5.p1,0.373664800665879
TRINITY_DN6300_c12_g1_i1.p1,-0.223412713717665
TRINITY_DN3113_c2_g1_i10.p1,0.672910829686647
TRINITY_DN591_c0_g1_i11.p1,-0.327326153286339
TRINITY_DN80326_c0_g2_i1.p1,-0.294817917077025
TRINITY_DN2946_c0_g1_i4.p1,0.14598557328676
TRINITY_DN526_c0_g1_i11.p1,-0.439287792477468
TRINITY_DN5081_c0_g1_i10.p1,0.366673636029751
TRINITY_DN131501_c0_g1_i1.p1,-1.02068237279032
TRINITY_DN13794_c1_g1_i2.p1,0.335764022804645
TRINITY_DN401_c1_g1_i1.p1,0.370447018815472
TRINITY_DN1251_c0_g1_i6.p1,0.693523771515102
TRINITY_DN3244_c3_g1_i1.p1,0.337355264729906
TRINITY_DN3747_c0_g1_i2.p1,0.190582644300897
TRINITY_DN1222_c0_g1_i3.p1,-0.330491844862017
TRINITY_DN27391_c0_g1_i8.p1,-0.980031039522109
TRINITY_DN88924_c0_g1_i3.p1,-0.362672898741259
TRINITY_DN63827_c3_g1_i1.p1,0.444923952856816
TRINITY_DN14193_c0_g1_i10.p1,0.556559565166337
TRINITY_DN2022_c0_g1_i2.p1,-0.181607762489144
TRINITY_DN37780_c1_g1_i10.p2,-0.649578066931642
TRINITY_DN4639_c0_g1_i11.p1,0.19851320491359
TRINITY_DN579_c0_g3_i2.p1,0.16094048485846
TRINITY_DN8044_c0_g1_i1.p1,0.624658991171391
TRINITY_DN36346_c0_g2_i11.p1,-0.546718454271351
TRINITY_DN8898_c0_g1_i26.p1,0.190157579074125
TRINITY_DN19086_c1_g2_i1.p1,-0.354791002404914
TRINITY_DN2675_c0_g1_i1.p1,-0.269564222328093
TRINITY_DN13249_c0_g1_i12.p1,0.572503919230425
TRINITY_DN15646_c0_g1_i1.p1,-0.786240752382858
TRINITY_DN71640_c0_g1_i1.p1,-0.774137014491687
TRINITY_DN1250_c1_g3_i1.p1,0.331941898035673
TRINITY_DN11082_c0_g1_i4.p1,-0.303489302567011
TRINITY_DN6830_c0_g2_i4.p1,0.642939793197668
TRINITY_DN1176_c0_g1_i6.p1,0.300882434452141
TRINITY_DN17905_c0_g1_i15.p1,-0.596497347464562
TRINITY_DN1853_c0_g4_i2.p1,0.35210409862623
TRINITY_DN35167_c0_g1_i13.p1,-0.180684948061611
TRINITY_DN9114_c0_g1_i2.p1,0.334664133838224
TRINITY_DN38411_c0_g1_i1.p1,0.555587263341351
TRINITY_DN6652_c2_g2_i1.p1,-0.137967925544652
TRINITY_DN13639_c0_g1_i2.p1,-0.166313787193237
TRINITY_DN145939_c0_g1_i2.p1,-0.491917921616881
TRINITY_DN20363_c0_g1_i1.p1,-0.674523664537061
TRINITY_DN1049_c0_g1_i5.p1,-0.540189023675765
TRINITY_DN12110_c0_g1_i1.p1,0.222418826284339
TRINITY_DN1260_c0_g1_i3.p1,-0.140880149857726
TRINITY_DN23406_c1_g1_i1.p1,-0.317005858779087
TRINITY_DN2519_c0_g1_i1.p1,0.472987056523202
TRINITY_DN32445_c1_g2_i2.p1,0.135536038625693
TRINITY_DN44796_c0_g1_i2.p1,-0.578060019055989
TRINITY_DN4886_c1_g1_i5.p1,-0.232688615791617
TRINITY_DN2098_c0_g1_i2.p1,0.164136965769664
TRINITY_DN279_c2_g1_i10.p1,0.166159929156701
TRINITY_DN30442_c0_g1_i1.p1,0.330068744432611
TRINITY_DN34857_c0_g1_i3.p1,0.241801227186676
TRINITY_DN14132_c0_g1_i2.p1,-0.336410956873554
TRINITY_DN17940_c2_g1_i1.p1,-0.651647284782412
TRINITY_DN26435_c0_g1_i5.p1,-0.3660263824548
TRINITY_DN4830_c0_g1_i1.p1,0.159433129982846
TRINITY_DN1072_c0_g1_i7.p1,-0.400301202402854
TRINITY_DN128782_c0_g1_i1.p1,-0.501224238445748
TRINITY_DN6972_c0_g1_i1.p1,-0.666040524699732
TRINITY_DN7529_c0_g1_i3.p1,0.45562884138733
TRINITY_DN3664_c1_g1_i13.p1,0.24713934165654
TRINITY_DN10236_c0_g1_i13.p1,0.408008022348648
TRINITY_DN1117_c1_g1_i57.p1,-0.477426126372837
TRINITY_DN3123_c0_g1_i3.p1,0.378679902063643
TRINITY_DN14071_c1_g1_i1.p1,0.374360395992443
TRINITY_DN16035_c0_g1_i1.p1,-0.283410665515557
TRINITY_DN8521_c0_g1_i1.p1,0.223799686078884
TRINITY_DN12618_c0_g3_i1.p2,0.686903103337564
TRINITY_DN10335_c1_g1_i4.p1,-0.533816625132686
TRINITY_DN11489_c0_g1_i6.p1,0.446846402719137
TRINITY_DN1489_c1_g1_i20.p1,-1.08823207501604
TRINITY_DN14923_c0_g1_i1.p1,0.215629879716416
TRINITY_DN1524_c4_g1_i2.p1,0.56635224762289
TRINITY_DN165742_c0_g1_i1.p1,-0.208721825813051
TRINITY_DN1868_c0_g1_i6.p1,-0.567188608706117
TRINITY_DN19572_c0_g2_i4.p1,0.574691762244645
TRINITY_DN30340_c0_g1_i1.p1,0.528869869368812
TRINITY_DN4243_c0_g1_i1.p1,-0.166796294491203
TRINITY_DN4729_c4_g3_i1.p1,0.255686836680963
TRINITY_DN9801_c0_g1_i1.p1,-0.485276210472529
TRINITY_DN12897_c5_g1_i2.p1,0.727362264752703
TRINITY_DN18711_c0_g3_i1.p1,0.169310206717671
TRINITY_DN5300_c0_g1_i4.p1,0.422260117223494
TRINITY_DN1254_c0_g1_i2.p1,0.643524526131924
TRINITY_DN13310_c1_g1_i2.p1,0.386787859645281
TRINITY_DN3652_c0_g1_i1.p1,-0.830913855986385
TRINITY_DN44693_c0_g1_i3.p1,0.333318086864571
TRINITY_DN21751_c0_g2_i15.p1,0.623818204934594
TRINITY_DN23409_c0_g1_i1.p1,1.89468283776209
TRINITY_DN81_c1_g1_i1.p1,0.148111807854583
TRINITY_DN8672_c0_g1_i6.p1,0.529994214100294
TRINITY_DN97863_c0_g1_i1.p1,-0.231197669356185
TRINITY_DN635_c0_g1_i3.p2,-0.21069097536804
TRINITY_DN18_c0_g1_i1.p1,0.391127910266413
TRINITY_DN450_c1_g1_i1.p1,-0.44891329768556
TRINITY_DN4347_c0_g1_i8.p1,0.248012710300584
TRINITY_DN59233_c0_g1_i3.p1,-0.364054172892809
TRINITY_DN45891_c0_g1_i1.p1,0.118752753096147
TRINITY_DN2995_c3_g1_i1.p1,0.181577487771923
TRINITY_DN747_c0_g1_i5.p1,-0.539267000462799
TRINITY_DN10456_c1_g1_i1.p1,-0.369600041999408
TRINITY_DN10197_c0_g3_i1.p1,0.544747132803816
TRINITY_DN2386_c0_g4_i1.p1,-0.178212116773276
TRINITY_DN161634_c0_g1_i1.p1,0.19640565637553
TRINITY_DN19537_c0_g1_i1.p1,0.377991981508865
TRINITY_DN23168_c0_g1_i1.p1,-0.614196975857447
TRINITY_DN2723_c2_g1_i2.p1,0.527414703491281
TRINITY_DN3085_c0_g1_i7.p1,0.32858518868989
TRINITY_DN33979_c0_g2_i1.p1,-0.215538982854089
TRINITY_DN34542_c0_g1_i2.p1,0.274137678042002
TRINITY_DN98021_c0_g1_i1.p1,-0.144094093805026
TRINITY_DN16481_c0_g1_i3.p1,0.520238880215155
TRINITY_DN501_c1_g1_i6.p1,0.241545570962194
TRINITY_DN524_c2_g1_i4.p1,0.3207690931106
TRINITY_DN10827_c0_g1_i1.p2,0.413410031292356
TRINITY_DN16004_c0_g1_i3.p1,-0.157572883521697
TRINITY_DN24698_c0_g6_i1.p1,0.819582555555403
TRINITY_DN49419_c0_g1_i2.p1,-0.317299656970582
TRINITY_DN6595_c0_g1_i17.p1,-0.320679372382227
TRINITY_DN1697_c0_g1_i16.p1,-0.276622182423316
TRINITY_DN24649_c0_g3_i2.p1,0.66634542780752
TRINITY_DN10299_c0_g1_i2.p1,-0.737695285890268
TRINITY_DN103_c0_g1_i1.p1,1.45499115472455
TRINITY_DN115016_c0_g1_i1.p1,0.241607026335209
TRINITY_DN1410_c0_g1_i15.p1,0.638071532679107
TRINITY_DN163674_c0_g1_i1.p1,-0.310768728948866
TRINITY_DN17432_c0_g1_i2.p1,0.597612674919061
TRINITY_DN2521_c0_g1_i5.p1,-0.32352276627723
TRINITY_DN2935_c4_g1_i1.p1,0.203312513088614
TRINITY_DN30195_c0_g1_i1.p1,0.211907037525165
TRINITY_DN3036_c0_g1_i23.p1,0.504464441480285
TRINITY_DN369_c1_g5_i5.p1,-0.138609008835105
TRINITY_DN4617_c0_g2_i2.p1,-0.587220749776441
TRINITY_DN4622_c0_g1_i1.p1,0.194985663706512
TRINITY_DN6211_c2_g1_i1.p1,-0.605297721444147
TRINITY_DN6792_c0_g1_i6.p1,0.607289189161474
TRINITY_DN7610_c0_g1_i1.p1,-0.401780774559449
TRINITY_DN9177_c0_g1_i1.p1,0.174824142308256
TRINITY_DN97443_c0_g1_i4.p1,0.3704478456884
TRINITY_DN811_c0_g1_i1.p1,0.59592046803303
TRINITY_DN38342_c0_g1_i4.p1,-0.639801964403186
TRINITY_DN10822_c0_g4_i1.p2,0.490169222068032
TRINITY_DN35324_c1_g2_i4.p1,-0.509587305298291
TRINITY_DN1046_c2_g1_i2.p1,0.28315253761008
TRINITY_DN1085_c0_g1_i12.p1,-0.367302367323669
TRINITY_DN15525_c0_g1_i8.p1,-0.730338782826067
TRINITY_DN21565_c0_g2_i2.p1,0.144915330789844
TRINITY_DN27840_c0_g2_i1.p1,0.485582224487409
TRINITY_DN3003_c0_g2_i3.p1,-0.353934785420244
TRINITY_DN3026_c0_g2_i10.p1,-0.112322825268323
TRINITY_DN37048_c0_g1_i3.p1,-0.49280322444271
TRINITY_DN37364_c0_g1_i4.p1,0.73223626737685
TRINITY_DN6348_c0_g1_i8.p1,-0.267521403522204
TRINITY_DN30088_c0_g1_i1.p1,0.129066153606205
TRINITY_DN11795_c0_g1_i11.p2,0.315821446176597
TRINITY_DN32174_c0_g1_i10.p1,0.278396366346293
TRINITY_DN83132_c0_g1_i2.p1,-0.323517786648954
TRINITY_DN115097_c0_g1_i2.p1,0.49013297427133
TRINITY_DN24988_c1_g1_i1.p1,-0.685329141321629
TRINITY_DN79203_c0_g1_i1.p1,0.758398180462597
TRINITY_DN3840_c0_g3_i2.p1,-0.760406626767415
TRINITY_DN9444_c0_g1_i2.p1,0.481409769835662
TRINITY_DN12793_c1_g1_i1.p1,-0.427319074834804
TRINITY_DN3948_c0_g1_i11.p1,-0.251071318283275
TRINITY_DN11917_c5_g2_i1.p1,0.531968776244197
TRINITY_DN6096_c2_g1_i3.p1,-0.461321722575587
TRINITY_DN6914_c0_g1_i1.p1,0.292403539419637
TRINITY_DN72672_c0_g1_i2.p1,0.120918579407509
TRINITY_DN13053_c0_g1_i1.p1,0.536496493904319
TRINITY_DN23496_c0_g1_i3.p1,-0.314492660953261
TRINITY_DN28541_c0_g2_i2.p1,0.706658264150404
TRINITY_DN39410_c1_g1_i1.p1,0.325140726134538
TRINITY_DN4058_c0_g1_i1.p1,-0.314829309849487
TRINITY_DN14444_c0_g1_i1.p1,-0.122907926868277
TRINITY_DN16825_c1_g1_i1.p1,-0.109722352574259
TRINITY_DN3364_c0_g1_i3.p1,-0.234611741677849
TRINITY_DN743_c1_g1_i1.p1,0.236595471747666
TRINITY_DN5691_c0_g2_i2.p1,0.48935959177112
TRINITY_DN8635_c0_g1_i3.p1,-0.215525939920382
TRINITY_DN10687_c0_g1_i8.p1,0.567777639811772
TRINITY_DN23988_c0_g2_i1.p1,-0.267828255637641
TRINITY_DN8020_c0_g1_i1.p1,-1.27960828723927
TRINITY_DN100316_c0_g1_i1.p1,-0.182572837484945
TRINITY_DN10179_c1_g3_i1.p1,-0.487458792153049
TRINITY_DN115_c2_g1_i3.p1,0.242872066060635
TRINITY_DN2113_c2_g1_i6.p1,-0.383242396924309
TRINITY_DN23596_c0_g2_i1.p1,0.662817908798289
TRINITY_DN36012_c1_g1_i4.p1,-0.605669090626155
TRINITY_DN9055_c0_g1_i3.p1,-0.41913741683709
TRINITY_DN11366_c0_g3_i1.p1,-0.429226954524967
TRINITY_DN14043_c0_g4_i4.p1,0.498873213090065
TRINITY_DN5898_c0_g1_i2.p1,1.23534063074546
TRINITY_DN11721_c0_g1_i4.p1,0.473011866112796
TRINITY_DN14443_c0_g1_i1.p1,-0.220971206510725
TRINITY_DN14631_c0_g1_i1.p1,0.363457763489581
TRINITY_DN1536_c0_g1_i8.p1,0.56857960951724
TRINITY_DN1581_c0_g1_i5.p1,-0.220344844009884
TRINITY_DN16089_c0_g2_i8.p1,0.263220395361497
TRINITY_DN1898_c0_g1_i3.p1,-0.255616106958186
TRINITY_DN20420_c1_g1_i1.p1,0.1439087361376
TRINITY_DN20486_c0_g1_i1.p1,-0.293467629765875
TRINITY_DN21061_c0_g1_i1.p1,0.487005901123338
TRINITY_DN26144_c2_g1_i3.p1,-0.34995722584511
TRINITY_DN280_c2_g1_i1.p1,-0.154449324026815
TRINITY_DN30161_c0_g3_i4.p1,-0.633922428297346
TRINITY_DN3360_c0_g1_i1.p1,0.286805002032835
TRINITY_DN34926_c0_g1_i3.p1,0.28661430820773
TRINITY_DN35599_c0_g1_i2.p1,0.471751469392606
TRINITY_DN36012_c1_g1_i2.p1,-0.468260663234849
TRINITY_DN3617_c2_g1_i3.p1,0.735177013483948
TRINITY_DN3899_c0_g1_i2.p1,-0.355550358050256
TRINITY_DN4239_c0_g1_i7.p1,0.169826795045532
TRINITY_DN4695_c0_g1_i17.p1,-0.222931986628624
TRINITY_DN48587_c0_g1_i5.p1,-0.400655759551197
TRINITY_DN50790_c0_g1_i3.p1,-0.47942358202941
TRINITY_DN5621_c0_g1_i5.p1,-0.266805457227438
TRINITY_DN591_c0_g1_i4.p1,-0.431296106076834
TRINITY_DN60850_c0_g1_i2.p1,0.382936616082096
TRINITY_DN60939_c0_g1_i6.p1,0.637161062480514
TRINITY_DN642_c0_g1_i2.p1,-0.332756324331069
TRINITY_DN66400_c0_g2_i1.p1,0.528999395214898
TRINITY_DN6987_c0_g1_i2.p1,-0.523788405070229
TRINITY_DN730_c0_g1_i73.p1,0.370102187832333
TRINITY_DN745_c0_g1_i5.p1,-0.295687310805992
TRINITY_DN8271_c0_g1_i1.p1,-0.641577837989869
TRINITY_DN8915_c0_g1_i1.p1,0.205894908501087
TRINITY_DN9316_c0_g1_i1.p1,-0.138513017078383
TRINITY_DN4521_c0_g1_i15.p1,-0.572805619020287
TRINITY_DN1390_c0_g2_i2.p1,-0.147879491595362
TRINITY_DN11562_c0_g1_i1.p1,0.58472593166383
TRINITY_DN174_c0_g2_i6.p1,0.665572532224567
TRINITY_DN20012_c0_g1_i2.p1,0.685765986362068
TRINITY_DN3592_c0_g1_i1.p1,-0.386676460461752
TRINITY_DN36456_c0_g1_i2.p1,-0.587216478528519
TRINITY_DN404_c0_g2_i10.p1,-0.37708457854512
TRINITY_DN4827_c0_g1_i1.p1,-0.275725023279684
TRINITY_DN5269_c0_g1_i1.p1,0.15194945290177
TRINITY_DN591_c1_g1_i1.p1,-0.354380177786322
TRINITY_DN3412_c0_g1_i8.p1,0.267354870400175
TRINITY_DN145150_c0_g1_i1.p1,0.224150516547814
TRINITY_DN15312_c0_g1_i1.p1,-0.903004872773272
TRINITY_DN15728_c0_g3_i1.p1,-0.366042374693377
TRINITY_DN4597_c0_g1_i1.p1,0.178139022672346
TRINITY_DN5011_c0_g2_i3.p1,-0.555252458233695
TRINITY_DN5446_c1_g2_i1.p1,0.320264372285196
TRINITY_DN5576_c0_g1_i5.p1,-0.566493028188733
TRINITY_DN4435_c1_g1_i20.p1,-0.392397885254033
TRINITY_DN884_c0_g1_i3.p1,0.392355004971874
TRINITY_DN16085_c0_g1_i1.p1,-0.186693558083462
TRINITY_DN17357_c0_g1_i1.p1,-0.200470128669876
TRINITY_DN19782_c0_g1_i1.p1,-0.253750783250816
TRINITY_DN4761_c1_g1_i6.p1,0.551546348238994
TRINITY_DN1390_c1_g1_i9.p1,-0.355105171594996
TRINITY_DN1579_c0_g1_i1.p1,0.179301836230807
TRINITY_DN161814_c0_g1_i1.p1,0.145770313678889
TRINITY_DN3586_c2_g1_i2.p1,0.496527745238084
TRINITY_DN5475_c0_g1_i3.p1,-0.506570769516111
TRINITY_DN18221_c0_g2_i2.p1,-0.163585649260161
TRINITY_DN16373_c0_g1_i2.p1,-0.46721071584962
TRINITY_DN12040_c0_g1_i1.p1,0.137583048199473
TRINITY_DN14640_c0_g1_i1.p1,0.551652986062231
TRINITY_DN48225_c0_g1_i2.p1,0.335576069229601
TRINITY_DN6574_c0_g1_i3.p1,0.411543713263159
TRINITY_DN8004_c0_g1_i3.p1,-0.447457172497863
TRINITY_DN35427_c0_g1_i1.p1,-0.4895678446119
TRINITY_DN30586_c0_g1_i18.p1,0.416504767871702
TRINITY_DN55727_c1_g1_i3.p1,-0.468236060038609
TRINITY_DN4455_c1_g1_i1.p1,0.103671706782115
TRINITY_DN54441_c0_g1_i2.p1,0.191290080852814
TRINITY_DN1729_c0_g1_i1.p1,-0.105519934705669
TRINITY_DN12012_c0_g1_i4.p1,-0.463656844673247
TRINITY_DN12387_c1_g1_i1.p1,-0.434175910884113
TRINITY_DN145587_c0_g1_i1.p1,-0.280338651487402
TRINITY_DN116196_c0_g1_i1.p1,0.118687217904227
TRINITY_DN1251_c1_g2_i3.p1,-0.189771032123603
TRINITY_DN2006_c0_g1_i70.p1,0.336834784422005
TRINITY_DN26634_c0_g1_i3.p1,-0.333634956657194
TRINITY_DN30525_c0_g1_i1.p1,-0.244730946872222
TRINITY_DN43542_c1_g1_i1.p1,0.423055329225597
TRINITY_DN5444_c0_g1_i3.p1,0.52680511390746
TRINITY_DN265_c0_g1_i1.p1,-0.477857541865738
TRINITY_DN3661_c0_g1_i1.p1,0.145199688840212
TRINITY_DN10335_c1_g1_i3.p1,-0.517515900721276
TRINITY_DN130017_c0_g1_i1.p1,0.579301750684651
TRINITY_DN703_c0_g1_i24.p1,0.369823535282082
TRINITY_DN7103_c1_g2_i4.p1,-0.155691327777594
TRINITY_DN28371_c0_g1_i1.p1,0.508234032107394
TRINITY_DN6784_c0_g1_i1.p1,0.141288320360738
TRINITY_DN47662_c0_g1_i1.p1,0.172608761754207
TRINITY_DN10648_c0_g2_i1.p1,0.412589232870769
TRINITY_DN20927_c5_g1_i1.p1,0.541923413815033
TRINITY_DN2414_c0_g1_i2.p1,0.517960408853967
TRINITY_DN7469_c1_g1_i6.p1,0.260826193949187
TRINITY_DN7633_c0_g2_i5.p1,-0.548068045151436
TRINITY_DN12037_c0_g1_i2.p1,0.763853558912482
TRINITY_DN279_c2_g1_i9.p1,-0.264694810546708
TRINITY_DN14082_c2_g1_i2.p1,-0.237982628489421
TRINITY_DN1437_c0_g1_i12.p1,-0.773462689478279
TRINITY_DN16362_c0_g1_i7.p1,0.469868743665194
TRINITY_DN670_c0_g1_i1.p1,-0.17826458652449
TRINITY_DN803_c2_g1_i24.p1,0.463085411264266
TRINITY_DN17069_c0_g1_i2.p1,0.166663101384283
TRINITY_DN4453_c0_g1_i1.p1,0.218003190703708
TRINITY_DN161960_c0_g1_i1.p1,-0.37689607104049
TRINITY_DN35096_c0_g1_i1.p1,0.561580732852239
TRINITY_DN45131_c0_g1_i1.p1,0.162056928925118
TRINITY_DN1828_c0_g1_i3.p1,-0.117325310463447
TRINITY_DN35_c11_g1_i1.p1,0.261986993946275
TRINITY_DN4331_c0_g1_i6.p1,-0.6058106549797
TRINITY_DN10244_c0_g1_i4.p1,0.24283249484204
TRINITY_DN18221_c0_g2_i1.p1,-1.35702762273142
TRINITY_DN18794_c0_g1_i2.p1,-0.462300861820073
TRINITY_DN2310_c0_g1_i2.p1,-0.182696142201792
TRINITY_DN562_c0_g1_i2.p1,-0.306945996700091
TRINITY_DN7147_c4_g1_i1.p1,0.145348040022989
TRINITY_DN9947_c0_g1_i8.p1,-0.519562925488821
TRINITY_DN1969_c12_g3_i1.p1,0.604533926209901
TRINITY_DN22384_c1_g1_i2.p1,-0.54551655465236
TRINITY_DN23_c14_g1_i1.p1,0.186806961862061
TRINITY_DN2425_c0_g1_i1.p1,0.238461590775804
TRINITY_DN2750_c1_g2_i4.p1,-0.250429324879948
TRINITY_DN34839_c0_g2_i2.p1,-0.411359739173537
TRINITY_DN41166_c0_g1_i1.p1,-0.33833611636389
TRINITY_DN440_c0_g1_i14.p1,-0.352913935735474
TRINITY_DN44610_c0_g1_i1.p1,-0.123375145473718
TRINITY_DN5409_c0_g1_i2.p1,-0.261239156329052
TRINITY_DN1193_c0_g1_i17.p1,0.255935196010651
TRINITY_DN18900_c0_g3_i3.p1,-0.391565712540987
TRINITY_DN31700_c0_g1_i1.p1,-0.269813572725671
TRINITY_DN31708_c0_g1_i1.p1,-0.414438464910374
TRINITY_DN6806_c0_g1_i10.p1,-0.443965119986792
TRINITY_DN455_c0_g1_i1.p1,1.89643088114872
TRINITY_DN10741_c0_g1_i46.p1,-0.675200127324865
TRINITY_DN2395_c4_g1_i1.p1,-0.437875529708084
TRINITY_DN2783_c0_g1_i7.p1,0.321186138590692
TRINITY_DN5331_c0_g1_i1.p1,0.192627001527076
TRINITY_DN61292_c0_g1_i4.p1,0.526705749182822
TRINITY_DN6267_c6_g1_i1.p1,-0.306103638375776
TRINITY_DN6391_c0_g2_i2.p1,0.289530661383396
TRINITY_DN41412_c0_g1_i1.p1,0.092776858065576
TRINITY_DN5138_c2_g1_i2.p1,0.339173944658329
TRINITY_DN151137_c0_g1_i1.p1,-0.14952210972663
TRINITY_DN11563_c0_g1_i3.p1,-0.455415703911042
TRINITY_DN3779_c0_g1_i2.p1,-0.295347926868141
TRINITY_DN5433_c0_g1_i3.p1,0.151088387425452
TRINITY_DN1884_c0_g1_i44.p1,-0.287341690707172
TRINITY_DN39647_c0_g1_i2.p1,0.157583081555884
TRINITY_DN22512_c0_g3_i1.p1,-0.479246709581903
TRINITY_DN269_c0_g1_i2.p1,-0.407102486405738
TRINITY_DN39817_c0_g1_i1.p1,-0.096820326084084
TRINITY_DN25018_c0_g1_i3.p1,-0.260201045572455
TRINITY_DN112213_c0_g1_i1.p1,-0.138050126621124
TRINITY_DN131425_c0_g1_i1.p1,-0.166385225928728
TRINITY_DN15088_c1_g1_i1.p1,0.354372420631536
TRINITY_DN17032_c0_g1_i2.p1,-0.587538461677783
TRINITY_DN329_c0_g2_i2.p1,0.725955881765988
TRINITY_DN42762_c0_g1_i6.p1,-0.42028112477254
TRINITY_DN435_c0_g1_i1.p1,-0.557840376116818
TRINITY_DN4666_c5_g1_i1.p1,0.150546076923612
TRINITY_DN6229_c0_g1_i13.p1,-0.478111298640154
TRINITY_DN8035_c9_g3_i2.p1,0.126114243962124
TRINITY_DN3909_c0_g1_i4.p1,-0.286587215068295
TRINITY_DN344_c0_g1_i18.p1,0.25605124153112
TRINITY_DN4832_c0_g1_i6.p1,0.889476557429576
TRINITY_DN6020_c0_g1_i1.p1,-0.229517175009611
TRINITY_DN687_c3_g1_i1.p1,-0.114946692430989
TRINITY_DN801_c0_g1_i1.p1,0.259830134455029
TRINITY_DN2907_c0_g1_i4.p1,-0.231022532245088
TRINITY_DN23558_c0_g1_i1.p1,-0.515140374218652
TRINITY_DN194_c42_g1_i1.p1,0.141999154043383
TRINITY_DN7813_c0_g1_i1.p1,0.117772791035529
TRINITY_DN27_c3_g1_i4.p1,-0.442699195766304
TRINITY_DN681_c0_g1_i2.p1,0.69386433289771
TRINITY_DN26339_c0_g1_i2.p1,-0.286306560997073
TRINITY_DN6003_c0_g1_i2.p1,0.10028419584178
TRINITY_DN62143_c0_g1_i14.p1,0.53290405403833
TRINITY_DN11723_c0_g1_i1.p1,-0.17675848291326
TRINITY_DN1208_c0_g1_i1.p1,-0.282944538111387
TRINITY_DN162252_c0_g1_i1.p1,-0.296930522118492
TRINITY_DN19701_c1_g1_i2.p1,0.299793055727994
TRINITY_DN3851_c0_g1_i1.p1,-0.562832130396919
TRINITY_DN4189_c0_g1_i1.p1,0.421271243302373
TRINITY_DN5403_c0_g1_i2.p1,-0.474184585303022
TRINITY_DN6998_c4_g1_i3.p1,-0.295455667031237
TRINITY_DN74206_c0_g1_i1.p1,-0.409124349988176
TRINITY_DN21176_c0_g1_i1.p1,-0.212687618771708
TRINITY_DN858_c2_g1_i6.p1,0.581289785075591
TRINITY_DN1951_c0_g1_i12.p1,-0.534125127589578
TRINITY_DN45476_c0_g2_i1.p1,1.80496340948459
TRINITY_DN652_c0_g2_i1.p1,-0.334968373297812
TRINITY_DN10642_c0_g1_i4.p2,0.333994688293823
TRINITY_DN1215_c3_g1_i1.p1,0.537419730724949
TRINITY_DN16318_c0_g1_i1.p1,0.342652959879223
TRINITY_DN4457_c0_g3_i1.p1,0.194526848026353
TRINITY_DN5356_c0_g1_i1.p1,-0.32872865921711
TRINITY_DN936_c0_g1_i2.p1,-0.408422216870335
TRINITY_DN15162_c1_g2_i1.p1,0.117094501598082
TRINITY_DN16687_c1_g2_i4.p1,-0.212721510907319
TRINITY_DN10380_c0_g1_i8.p1,0.345715629749618
TRINITY_DN178847_c0_g1_i1.p1,0.285148662252487
TRINITY_DN853_c0_g1_i1.p1,0.328361110486616
TRINITY_DN28901_c1_g2_i1.p1,-0.412371077692371
TRINITY_DN9923_c0_g1_i1.p1,0.180890736023427
TRINITY_DN4564_c0_g2_i1.p1,0.258801952584388
TRINITY_DN10083_c0_g1_i1.p1,-0.168016598989155
TRINITY_DN12564_c1_g1_i1.p1,0.966994464990863
TRINITY_DN15215_c0_g1_i1.p1,0.217221468237164
TRINITY_DN1697_c0_g1_i12.p1,0.526549316736156
TRINITY_DN23486_c0_g1_i1.p1,0.412650165424443
TRINITY_DN31_c0_g2_i1.p1,0.340878093283121
TRINITY_DN4420_c0_g2_i5.p1,0.325424286070256
TRINITY_DN446_c1_g1_i1.p1,-0.328848229360811
TRINITY_DN1390_c0_g1_i2.p1,0.279173983991584
TRINITY_DN1692_c0_g1_i4.p1,0.328931805364545
TRINITY_DN7535_c0_g1_i1.p1,0.17471059689034
TRINITY_DN10502_c0_g1_i24.p1,-0.453795560778646
TRINITY_DN27981_c0_g1_i2.p1,-0.754822695019313
TRINITY_DN2997_c0_g1_i2.p1,-0.477330112763879
TRINITY_DN3840_c0_g2_i5.p1,0.246186273220218
TRINITY_DN62066_c0_g1_i6.p1,-0.495431412111572
TRINITY_DN7917_c0_g2_i5.p1,-0.403096458829468
TRINITY_DN10427_c0_g2_i2.p1,0.4857580370161
TRINITY_DN42869_c0_g1_i2.p1,-0.228858408765386
TRINITY_DN9935_c0_g2_i2.p1,0.268091946049673
TRINITY_DN3736_c0_g1_i1.p1,0.173013434859649
TRINITY_DN703_c0_g1_i28.p1,0.574369301954492
TRINITY_DN742_c0_g1_i110.p1,-0.348187954601015
TRINITY_DN763_c0_g1_i5.p1,-0.170244734535491
TRINITY_DN19925_c0_g1_i5.p1,-0.44371732819537
TRINITY_DN841_c0_g1_i2.p1,-0.703260457547706
TRINITY_DN1083_c0_g1_i2.p1,0.12703480035035
TRINITY_DN20660_c0_g1_i2.p1,-0.860147305978284
TRINITY_DN131730_c0_g1_i1.p1,-0.206268898411836
TRINITY_DN16807_c0_g1_i1.p1,-0.364138241171771
TRINITY_DN1026_c19_g1_i1.p1,0.157084680154514
TRINITY_DN1130_c0_g1_i1.p1,0.192587311090226
TRINITY_DN2721_c2_g1_i3.p1,-0.485777313672929
TRINITY_DN8980_c1_g1_i1.p1,-0.313156191183787
TRINITY_DN19697_c0_g1_i1.p1,-0.218650065709298
TRINITY_DN2700_c0_g2_i3.p1,-0.482296181873158
TRINITY_DN4996_c1_g1_i1.p1,0.257253460497541
TRINITY_DN629_c0_g1_i1.p1,-0.549916687898444
TRINITY_DN788_c1_g1_i17.p1,0.425959413769983
TRINITY_DN3275_c18_g2_i2.p1,0.395533918320092
TRINITY_DN537_c0_g2_i1.p1,-0.175106401695788
TRINITY_DN9186_c0_g1_i3.p1,-0.294610595311016
TRINITY_DN9672_c0_g1_i1.p1,-0.147642301586567
TRINITY_DN11352_c1_g1_i1.p2,-0.343829944143388
TRINITY_DN11721_c0_g1_i3.p1,0.204895908457487
TRINITY_DN11842_c0_g1_i1.p1,0.299092372280682
TRINITY_DN177359_c0_g1_i5.p1,-0.29270526879517
TRINITY_DN19276_c1_g1_i5.p1,-0.432305381712976
TRINITY_DN1941_c1_g1_i1.p1,-0.0976598940709336
TRINITY_DN19865_c0_g1_i2.p1,-0.462583837641155
TRINITY_DN22724_c0_g1_i1.p1,1.74962716799346
TRINITY_DN23426_c0_g1_i1.p1,0.244508000413047
TRINITY_DN45682_c1_g2_i2.p1,0.555894549058046
TRINITY_DN589_c1_g1_i1.p1,-0.35365248266861
TRINITY_DN61711_c0_g1_i3.p1,-0.333128118092826
TRINITY_DN7861_c0_g1_i17.p1,0.522688283945655
TRINITY_DN88_c0_g2_i1.p1,-0.382527487169801
TRINITY_DN96751_c0_g1_i1.p1,0.459625180096799
TRINITY_DN8125_c0_g2_i1.p1,-0.127994374133605
TRINITY_DN2322_c3_g2_i1.p1,-0.422478378240452
TRINITY_DN43750_c0_g1_i3.p1,0.367625670781366
TRINITY_DN903_c0_g1_i4.p1,0.393767892692796
TRINITY_DN396_c0_g3_i2.p1,0.418755847863249
TRINITY_DN47778_c0_g1_i2.p1,-0.497025118852584
TRINITY_DN6458_c0_g1_i1.p1,0.174018255427987
TRINITY_DN6987_c0_g1_i14.p1,-0.349429135651675
TRINITY_DN9912_c0_g2_i3.p1,-0.726347021622057
TRINITY_DN3002_c0_g1_i44.p1,0.270782049812428
TRINITY_DN4692_c0_g1_i1.p1,-0.351679321293382
TRINITY_DN129570_c0_g1_i1.p1,0.405106852821759
TRINITY_DN1335_c0_g5_i1.p1,0.626791208182374
TRINITY_DN19737_c0_g1_i1.p1,-0.770956706448566
TRINITY_DN702_c0_g1_i25.p1,0.458341336900097
TRINITY_DN5375_c0_g3_i3.p1,0.249066574510517
TRINITY_DN178_c2_g1_i4.p1,-0.297304559621591
TRINITY_DN1210_c0_g1_i7.p1,-0.380444925016521
TRINITY_DN1213_c1_g1_i97.p1,-0.312419902398996
TRINITY_DN16888_c0_g1_i1.p1,0.489933012508956
TRINITY_DN20112_c0_g1_i4.p1,0.728369789606444
TRINITY_DN5483_c0_g2_i2.p1,0.281918591820684
TRINITY_DN8294_c1_g1_i1.p1,0.235964505856912
TRINITY_DN1050_c0_g1_i9.p1,-0.857670628965457
TRINITY_DN9864_c0_g3_i1.p1,-0.740139248500114
TRINITY_DN11774_c0_g1_i2.p1,0.249501132941277
TRINITY_DN12112_c0_g6_i1.p1,-0.432591845807927
TRINITY_DN12167_c0_g1_i1.p1,0.147586585016293
TRINITY_DN12183_c0_g1_i3.p1,0.529673102506783
TRINITY_DN129942_c0_g1_i2.p1,-0.23778100522207
TRINITY_DN1322_c2_g1_i1.p1,0.117628768427547
TRINITY_DN13953_c0_g1_i6.p1,0.399554320194641
TRINITY_DN145050_c0_g1_i1.p1,0.207441865938297
TRINITY_DN14837_c0_g1_i19.p1,0.385496377004279
TRINITY_DN18749_c0_g1_i11.p1,0.492403246110992
TRINITY_DN203_c0_g1_i11.p1,-0.337778835382505
TRINITY_DN24794_c0_g2_i1.p2,0.659796853023668
TRINITY_DN250_c0_g1_i5.p1,0.311288276384356
TRINITY_DN42666_c0_g1_i5.p1,-0.312925453211235
TRINITY_DN43923_c0_g1_i2.p1,-0.595176321696863
TRINITY_DN4770_c0_g1_i13.p1,0.553408779130267
TRINITY_DN59448_c0_g1_i1.p1,0.243753856471725
TRINITY_DN749_c0_g1_i7.p1,0.510739659871941
TRINITY_DN9040_c0_g1_i1.p1,-0.100393015158585
TRINITY_DN9199_c0_g1_i2.p1,-0.565199271980622
TRINITY_DN92901_c0_g1_i2.p1,-0.166130346788618
TRINITY_DN82402_c0_g1_i4.p1,0.566364867830549
TRINITY_DN1047_c0_g1_i2.p1,0.469877986979064
TRINITY_DN18307_c0_g2_i1.p1,1.51378512586729
TRINITY_DN41145_c0_g2_i2.p1,0.382728032833388
TRINITY_DN178683_c0_g1_i1.p1,0.213392186705223
TRINITY_DN7787_c0_g1_i18.p1,-0.542829888010508
TRINITY_DN8567_c0_g1_i1.p1,-0.104312581680203
TRINITY_DN8100_c0_g1_i1.p1,0.191194838980176
TRINITY_DN749_c0_g1_i3.p1,0.512452328621395
TRINITY_DN17346_c0_g1_i1.p1,0.261950546000905
TRINITY_DN18946_c0_g1_i1.p1,-0.0949950760192271
TRINITY_DN19148_c0_g1_i1.p1,0.148507757148507
TRINITY_DN19383_c1_g1_i7.p1,-0.374989369124287
TRINITY_DN26647_c0_g1_i6.p1,0.16983890166785
TRINITY_DN3032_c0_g1_i38.p1,0.375520461946955
TRINITY_DN382_c1_g1_i10.p1,0.381708165547039
TRINITY_DN42496_c0_g1_i1.p1,-0.300665219852619
TRINITY_DN4903_c0_g1_i3.p1,0.328785300833736
TRINITY_DN9191_c0_g2_i1.p2,0.342107661795678
TRINITY_DN999_c0_g1_i1.p1,-0.309407534933125
TRINITY_DN1020_c0_g1_i1.p1,-0.24438513456467
TRINITY_DN3952_c0_g1_i2.p1,0.372431235497017
TRINITY_DN922_c0_g1_i13.p1,0.378882948768769
TRINITY_DN7113_c1_g1_i7.p1,-0.376291794269419
TRINITY_DN11254_c0_g1_i1.p1,0.292729672595904
TRINITY_DN112793_c0_g1_i1.p1,-0.18115777248673
TRINITY_DN1587_c0_g1_i4.p1,-0.249981536358376
TRINITY_DN1725_c1_g1_i12.p1,0.489448924231041
TRINITY_DN2403_c2_g1_i2.p1,-0.189106482242208
TRINITY_DN526_c1_g1_i5.p1,-0.367105573592717
TRINITY_DN66284_c0_g1_i5.p1,0.815345291193649
TRINITY_DN98572_c0_g1_i2.p1,-0.330357153938657
TRINITY_DN97353_c0_g1_i3.p1,0.403594499920932
TRINITY_DN1131_c0_g1_i7.p1,0.362441443217434
TRINITY_DN12012_c0_g1_i26.p1,0.311835402056013
TRINITY_DN128824_c0_g1_i1.p1,0.528638041214353
TRINITY_DN6624_c0_g1_i2.p1,-0.177471360350024
TRINITY_DN5246_c0_g1_i1.p1,-0.146362233363583
TRINITY_DN10268_c0_g1_i2.p1,0.366433118135256
TRINITY_DN12012_c0_g1_i22.p2,-0.276544300512522
TRINITY_DN9763_c0_g1_i12.p1,-1.11943389803208
TRINITY_DN434_c0_g1_i3.p1,-0.321470350037119
TRINITY_DN7170_c0_g1_i2.p1,0.355456612593304
TRINITY_DN16575_c0_g3_i1.p1,-0.141846416057271
TRINITY_DN39196_c0_g2_i1.p1,-0.200548013133381
TRINITY_DN15535_c1_g1_i4.p1,-0.449752576670306
TRINITY_DN6996_c0_g1_i2.p1,0.374153280268591
TRINITY_DN7413_c0_g1_i2.p1,0.404900087770044
TRINITY_DN817_c1_g1_i14.p1,0.230921529283724
TRINITY_DN41_c1_g2_i1.p1,0.222085435273668
TRINITY_DN29243_c0_g1_i1.p1,-0.41433474544061
TRINITY_DN13911_c0_g1_i1.p1,-0.429095485641416
TRINITY_DN155_c0_g1_i11.p1,0.408623501381408
TRINITY_DN17918_c0_g1_i5.p1,-0.422488382354289
TRINITY_DN1949_c0_g1_i3.p1,-0.36040917943101
TRINITY_DN39665_c0_g2_i2.p1,0.180737873830874
TRINITY_DN5875_c0_g1_i9.p1,-0.560526552051439
TRINITY_DN8782_c0_g1_i9.p1,0.277660225203936
TRINITY_DN20012_c0_g1_i5.p1,0.825799182928857
TRINITY_DN32226_c0_g1_i3.p1,0.326559747734643
TRINITY_DN9415_c3_g1_i3.p2,0.479169235403836
TRINITY_DN24634_c0_g1_i9.p1,-0.144894652267525
TRINITY_DN18957_c0_g1_i2.p1,0.23310728829429
TRINITY_DN432_c0_g1_i1.p1,-1.59179307501542
TRINITY_DN10252_c0_g1_i2.p1,-0.221210867656854
TRINITY_DN1069_c0_g1_i18.p1,-0.412547906866081
TRINITY_DN10782_c0_g1_i2.p1,0.483248004196442
TRINITY_DN10911_c0_g1_i1.p1,-0.177905243114179
TRINITY_DN113007_c0_g1_i1.p1,-0.311435587286751
TRINITY_DN12625_c0_g1_i3.p1,-0.497510977300788
TRINITY_DN129308_c0_g1_i1.p1,-0.188074703648347
TRINITY_DN1403_c2_g1_i1.p1,-0.139510744662532
TRINITY_DN14350_c0_g2_i1.p1,0.397073805520245
TRINITY_DN145116_c0_g1_i1.p1,-0.539582709592247
TRINITY_DN14568_c0_g1_i3.p1,-0.202476016283636
TRINITY_DN146424_c0_g1_i1.p1,-0.295413813635642
TRINITY_DN1607_c0_g1_i2.p1,0.179496224814756
TRINITY_DN161701_c0_g1_i1.p1,0.315807563699632
TRINITY_DN17361_c0_g2_i1.p1,0.520892849647671
TRINITY_DN1823_c0_g1_i1.p1,-0.434551147707283
TRINITY_DN19072_c0_g1_i1.p1,-0.200918111472051
TRINITY_DN19651_c0_g1_i1.p1,-0.323345362872971
TRINITY_DN22477_c0_g1_i2.p1,0.424605026241458
TRINITY_DN2267_c0_g1_i1.p1,-0.405166809370237
TRINITY_DN2392_c0_g1_i5.p1,-1.96631221520309
TRINITY_DN27743_c0_g1_i2.p1,-0.449690047804652
TRINITY_DN2976_c0_g1_i10.p1,0.425519136856675
TRINITY_DN2979_c0_g1_i4.p1,0.563683744449904
TRINITY_DN30371_c0_g1_i11.p1,-0.562315646819278
TRINITY_DN31714_c0_g1_i2.p1,-0.599100681647126
TRINITY_DN3235_c0_g1_i1.p1,2.25901094267304
TRINITY_DN3282_c4_g1_i4.p2,0.555372423514779
TRINITY_DN34325_c1_g1_i1.p1,-0.264921648294838
TRINITY_DN344_c0_g1_i1.p1,0.29288668234902
TRINITY_DN35_c0_g1_i40.p1,-0.420596738597659
TRINITY_DN35_c3_g1_i2.p1,0.256518936557806
TRINITY_DN3654_c0_g1_i10.p1,0.262197636167468
TRINITY_DN528_c9_g1_i1.p1,-0.274057823462606
TRINITY_DN542_c0_g1_i20.p1,-0.569838738017904
TRINITY_DN573_c0_g4_i4.p1,-0.487363570409258
TRINITY_DN7339_c0_g1_i10.p1,-1.52994120743993
TRINITY_DN7633_c0_g2_i3.p1,-0.493028223536596
TRINITY_DN79099_c0_g1_i1.p1,-0.333122022841167
TRINITY_DN81_c0_g1_i1.p1,0.125668172829783
TRINITY_DN9114_c2_g1_i2.p1,-0.39359149627944
TRINITY_DN912_c2_g1_i14.p1,-0.352955783915482
TRINITY_DN9388_c0_g1_i1.p1,0.111505186705528
TRINITY_DN9624_c0_g1_i1.p1,0.192310969373985
TRINITY_DN28474_c0_g1_i1.p1,0.248098277874403
TRINITY_DN1589_c3_g3_i3.p1,-0.406169710335827
TRINITY_DN163309_c0_g1_i1.p1,0.253504518419877
TRINITY_DN19884_c0_g1_i9.p1,0.568945143702904
TRINITY_DN20798_c0_g1_i1.p1,-0.17261602789627
TRINITY_DN251_c0_g1_i1.p1,0.348378834434209
TRINITY_DN3586_c6_g1_i1.p1,0.28021220941138
TRINITY_DN4772_c1_g3_i3.p1,-0.182378697397712
TRINITY_DN526_c0_g1_i10.p1,-0.479405891222114
TRINITY_DN6520_c0_g1_i2.p1,-0.316546863014262
TRINITY_DN6841_c0_g1_i1.p1,-0.116480822253721
TRINITY_DN708_c0_g1_i12.p1,-0.501005470456412
TRINITY_DN7233_c0_g1_i1.p1,0.199311603383823
TRINITY_DN770_c0_g1_i19.p1,0.313698567436514
TRINITY_DN8064_c0_g1_i1.p1,0.206678738468364
TRINITY_DN837_c0_g1_i54.p1,0.262734729308288
TRINITY_DN9430_c1_g1_i3.p1,0.143180851930374
TRINITY_DN112_c128_g1_i2.p2,0.183441287454574
TRINITY_DN27146_c0_g1_i1.p1,-0.1958285944592
TRINITY_DN14004_c1_g1_i3.p1,-0.458329744716775
TRINITY_DN32220_c0_g1_i1.p1,-0.52397180960208
TRINITY_DN22097_c0_g1_i1.p1,-0.164052529610403
TRINITY_DN161781_c0_g1_i1.p1,-0.25015752518018
TRINITY_DN18_c2_g1_i2.p1,0.378827971743979
TRINITY_DN5642_c0_g1_i1.p1,0.476528037883907
TRINITY_DN10214_c0_g1_i3.p1,-0.507069428832398
TRINITY_DN2507_c0_g1_i68.p1,0.487482248645842
TRINITY_DN23274_c0_g2_i1.p2,0.641762662019207
TRINITY_DN22199_c0_g1_i31.p1,0.327478082837309
TRINITY_DN10741_c5_g1_i1.p1,0.192748221420421
TRINITY_DN12545_c0_g1_i5.p1,-0.490251950507126
TRINITY_DN2997_c0_g1_i1.p1,0.260892430632378
TRINITY_DN32202_c0_g1_i2.p1,-0.163882950075242
TRINITY_DN1279_c0_g2_i1.p1,0.390349909692102
TRINITY_DN22221_c6_g1_i1.p1,0.478333613336821
TRINITY_DN10399_c1_g1_i1.p1,-0.132799638643717
TRINITY_DN10462_c0_g1_i1.p1,0.440971254958386
TRINITY_DN1057_c3_g1_i1.p1,0.511502944820428
TRINITY_DN114595_c0_g1_i1.p1,0.624582549529182
TRINITY_DN11541_c0_g1_i2.p1,-0.166172952255502
TRINITY_DN11593_c0_g1_i2.p1,-0.148316967403736
TRINITY_DN116500_c0_g1_i1.p1,0.298289204430157
TRINITY_DN11908_c0_g3_i1.p1,-0.334860573098562
TRINITY_DN1251_c1_g2_i2.p1,0.450973257880548
TRINITY_DN12727_c0_g1_i6.p1,0.371547599486836
TRINITY_DN12900_c0_g1_i1.p1,-0.209964971473438
TRINITY_DN130282_c0_g1_i1.p1,-0.304098418757048
TRINITY_DN13207_c0_g1_i1.p1,-0.283051539726152
TRINITY_DN13766_c5_g1_i1.p1,0.2651418268783
TRINITY_DN144908_c0_g1_i1.p1,0.419843868556101
TRINITY_DN1453_c0_g1_i4.p1,0.468826193500234
TRINITY_DN1453_c1_g1_i20.p1,-0.374606349674095
TRINITY_DN14843_c0_g1_i1.p1,0.587913029750995
TRINITY_DN14852_c0_g2_i4.p1,0.495838675577212
TRINITY_DN1519_c0_g1_i5.p1,-0.329069958647272
TRINITY_DN1521_c0_g1_i1.p1,0.615040771411434
TRINITY_DN15260_c0_g1_i1.p1,0.135624978982473
TRINITY_DN15407_c0_g1_i2.p1,-0.36795584335833
TRINITY_DN1564_c0_g1_i1.p1,0.311595724610448
TRINITY_DN1564_c11_g1_i1.p1,0.201795370289467
TRINITY_DN15926_c0_g1_i1.p1,0.192551633179068
TRINITY_DN1644_c0_g1_i22.p1,-0.782922858785181
TRINITY_DN1664_c0_g2_i4.p1,0.446565427477958
TRINITY_DN16689_c0_g1_i1.p1,-0.161464120385452
TRINITY_DN17529_c0_g1_i12.p1,0.259785563795214
TRINITY_DN1764_c1_g1_i1.p1,-0.549939730490264
TRINITY_DN178085_c0_g1_i1.p1,0.122809258922814
TRINITY_DN180702_c0_g1_i1.p1,-0.497493220945576
TRINITY_DN181949_c0_g1_i1.p1,0.308563808378007
TRINITY_DN18590_c0_g1_i1.p1,-0.567229367184338
TRINITY_DN1901_c0_g1_i7.p1,0.542435366966146
TRINITY_DN19276_c0_g1_i2.p1,-0.28879603946392
TRINITY_DN19399_c0_g1_i1.p1,-0.181117880050888
TRINITY_DN1964_c0_g3_i1.p1,-0.183270588224026
TRINITY_DN19740_c0_g1_i1.p1,0.334579272916155
TRINITY_DN2067_c32_g1_i1.p1,0.104167661799476
TRINITY_DN2129_c0_g1_i2.p1,0.376892072522538
TRINITY_DN21949_c0_g1_i2.p1,-0.73632523062985
TRINITY_DN22679_c0_g1_i1.p1,0.213962570761148
TRINITY_DN24874_c1_g1_i1.p1,-0.514683220349919
TRINITY_DN25132_c0_g1_i1.p1,0.195779031789426
TRINITY_DN2688_c0_g1_i1.p1,-0.443392959144482
TRINITY_DN2699_c0_g2_i2.p1,0.296171942016961
TRINITY_DN2773_c0_g2_i1.p1,0.177134690824193
TRINITY_DN2915_c0_g1_i4.p1,-0.222518459144811
TRINITY_DN3061_c2_g2_i3.p1,-0.0849473831397796
TRINITY_DN31595_c0_g1_i1.p1,-0.174580261219531
TRINITY_DN3159_c0_g1_i3.p1,-0.170738941255277
TRINITY_DN32362_c4_g1_i1.p1,0.190012503484425
TRINITY_DN3282_c15_g1_i1.p1,0.529708090493843
TRINITY_DN3285_c1_g2_i2.p1,-0.343099646499166
TRINITY_DN33019_c4_g1_i1.p1,-0.330120612536729
TRINITY_DN3414_c0_g1_i20.p1,-0.577136825912058
TRINITY_DN34384_c1_g1_i1.p1,-0.127919634817808
TRINITY_DN35640_c0_g1_i2.p1,-0.253260837666198
TRINITY_DN359_c0_g1_i19.p1,0.336923424043838
TRINITY_DN36810_c0_g1_i2.p1,-0.35250396029744
TRINITY_DN3749_c0_g1_i1.p1,0.468113925220097
TRINITY_DN39062_c0_g2_i2.p1,-0.492316687751706
TRINITY_DN3960_c0_g1_i1.p1,1.8278923859172
TRINITY_DN4214_c0_g2_i1.p1,0.26853905832212
TRINITY_DN42734_c0_g1_i4.p1,0.270960392983862
TRINITY_DN4294_c0_g1_i1.p1,-0.239654706641146
TRINITY_DN4422_c0_g1_i4.p1,-0.150867598543824
TRINITY_DN4435_c3_g1_i3.p1,-0.452535745895088
TRINITY_DN4666_c1_g1_i8.p1,0.44570756414086
TRINITY_DN4691_c0_g1_i10.p1,-0.285687082900277
TRINITY_DN4803_c0_g2_i1.p1,0.131844438145169
TRINITY_DN483_c0_g1_i2.p1,-0.295546941000097
TRINITY_DN4868_c0_g2_i4.p1,-0.118178375027813
TRINITY_DN491_c0_g1_i26.p1,0.545009027520348
TRINITY_DN4986_c0_g1_i1.p1,-0.146772198091098
TRINITY_DN4990_c0_g1_i3.p1,0.584607193076459
TRINITY_DN5239_c0_g1_i5.p1,0.603247932690433
TRINITY_DN5240_c1_g2_i1.p1,-0.187828522969419
TRINITY_DN537_c0_g1_i4.p1,-0.270327801791088
TRINITY_DN55890_c1_g1_i2.p1,0.475978059234071
TRINITY_DN5597_c0_g1_i1.p1,0.153910101500119
TRINITY_DN5726_c0_g1_i1.p1,0.114601461699448
TRINITY_DN580_c0_g1_i1.p1,0.372020709309229
TRINITY_DN580_c0_g3_i1.p1,0.217530157335794
TRINITY_DN6032_c0_g1_i1.p1,0.182340002883134
TRINITY_DN61048_c0_g1_i7.p1,-0.554385444297764
TRINITY_DN6498_c0_g1_i8.p1,0.499656828281871
TRINITY_DN660_c10_g1_i1.p1,0.225586645308963
TRINITY_DN7037_c0_g1_i1.p1,-0.129560431790092
TRINITY_DN777_c0_g2_i3.p1,0.124764491493024
TRINITY_DN803_c26_g2_i2.p1,-0.509083645836633
TRINITY_DN803_c2_g1_i26.p1,0.377029123987165
TRINITY_DN82887_c0_g1_i2.p1,-0.101041404625312
TRINITY_DN845_c0_g2_i4.p1,-0.324454390766539
TRINITY_DN8767_c0_g1_i3.p1,-0.174608486737312
TRINITY_DN9062_c0_g1_i9.p1,0.373977183265789
TRINITY_DN9320_c0_g2_i5.p1,0.422301812755476
TRINITY_DN9612_c0_g1_i5.p1,-0.432083424402007
TRINITY_DN96742_c0_g1_i2.p1,0.327040452590332
TRINITY_DN986_c0_g1_i1.p1,0.145311871477832
TRINITY_DN13015_c1_g1_i22.p2,-0.459377953521985
TRINITY_DN16516_c0_g1_i26.p1,0.60905324419263
TRINITY_DN1675_c0_g1_i38.p1,-0.37174441887891
TRINITY_DN2918_c0_g1_i5.p1,-1.17235166477686
TRINITY_DN3572_c1_g1_i1.p1,-0.443588290476137
TRINITY_DN3816_c0_g2_i1.p1,0.214145395650901
TRINITY_DN4117_c7_g1_i1.p1,0.512949645800607
TRINITY_DN51720_c1_g2_i1.p1,0.122979152798856
TRINITY_DN6218_c0_g1_i1.p1,-0.302397690859929
TRINITY_DN4435_c1_g1_i11.p1,-0.426150599974627
TRINITY_DN13015_c0_g3_i1.p1,0.358271109562342
TRINITY_DN16666_c0_g1_i1.p1,-0.651473002159504
TRINITY_DN172_c0_g1_i28.p1,-0.346632548098765
TRINITY_DN17773_c1_g1_i1.p1,0.313102631796419
TRINITY_DN2063_c0_g1_i12.p1,-0.384919218739997
TRINITY_DN22889_c0_g1_i2.p1,-0.328289040740886
TRINITY_DN28885_c0_g1_i1.p1,-0.524936852459535
TRINITY_DN3212_c0_g1_i8.p1,0.544234258143828
TRINITY_DN5496_c0_g3_i3.p1,0.412703006459478
TRINITY_DN775_c0_g1_i3.p1,-0.470017398385105
TRINITY_DN7958_c0_g1_i4.p1,-0.455887877225087
TRINITY_DN9517_c0_g1_i13.p1,-0.576023235578187
TRINITY_DN1057_c3_g1_i5.p1,-0.195154522628084
TRINITY_DN15373_c0_g1_i2.p1,-0.193695769832561
TRINITY_DN1576_c0_g1_i12.p1,0.469699628137692
TRINITY_DN1583_c1_g1_i1.p1,-0.382013192876461
TRINITY_DN16892_c1_g1_i2.p1,-0.235415375703278
TRINITY_DN2235_c0_g1_i2.p1,1.83657231420886
TRINITY_DN2447_c0_g1_i1.p1,0.14326739701275
TRINITY_DN25045_c0_g1_i1.p1,0.496064677607415
TRINITY_DN2598_c1_g2_i1.p1,0.302780597253791
TRINITY_DN2746_c0_g1_i5.p1,0.188407023149767
TRINITY_DN2979_c0_g1_i8.p1,0.296197570070085
TRINITY_DN34201_c0_g1_i1.p2,-0.196903923662471
TRINITY_DN3482_c0_g1_i1.p1,-0.23114874530719
TRINITY_DN4985_c0_g1_i9.p1,0.176151277668712
TRINITY_DN501_c1_g2_i1.p1,0.20336629937912
TRINITY_DN59339_c0_g1_i1.p1,0.23747485003866
TRINITY_DN7402_c1_g1_i1.p1,-0.170464246147213
TRINITY_DN83646_c2_g1_i3.p1,0.337706418729003
TRINITY_DN11534_c0_g2_i1.p1,-0.394037858382812
TRINITY_DN13110_c0_g1_i1.p1,0.120890460591831
TRINITY_DN14949_c0_g1_i2.p1,0.219466680603432
TRINITY_DN186_c1_g1_i3.p1,-0.714743853426992
TRINITY_DN20220_c0_g1_i3.p1,-0.168026371605255
TRINITY_DN2268_c1_g1_i9.p1,0.970191284609826
TRINITY_DN24341_c0_g1_i4.p1,-0.479320715580312
TRINITY_DN2584_c0_g2_i3.p1,0.616521126910576
TRINITY_DN3585_c0_g1_i3.p1,-0.273523206895676
TRINITY_DN36150_c0_g1_i5.p1,0.312462261043966
TRINITY_DN41953_c1_g1_i5.p1,0.256052645958525
TRINITY_DN4635_c0_g2_i3.p1,0.206044153924754
TRINITY_DN4943_c0_g1_i1.p1,0.167801253511266
TRINITY_DN64450_c0_g1_i1.p1,-0.525197208503446
TRINITY_DN6617_c7_g1_i1.p1,-0.189093928816175
TRINITY_DN7439_c0_g1_i1.p1,-0.276548278126487
TRINITY_DN8344_c0_g1_i4.p1,-0.296518018267499
TRINITY_DN875_c0_g1_i15.p1,0.259054956610186
TRINITY_DN96_c0_g1_i5.p1,0.38470256614726
TRINITY_DN23658_c0_g1_i4.p1,-0.43487507515388
TRINITY_DN487_c4_g1_i1.p1,0.153138742514425
TRINITY_DN112460_c0_g1_i1.p1,0.1827081092512
TRINITY_DN22_c0_g1_i3.p1,0.511095782076244
TRINITY_DN8370_c1_g1_i2.p1,0.333026936627407
TRINITY_DN14329_c0_g1_i1.p1,0.147361987616684
TRINITY_DN2176_c0_g1_i8.p1,-0.522958444426083
TRINITY_DN12257_c0_g1_i1.p1,-0.159980793363401
TRINITY_DN20052_c0_g1_i1.p1,-0.316121041715225
TRINITY_DN2289_c0_g1_i8.p1,0.344618657252783
TRINITY_DN3312_c1_g1_i1.p1,-0.150853951580323
TRINITY_DN61366_c1_g1_i1.p2,-0.342607990733575
TRINITY_DN2637_c0_g2_i29.p1,-0.215555900855384
TRINITY_DN22305_c0_g1_i1.p1,-0.336790092067781
TRINITY_DN33055_c0_g1_i1.p1,0.451786203429167
TRINITY_DN68995_c0_g2_i2.p1,0.323831945126423
TRINITY_DN12711_c5_g1_i1.p1,-0.277738445913508
TRINITY_DN4857_c0_g1_i2.p1,0.464909470800487
TRINITY_DN5537_c0_g1_i5.p1,0.594571628073698
TRINITY_DN1560_c0_g1_i4.p1,0.468157423550866
TRINITY_DN20832_c0_g1_i2.p1,-0.447311579996785
TRINITY_DN27735_c0_g1_i3.p1,-0.296220569209161
TRINITY_DN9949_c2_g1_i1.p1,-1.12778911063065
TRINITY_DN10065_c0_g1_i1.p1,-0.247170317875713
TRINITY_DN25271_c0_g1_i1.p1,0.138332091132108
TRINITY_DN6142_c0_g1_i1.p1,-0.2831690631942
TRINITY_DN430_c0_g1_i4.p1,-0.272473633490548
TRINITY_DN3419_c0_g1_i1.p1,0.360861589046704
TRINITY_DN1113_c0_g1_i1.p1,0.252956749144804
TRINITY_DN1148_c0_g1_i55.p2,0.220396860278091
TRINITY_DN3851_c0_g1_i6.p1,0.252028062894077
TRINITY_DN3984_c0_g1_i38.p1,0.374580198631106
TRINITY_DN2217_c0_g1_i1.p1,-0.121412967106652
TRINITY_DN25731_c0_g2_i1.p1,0.428768537279199
TRINITY_DN40769_c1_g1_i1.p1,-0.45490551478857
TRINITY_DN11399_c1_g1_i2.p1,0.128040799739326
TRINITY_DN115951_c0_g1_i1.p1,0.149716928604277
TRINITY_DN1185_c0_g1_i28.p1,-1.06898294642609
TRINITY_DN12083_c1_g1_i15.p1,0.36365596313641
TRINITY_DN128569_c0_g1_i1.p1,0.253851141215779
TRINITY_DN13953_c1_g1_i1.p1,-0.390841911859036
TRINITY_DN144806_c0_g1_i1.p1,0.164538645647901
TRINITY_DN14953_c1_g2_i3.p1,-0.544554221645897
TRINITY_DN16108_c0_g1_i5.p1,-0.352794862488002
TRINITY_DN23065_c2_g1_i1.p1,-0.540265443629517
TRINITY_DN2369_c0_g1_i4.p1,-0.221976419917183
TRINITY_DN2565_c0_g1_i4.p1,-0.291740934483396
TRINITY_DN2778_c0_g1_i1.p1,-0.182442076370085
TRINITY_DN3113_c2_g1_i14.p1,0.549815202047231
TRINITY_DN5397_c0_g2_i4.p1,-0.382911045706434
TRINITY_DN6387_c0_g1_i29.p1,-0.150046348251253
TRINITY_DN7753_c0_g1_i4.p1,-0.315794509336716
TRINITY_DN8215_c0_g1_i5.p1,-0.257970361080169
TRINITY_DN8374_c0_g1_i4.p1,0.238706414973586
TRINITY_DN96_c0_g1_i20.p1,0.455698446022705
TRINITY_DN9974_c0_g1_i5.p1,-0.274278962513748
TRINITY_DN10426_c0_g1_i2.p1,0.715919464366816
TRINITY_DN113302_c0_g1_i1.p1,-0.155342990310646
TRINITY_DN113381_c0_g1_i1.p1,1.32841926867601
TRINITY_DN13_c0_g1_i4.p2,0.62139996484212
TRINITY_DN13_c5_g1_i1.p1,-0.162386542609294
TRINITY_DN15810_c0_g1_i22.p1,0.393848619715643
TRINITY_DN162366_c0_g1_i1.p1,-0.488738158177697
TRINITY_DN16322_c0_g1_i3.p1,0.259438811190504
TRINITY_DN174_c1_g1_i1.p1,-0.128250464507591
TRINITY_DN1750_c0_g1_i19.p1,0.508294004552314
TRINITY_DN17878_c0_g1_i1.p1,0.173281786862195
TRINITY_DN18027_c0_g1_i3.p1,-0.197229770438911
TRINITY_DN21583_c0_g1_i1.p1,-0.365082749149734
TRINITY_DN23141_c0_g1_i1.p1,0.362620533287573
TRINITY_DN308_c0_g1_i2.p1,0.221043914257263
TRINITY_DN33780_c1_g1_i2.p1,0.376736167304695
TRINITY_DN35412_c0_g1_i2.p1,-0.276050658078638
TRINITY_DN35680_c0_g1_i1.p1,-0.353173126649418
TRINITY_DN3909_c1_g1_i8.p1,0.34707543448157
TRINITY_DN5133_c1_g1_i26.p1,-0.402146701007613
TRINITY_DN52851_c0_g4_i4.p1,-0.271517258230641
TRINITY_DN630_c1_g1_i1.p1,-0.320033683718144
TRINITY_DN63_c0_g1_i4.p1,-0.582322346775383
TRINITY_DN937_c0_g1_i4.p1,0.136909316341384
TRINITY_DN9662_c0_g2_i1.p1,0.192037895397565
TRINITY_DN10799_c0_g1_i2.p1,-0.499229705396029
TRINITY_DN17650_c0_g1_i5.p1,-0.321487109447417
TRINITY_DN6318_c0_g1_i4.p1,-0.640793335151834
TRINITY_DN4609_c0_g1_i2.p1,-0.184781408386138
TRINITY_DN17936_c0_g2_i2.p1,0.901248443972081
TRINITY_DN18409_c1_g2_i1.p1,-0.130842152492245
TRINITY_DN2049_c1_g1_i6.p1,0.376582217064856
TRINITY_DN1483_c1_g1_i3.p1,-0.274989619878732
TRINITY_DN1644_c0_g1_i14.p1,-0.710407608157757
TRINITY_DN2042_c0_g1_i1.p1,0.1944115376166
TRINITY_DN2896_c0_g1_i1.p1,-0.495571636718161
TRINITY_DN3988_c2_g2_i3.p1,0.545560964236692
TRINITY_DN6308_c0_g1_i1.p1,0.116802690154728
TRINITY_DN376_c0_g1_i12.p1,-0.206911186818366
TRINITY_DN2285_c2_g2_i5.p1,0.458137146380176
TRINITY_DN40515_c0_g1_i19.p1,-0.479790876014432
TRINITY_DN10491_c1_g2_i2.p1,-0.451488081706907
TRINITY_DN1143_c0_g1_i12.p1,0.4292675346614
TRINITY_DN1430_c0_g1_i16.p1,0.38063043671078
TRINITY_DN162351_c0_g1_i1.p1,0.132264656627679
TRINITY_DN18418_c0_g4_i1.p1,0.489019132891306
TRINITY_DN3920_c0_g3_i2.p1,-0.423125463403079
TRINITY_DN5532_c3_g2_i1.p1,0.384919687134157
TRINITY_DN657_c2_g1_i4.p1,-0.499620765549132
TRINITY_DN679_c0_g1_i5.p1,-0.169320037232124
TRINITY_DN6855_c2_g1_i3.p1,0.488367440670673
TRINITY_DN21310_c0_g1_i2.p1,-0.223506748701661
TRINITY_DN10542_c0_g1_i23.p1,-0.168538542128512
TRINITY_DN2863_c1_g1_i2.p1,-0.101841712864538
TRINITY_DN21521_c0_g1_i2.p1,-0.345656657236006
TRINITY_DN2362_c0_g2_i2.p1,-0.182480812914352
TRINITY_DN5932_c0_g1_i10.p1,0.373539520560274
TRINITY_DN78_c15_g1_i1.p1,0.352244704498203
TRINITY_DN1036_c0_g1_i4.p1,-0.159411475370961
TRINITY_DN8239_c0_g1_i1.p1,-0.255719457530967
TRINITY_DN3919_c0_g1_i2.p1,0.593717923929711
TRINITY_DN11804_c0_g1_i2.p1,-0.289342121017945
TRINITY_DN12344_c0_g1_i1.p1,-0.254136632910081
TRINITY_DN163570_c0_g1_i1.p1,0.20980582019947
TRINITY_DN1831_c0_g1_i27.p1,-0.545283041617585
TRINITY_DN4644_c0_g1_i7.p1,0.407361337407446
TRINITY_DN8142_c0_g1_i14.p1,-0.296986829331559
TRINITY_DN1292_c1_g1_i6.p1,0.648504126784896
TRINITY_DN382_c1_g1_i4.p1,0.480331096028867
TRINITY_DN2413_c0_g1_i1.p1,-0.381642992652944
TRINITY_DN24655_c0_g2_i1.p1,-0.1808733964484
TRINITY_DN6979_c0_g1_i1.p1,-0.182630490293094
TRINITY_DN1352_c0_g1_i19.p1,-0.42640728955044
TRINITY_DN2019_c3_g1_i1.p3,-0.468797684169364
TRINITY_DN5065_c0_g5_i1.p1,0.368982031095447
TRINITY_DN8717_c0_g1_i1.p1,0.511238114462511
TRINITY_DN33699_c0_g1_i79.p1,0.34035255995822
TRINITY_DN2390_c1_g1_i3.p1,-0.225878477592154
TRINITY_DN1725_c0_g1_i4.p1,0.250254598747284
TRINITY_DN25791_c0_g4_i1.p1,0.195957156063883
TRINITY_DN10239_c0_g1_i1.p1,-0.116570971887951
TRINITY_DN5375_c0_g3_i6.p1,0.368955482969506
TRINITY_DN6309_c0_g1_i1.p1,0.286534419482863
TRINITY_DN68864_c3_g1_i1.p1,0.188318831827336
TRINITY_DN161629_c0_g1_i1.p1,0.101432529337847
TRINITY_DN2396_c0_g1_i7.p1,0.176359753060442
TRINITY_DN4896_c1_g2_i2.p1,-0.153877692041558
TRINITY_DN13227_c0_g2_i1.p1,-0.251742190660717
TRINITY_DN5541_c0_g1_i3.p1,-0.231885918348994
TRINITY_DN9993_c1_g1_i2.p1,-0.162099649105578
TRINITY_DN12196_c0_g1_i23.p1,0.249254185133537
TRINITY_DN23460_c2_g1_i1.p1,0.35532574800848
TRINITY_DN33672_c0_g3_i1.p1,-0.586932497567397
TRINITY_DN7892_c0_g1_i2.p1,-0.170089839394546
TRINITY_DN333_c0_g1_i20.p1,0.334975185608739
TRINITY_DN23655_c0_g3_i2.p1,0.421864469104711
TRINITY_DN1740_c2_g1_i1.p1,0.235815139541385
TRINITY_DN163062_c0_g1_i1.p1,0.572485656352172
TRINITY_DN169_c1_g1_i16.p1,0.473180697867408
TRINITY_DN18576_c0_g1_i2.p1,-0.144444511732546
TRINITY_DN2000_c0_g1_i3.p1,0.267694907808142
TRINITY_DN23410_c0_g1_i1.p1,0.167206076447602
TRINITY_DN34640_c0_g1_i2.p1,0.245619160341373
TRINITY_DN55_c3_g1_i3.p1,0.283512840349786
TRINITY_DN70602_c0_g1_i3.p1,0.202353876915451
TRINITY_DN112322_c0_g1_i1.p1,-0.138822790384211
TRINITY_DN2688_c0_g1_i2.p1,-0.226491645138795
TRINITY_DN690_c1_g3_i1.p2,-0.129382649102256
TRINITY_DN14509_c0_g1_i2.p1,-0.141162388435935
TRINITY_DN2864_c0_g1_i9.p1,-0.308962545489497
TRINITY_DN39043_c1_g1_i3.p1,0.191256423791918
TRINITY_DN2676_c1_g4_i1.p1,0.342810443393979
TRINITY_DN4038_c4_g1_i1.p1,0.480182106113848
TRINITY_DN9287_c0_g1_i1.p1,0.192461894870415
TRINITY_DN17216_c0_g1_i1.p1,-0.449513337575804
TRINITY_DN1845_c2_g2_i1.p1,0.206855569560714
TRINITY_DN2197_c0_g1_i2.p1,-0.41208875192722
TRINITY_DN2672_c0_g1_i37.p1,0.542297731174626
TRINITY_DN27391_c0_g1_i6.p1,0.435854931663226
TRINITY_DN382_c1_g1_i5.p1,0.387532539484747
TRINITY_DN47001_c3_g1_i1.p1,-0.153395390237022
TRINITY_DN52292_c0_g1_i1.p1,-0.534669266240211
TRINITY_DN6632_c8_g1_i1.p1,0.193076363026791
TRINITY_DN34216_c0_g1_i1.p1,-0.17980511820139
TRINITY_DN31816_c0_g1_i1.p1,-0.844175629276374
TRINITY_DN6610_c0_g1_i1.p1,-0.326898815834982
TRINITY_DN14907_c0_g1_i1.p1,0.379088097563207
TRINITY_DN23538_c0_g1_i2.p1,-0.62417651926413
TRINITY_DN27042_c0_g1_i10.p1,0.260510619029447
TRINITY_DN32620_c0_g1_i3.p1,0.561703958232833
TRINITY_DN18058_c1_g2_i1.p1,0.401036700097754
TRINITY_DN774_c4_g1_i1.p1,-0.171418745209083
TRINITY_DN4410_c0_g1_i1.p1,-0.726604289240323
TRINITY_DN68_c1_g1_i17.p1,0.46369488643212
TRINITY_DN16031_c0_g1_i6.p1,-0.431065663054363
TRINITY_DN433_c2_g1_i5.p1,-0.621751379337393
TRINITY_DN540_c0_g1_i1.p1,0.18097707765904
TRINITY_DN5436_c0_g1_i3.p1,0.204965788184749
TRINITY_DN7033_c1_g2_i1.p1,0.435563379868793
TRINITY_DN8234_c0_g2_i29.p1,0.256445544899845
TRINITY_DN2189_c0_g1_i1.p1,-0.148367806655359
TRINITY_DN478_c0_g1_i1.p1,0.239397597284682
TRINITY_DN4331_c0_g1_i1.p1,-0.336741038393167
TRINITY_DN52586_c0_g1_i1.p1,-0.311208137673705
TRINITY_DN1345_c0_g1_i4.p1,0.403239071228598
TRINITY_DN19185_c0_g1_i4.p1,0.490494736397468
TRINITY_DN2344_c0_g1_i19.p1,0.273319781691152
TRINITY_DN26350_c0_g1_i3.p1,-0.390506832472425
TRINITY_DN27427_c0_g1_i13.p1,0.58812016304088
TRINITY_DN59_c3_g1_i4.p1,0.364407531280366
TRINITY_DN8099_c1_g1_i2.p1,0.330221729138584
TRINITY_DN11446_c0_g1_i3.p1,-0.341155983277773
TRINITY_DN14134_c0_g2_i2.p1,0.209064596841318
TRINITY_DN1593_c3_g1_i5.p1,-0.371577628010032
TRINITY_DN1945_c0_g1_i11.p1,0.216252153031376
TRINITY_DN21727_c0_g1_i4.p1,-0.479890426625855
TRINITY_DN25926_c0_g2_i1.p1,-0.508346253238135
TRINITY_DN29489_c0_g1_i6.p1,0.50024030766416
TRINITY_DN32899_c0_g1_i5.p1,0.274946609755492
TRINITY_DN4124_c1_g2_i3.p1,-0.245902448568905
TRINITY_DN524_c2_g1_i2.p1,0.360648217692826
TRINITY_DN5940_c0_g1_i11.p1,0.59610963312074
TRINITY_DN730_c0_g1_i64.p1,-0.400363082404031
TRINITY_DN9062_c0_g1_i10.p1,0.637148556429853
TRINITY_DN9411_c0_g1_i3.p1,0.223328446490812
TRINITY_DN13015_c1_g1_i8.p1,-0.299473495867845
TRINITY_DN15525_c0_g1_i3.p1,-0.866430501199969
TRINITY_DN21714_c0_g1_i12.p1,-0.380288651729502
TRINITY_DN2187_c0_g2_i2.p1,-0.272034453412524
TRINITY_DN8192_c0_g1_i2.p1,-0.145084547873965
TRINITY_DN112614_c0_g1_i1.p1,-0.170326962964593
TRINITY_DN1069_c0_g1_i9.p1,0.522868191371217
TRINITY_DN13695_c0_g1_i1.p1,-0.200425076317602
TRINITY_DN1376_c0_g1_i7.p1,-0.465985284269718
TRINITY_DN2862_c0_g1_i1.p1,-0.42099374687207
TRINITY_DN401_c1_g1_i26.p1,0.328291477870038
TRINITY_DN113788_c0_g1_i1.p1,0.355604171487055
TRINITY_DN770_c0_g1_i12.p1,-0.457423517858076
TRINITY_DN7034_c0_g1_i2.p1,0.334094644445012
TRINITY_DN3245_c0_g1_i2.p1,-0.255426841491301
TRINITY_DN6229_c0_g1_i15.p1,-0.792493806665714
TRINITY_DN132_c1_g1_i4.p1,0.238764713964888
TRINITY_DN15687_c0_g1_i3.p1,-0.163842888748656
TRINITY_DN6920_c0_g1_i9.p1,0.246665291251497
TRINITY_DN15393_c4_g1_i1.p2,0.49691291737373
TRINITY_DN12590_c1_g1_i1.p1,0.588248494875792
TRINITY_DN19201_c0_g1_i5.p1,0.336554726333814
TRINITY_DN2111_c1_g1_i4.p1,0.308340745831687
TRINITY_DN43616_c0_g1_i3.p1,-0.414844741768441
TRINITY_DN53273_c1_g1_i5.p1,0.234787606537165
TRINITY_DN7162_c0_g1_i1.p1,-0.97412184435262
TRINITY_DN14429_c0_g1_i1.p1,-0.155714543676985
TRINITY_DN2196_c0_g1_i2.p1,-0.517842096917576
TRINITY_DN12416_c0_g1_i3.p1,0.511255853753286
TRINITY_DN1662_c0_g1_i6.p1,-0.243102023957946
TRINITY_DN20544_c0_g1_i1.p1,0.274587103921378
TRINITY_DN6910_c0_g1_i8.p1,0.703903786734075
TRINITY_DN8789_c0_g1_i2.p1,-0.163334153113043
TRINITY_DN16485_c0_g1_i1.p1,-0.310432342180548
TRINITY_DN18828_c0_g1_i2.p1,1.87228573637339
TRINITY_DN4608_c0_g1_i4.p1,-0.428839783439055
TRINITY_DN6444_c0_g2_i2.p1,0.17364786168919
TRINITY_DN6521_c0_g1_i1.p1,0.199239054884865
TRINITY_DN9215_c0_g1_i2.p2,-0.338265877014927
TRINITY_DN48318_c0_g1_i2.p1,-0.461209994076959
TRINITY_DN1035_c0_g1_i5.p1,-0.144122311574744
TRINITY_DN11094_c1_g1_i3.p1,-0.37734887468152
TRINITY_DN145840_c0_g1_i1.p1,-0.456387603189483
TRINITY_DN19343_c0_g2_i1.p1,-0.403052302566225
TRINITY_DN22320_c2_g1_i2.p1,-0.483821981525147
TRINITY_DN5561_c0_g1_i2.p1,0.090773721650321
TRINITY_DN7499_c1_g1_i15.p1,-0.413259995544092
TRINITY_DN10195_c0_g4_i4.p1,-0.513287034911566
TRINITY_DN83207_c0_g2_i1.p1,-0.359472669593287
TRINITY_DN12134_c0_g1_i2.p1,-0.112411461060021
TRINITY_DN14960_c0_g6_i1.p1,0.313257083823234
TRINITY_DN1737_c0_g1_i1.p1,0.295131111570102
TRINITY_DN25611_c0_g1_i8.p1,0.304240899574892
TRINITY_DN4524_c0_g1_i23.p1,0.495142437339629
TRINITY_DN59336_c0_g1_i1.p1,0.300619515267117
TRINITY_DN161843_c0_g1_i1.p1,-0.147851472334272
TRINITY_DN7842_c0_g1_i1.p1,0.267532818687106
TRINITY_DN1027_c5_g3_i2.p1,0.24970715247991
TRINITY_DN1117_c1_g1_i19.p1,-0.381541184998983
TRINITY_DN115416_c0_g1_i2.p1,-0.504669249640205
TRINITY_DN1281_c1_g1_i6.p1,-0.247851039576871
TRINITY_DN12929_c0_g1_i7.p2,-0.397553285326402
TRINITY_DN13876_c0_g1_i11.p1,0.297557616126036
TRINITY_DN15975_c0_g1_i4.p1,0.201763898673925
TRINITY_DN2055_c4_g1_i1.p1,-0.089193326287061
TRINITY_DN20589_c0_g1_i1.p1,0.125446850885286
TRINITY_DN2171_c1_g1_i14.p1,0.668009761421251
TRINITY_DN2473_c0_g1_i15.p1,0.342716913948687
TRINITY_DN2577_c0_g2_i3.p1,-0.943932793701301
TRINITY_DN2742_c3_g2_i1.p1,-0.182762243295151
TRINITY_DN3285_c1_g2_i3.p1,-0.323452221922199
TRINITY_DN33957_c0_g1_i1.p1,-0.122980364892517
TRINITY_DN3578_c0_g1_i4.p1,-0.35440970015727
TRINITY_DN37167_c0_g2_i1.p1,0.137730161300702
TRINITY_DN4342_c0_g1_i42.p1,0.418405576852668
TRINITY_DN5663_c0_g1_i12.p1,0.194970653766899
TRINITY_DN58733_c0_g1_i7.p1,-0.26390607423483
TRINITY_DN5955_c2_g2_i1.p1,0.4805308405764
TRINITY_DN7122_c0_g1_i15.p1,0.419081524832521
TRINITY_DN8189_c0_g1_i4.p1,0.204907677599424
TRINITY_DN8574_c1_g1_i3.p1,-0.592689344154794
TRINITY_DN5726_c0_g2_i2.p1,-0.306692539148936
TRINITY_DN10400_c0_g4_i1.p1,-0.434485037410344
TRINITY_DN17339_c0_g1_i2.p1,-0.149463063585564
TRINITY_DN3722_c3_g1_i2.p1,0.268225100309728
TRINITY_DN5193_c0_g1_i2.p1,0.446501059131563
TRINITY_DN5438_c0_g1_i1.p1,-0.295332972721171
TRINITY_DN8036_c0_g1_i1.p1,0.502833049985444
TRINITY_DN7573_c0_g3_i1.p1,-0.656364217229787
TRINITY_DN34466_c0_g2_i2.p1,0.305482848222962
TRINITY_DN121368_c0_g1_i1.p1,0.186701058420395
TRINITY_DN17965_c0_g1_i1.p1,-0.419390170407873
TRINITY_DN21490_c4_g1_i2.p1,-0.355828310254667
TRINITY_DN2230_c0_g1_i4.p1,-0.416629220063727
TRINITY_DN2238_c0_g1_i1.p1,-0.299254425318689
TRINITY_DN30044_c1_g1_i2.p1,0.3845283864999
TRINITY_DN4173_c0_g1_i2.p1,0.301872408723093
TRINITY_DN5756_c0_g1_i2.p1,0.120533023130118
TRINITY_DN6583_c0_g2_i17.p1,-0.552135159708545
TRINITY_DN679_c0_g1_i7.p1,-0.156406141677288
TRINITY_DN955_c0_g1_i30.p1,0.303585211601778
TRINITY_DN2429_c2_g1_i6.p1,-0.216593644913009
TRINITY_DN30153_c2_g1_i1.p1,0.498960605395849
TRINITY_DN5496_c0_g3_i1.p1,0.513190599748545
TRINITY_DN592_c0_g3_i1.p1,-0.195648227940465
TRINITY_DN14986_c0_g1_i1.p1,-0.175988100260036
TRINITY_DN6552_c0_g3_i1.p1,-0.124720769555012
TRINITY_DN1027_c0_g1_i2.p1,0.295292203609449
TRINITY_DN113000_c0_g1_i1.p1,0.352221176033854
TRINITY_DN12743_c2_g1_i2.p1,-0.436129366339945
TRINITY_DN18319_c0_g1_i1.p1,-1.29846989277236
TRINITY_DN26126_c1_g2_i1.p1,-0.142136743432043
TRINITY_DN6381_c0_g1_i3.p1,0.481180742928913
TRINITY_DN9780_c0_g2_i1.p1,0.344668261409311
TRINITY_DN10426_c0_g1_i3.p1,-0.273657888203342
TRINITY_DN11814_c0_g2_i1.p1,-0.204442373927664
TRINITY_DN12012_c0_g1_i15.p1,0.424052293117496
TRINITY_DN1232_c0_g3_i2.p1,0.236125796259689
TRINITY_DN12346_c0_g1_i1.p1,-0.159188939846471
TRINITY_DN12426_c0_g1_i25.p1,0.330446992883749
TRINITY_DN16145_c3_g1_i1.p1,-0.46791025789143
TRINITY_DN1698_c0_g1_i3.p1,-0.317299376966444
TRINITY_DN1926_c0_g2_i2.p1,-0.148888435116073
TRINITY_DN20922_c0_g1_i3.p1,0.334544870783754
TRINITY_DN3741_c0_g1_i4.p1,-0.502997656016229
TRINITY_DN3987_c0_g1_i1.p1,-0.164155612405149
TRINITY_DN43621_c0_g1_i2.p1,0.321950276818108
TRINITY_DN48383_c0_g1_i27.p1,-0.244547461399766
TRINITY_DN55876_c0_g1_i1.p1,0.214829932954808
TRINITY_DN5909_c0_g3_i6.p1,0.151050678725443
TRINITY_DN6461_c0_g1_i1.p1,0.0945977683165406
TRINITY_DN65345_c0_g1_i4.p1,-0.280923155466762
TRINITY_DN682_c26_g1_i1.p1,0.33205112000902
TRINITY_DN7103_c1_g1_i3.p1,-0.316769032189418
TRINITY_DN7177_c0_g1_i4.p1,-0.489922905713205
TRINITY_DN724_c0_g2_i1.p1,0.493896001614457
TRINITY_DN7250_c1_g1_i2.p1,0.125134830313535
TRINITY_DN7543_c0_g1_i1.p1,-0.210908136676849
TRINITY_DN773_c2_g1_i4.p1,0.319281101901943
TRINITY_DN796_c1_g1_i1.p1,0.942945976239772
TRINITY_DN7992_c0_g1_i1.p1,-0.349632795295655
TRINITY_DN8299_c0_g1_i1.p1,-0.165093940636424
TRINITY_DN8302_c0_g1_i1.p1,-0.251151692611206
TRINITY_DN9655_c0_g2_i1.p1,0.140066195538376
TRINITY_DN9826_c0_g1_i5.p1,-0.489683445418524
TRINITY_DN9942_c0_g1_i15.p1,-0.336221689353718
TRINITY_DN231_c0_g1_i4.p1,-0.379959192293145
TRINITY_DN146867_c0_g1_i1.p1,-0.140623632764832
TRINITY_DN15810_c0_g1_i3.p1,0.329479660282909
TRINITY_DN10299_c0_g1_i4.p1,1.15729025803557
TRINITY_DN10359_c0_g1_i7.p1,0.465368578554398
TRINITY_DN1047_c0_g1_i5.p1,0.411800437834284
TRINITY_DN11882_c0_g1_i1.p1,0.215512690027531
TRINITY_DN12180_c0_g1_i2.p1,1.64858586050313
TRINITY_DN131244_c0_g1_i3.p1,-0.558458200819851
TRINITY_DN14749_c0_g1_i2.p1,-0.246363958031553
TRINITY_DN180970_c0_g1_i1.p1,-0.22210353982721
TRINITY_DN183094_c0_g1_i1.p1,-0.487676920615613
TRINITY_DN18832_c0_g1_i4.p1,-0.296189029654112
TRINITY_DN22098_c0_g1_i2.p1,-0.432740938515392
TRINITY_DN300_c8_g1_i2.p1,-0.107721797090805
TRINITY_DN31129_c0_g1_i9.p1,0.466951679690733
TRINITY_DN392_c1_g3_i2.p1,0.132983071600628
TRINITY_DN63912_c0_g1_i1.p1,0.317806791508759
TRINITY_DN64715_c0_g1_i1.p1,-0.509529765292326
TRINITY_DN834_c0_g1_i1.p1,0.363113256493516
TRINITY_DN34311_c0_g1_i1.p1,-0.369784126968612
TRINITY_DN6499_c0_g1_i9.p1,0.799825548373948
TRINITY_DN9449_c0_g2_i11.p1,-0.429957822230353
TRINITY_DN3948_c0_g1_i14.p1,-0.350147144761907
TRINITY_DN8848_c0_g1_i1.p2,-0.201451801856735
TRINITY_DN10236_c0_g1_i6.p1,0.329124191588719
TRINITY_DN368_c0_g1_i28.p1,-0.380783670597707
TRINITY_DN117236_c0_g1_i1.p1,-0.54031506959365
TRINITY_DN2122_c1_g2_i6.p1,-0.182047011561406
TRINITY_DN26487_c0_g1_i1.p1,-0.15988027394488
TRINITY_DN275_c7_g1_i3.p1,0.200607018350612
TRINITY_DN6136_c0_g1_i2.p1,0.366421619125117
TRINITY_DN8537_c0_g1_i4.p1,-0.250113189872013
TRINITY_DN332_c1_g1_i7.p1,0.0978726832439834
TRINITY_DN1040_c0_g3_i1.p1,0.201033473379117
TRINITY_DN1176_c0_g1_i1.p1,0.304286780928098
TRINITY_DN145553_c0_g1_i1.p1,0.290185855435535
TRINITY_DN16178_c0_g1_i3.p1,-0.102045926842924
TRINITY_DN1825_c0_g1_i1.p1,-0.450296108513545
TRINITY_DN1926_c0_g1_i11.p1,-0.700262582099561
TRINITY_DN21085_c0_g1_i1.p1,-0.231086193186662
TRINITY_DN5556_c0_g1_i3.p1,-0.438646111405378
TRINITY_DN57586_c0_g1_i2.p1,0.404485793566038
TRINITY_DN6920_c0_g1_i11.p1,0.420570265918842
TRINITY_DN711_c0_g1_i2.p1,0.302929294632373
TRINITY_DN753_c0_g1_i1.p1,0.531720110118082
TRINITY_DN779_c0_g1_i8.p1,0.23215651988089
TRINITY_DN7901_c0_g1_i5.p1,0.475817049364547
TRINITY_DN8934_c2_g1_i3.p1,-0.259466600419167
TRINITY_DN967_c1_g1_i1.p1,0.174229158068798
TRINITY_DN97708_c0_g1_i1.p1,1.51443178462696
TRINITY_DN28712_c0_g1_i1.p1,0.353936670648019
TRINITY_DN35419_c0_g1_i1.p1,0.535215629475768
TRINITY_DN62170_c0_g1_i1.p1,0.167236802226377
TRINITY_DN14804_c0_g1_i12.p1,0.429039035024844
TRINITY_DN22115_c0_g1_i2.p1,0.375780038198621
TRINITY_DN3324_c1_g1_i1.p1,-0.095681202816334
TRINITY_DN5638_c2_g2_i1.p1,0.531525488645664
TRINITY_DN2101_c0_g1_i23.p1,0.236411256949751
TRINITY_DN34387_c0_g1_i1.p1,0.324349470664701
TRINITY_DN47658_c2_g1_i1.p1,0.598692327077281
TRINITY_DN12550_c0_g1_i3.p1,0.394302101933524
TRINITY_DN29236_c0_g1_i1.p1,-0.103445736633458
TRINITY_DN7208_c0_g1_i1.p1,0.187530245124164
TRINITY_DN3526_c0_g1_i10.p1,-0.855421600823216
TRINITY_DN13625_c0_g1_i1.p1,0.218606217160044
TRINITY_DN15513_c0_g1_i12.p1,-0.387837256283895
TRINITY_DN19390_c0_g1_i2.p1,-0.25183915566014
TRINITY_DN22902_c0_g1_i11.p1,0.434920292150684
TRINITY_DN6452_c0_g1_i1.p1,0.385854900980323
TRINITY_DN6168_c0_g1_i3.p1,0.246146900388536
TRINITY_DN7215_c0_g1_i1.p1,0.210311479933122
TRINITY_DN21776_c0_g1_i3.p1,-0.51080916131918
TRINITY_DN3535_c6_g1_i2.p1,0.448541833829779
TRINITY_DN1926_c6_g1_i1.p1,-0.295287460974588
TRINITY_DN91355_c0_g1_i1.p1,0.349035145850741
TRINITY_DN19996_c0_g1_i6.p1,-0.642252875643405
TRINITY_DN5289_c1_g1_i2.p1,0.132382692321973
TRINITY_DN23501_c0_g1_i16.p1,-0.260130248918371
TRINITY_DN5444_c0_g1_i2.p1,0.461735468891849
TRINITY_DN58391_c0_g1_i1.p1,-0.272893139078325
TRINITY_DN136_c0_g1_i142.p1,-0.516663757429038
TRINITY_DN21271_c1_g1_i1.p2,0.348974126171153
TRINITY_DN29636_c0_g1_i6.p1,0.573887231434769
TRINITY_DN4259_c1_g1_i6.p1,-0.526202058314749
TRINITY_DN7070_c4_g1_i1.p2,0.545288802893411
TRINITY_DN1025_c1_g1_i2.p1,-0.35212180821546
TRINITY_DN1034_c0_g1_i44.p1,0.460496266477932
TRINITY_DN116432_c0_g1_i1.p1,0.217599115912385
TRINITY_DN19996_c0_g1_i2.p1,0.614128154854926
TRINITY_DN23548_c0_g1_i3.p1,0.289546965432679
TRINITY_DN2456_c6_g1_i1.p1,-0.310751535264635
TRINITY_DN2535_c0_g1_i2.p1,-0.247949460795573
TRINITY_DN3529_c0_g1_i2.p1,0.323021940961643
TRINITY_DN35_c0_g1_i47.p1,-0.420578279226921
TRINITY_DN4599_c2_g1_i1.p1,0.566937619854065
TRINITY_DN5307_c0_g1_i2.p1,0.627274536276259
TRINITY_DN675_c0_g3_i1.p2,0.419168441432233
TRINITY_DN9049_c1_g1_i1.p1,-0.681067547515068
TRINITY_DN909_c0_g1_i2.p1,-0.247992698888389
TRINITY_DN7175_c0_g1_i3.p1,0.326073032643772
TRINITY_DN8238_c0_g1_i3.p1,0.324458158338755
TRINITY_DN10538_c0_g1_i1.p1,-0.0628325866263341
TRINITY_DN11437_c0_g1_i5.p1,-0.489422462934658
TRINITY_DN15743_c0_g1_i16.p1,0.285420638235199
TRINITY_DN21090_c0_g1_i9.p1,-0.186883311571522
TRINITY_DN25643_c0_g1_i4.p1,0.265390425881243
TRINITY_DN3314_c0_g1_i3.p1,-0.136858069472388
TRINITY_DN342_c0_g1_i8.p1,0.431616189292056
TRINITY_DN3850_c0_g1_i1.p1,-0.615841907565103
TRINITY_DN45643_c0_g1_i1.p1,-0.135667673342775
TRINITY_DN6818_c4_g1_i2.p1,-0.227808709525439
TRINITY_DN9698_c0_g1_i11.p1,-0.561908939068616
TRINITY_DN2369_c0_g1_i33.p1,-0.427985140884946
TRINITY_DN3048_c0_g1_i6.p1,-0.378918553358604
TRINITY_DN540_c1_g1_i3.p1,-0.515545275841215
TRINITY_DN20368_c0_g1_i5.p1,0.586441899999971
TRINITY_DN694_c0_g2_i1.p1,-0.332306005536406
TRINITY_DN38382_c0_g1_i1.p1,-0.161395593731167
TRINITY_DN49584_c1_g1_i5.p1,-0.153382153796507
TRINITY_DN42773_c3_g1_i1.p1,-0.3518472780484
TRINITY_DN112186_c0_g1_i1.p1,-0.160118641334363
TRINITY_DN1193_c0_g1_i24.p1,-0.369925856094065
TRINITY_DN2152_c0_g1_i4.p1,-0.244682852347441
TRINITY_DN2390_c1_g1_i4.p1,-0.262581936638942
TRINITY_DN30691_c0_g1_i1.p1,-0.534468274613675
TRINITY_DN3361_c10_g1_i1.p1,-0.435581225820486
TRINITY_DN34503_c0_g1_i1.p1,0.477752114007876
TRINITY_DN3899_c0_g1_i1.p1,-0.168278174765386
TRINITY_DN4043_c0_g1_i4.p1,0.570840591017999
TRINITY_DN4071_c0_g1_i3.p1,-0.270695853757183
TRINITY_DN573_c2_g1_i1.p1,-0.190386243853898
TRINITY_DN6746_c6_g1_i1.p1,0.317016649825349
TRINITY_DN9075_c0_g2_i3.p1,-0.372315944640525
TRINITY_DN16216_c0_g2_i6.p1,-0.401765735893736
TRINITY_DN2892_c0_g1_i1.p1,-0.556752657301946
TRINITY_DN3040_c0_g1_i2.p1,-0.744830348143979
TRINITY_DN96_c0_g1_i26.p1,-0.410701607915955
TRINITY_DN1142_c1_g1_i27.p1,-0.25344731147976
TRINITY_DN13085_c0_g1_i1.p1,-0.344877600193037
TRINITY_DN145476_c0_g1_i1.p1,0.173731240649047
TRINITY_DN21067_c0_g2_i6.p1,0.198962371170787
TRINITY_DN2327_c0_g1_i1.p1,-0.182885292878541
TRINITY_DN29294_c1_g1_i20.p1,0.450162401812841
TRINITY_DN294_c0_g3_i1.p1,0.190010296744834
TRINITY_DN382_c1_g1_i14.p1,0.381486977484091
TRINITY_DN414_c3_g1_i2.p1,0.478791633658369
TRINITY_DN4762_c0_g1_i3.p1,0.313381831560132
TRINITY_DN6250_c0_g1_i4.p1,0.684627483824344
TRINITY_DN6271_c9_g1_i4.p1,-0.161845843538087
TRINITY_DN9239_c0_g1_i6.p1,0.355401774268249
TRINITY_DN11672_c0_g2_i1.p1,0.497786194857151
TRINITY_DN1288_c0_g1_i1.p1,-0.305005113875145
TRINITY_DN179273_c0_g1_i1.p1,1.58636741436458
TRINITY_DN19395_c0_g1_i1.p1,0.207595390122118
TRINITY_DN2388_c0_g2_i1.p1,-0.33295645435946
TRINITY_DN2760_c0_g1_i1.p1,0.147092304299612
TRINITY_DN3909_c0_g4_i3.p1,-0.136623543666949
TRINITY_DN4342_c0_g1_i28.p1,0.307373806273157
TRINITY_DN501_c5_g1_i12.p1,0.220521371828279
TRINITY_DN7938_c4_g1_i1.p1,0.381496566572912
TRINITY_DN2362_c1_g3_i1.p1,0.400948188032107
TRINITY_DN8838_c1_g1_i1.p1,0.0978112836701757
TRINITY_DN1148_c0_g1_i38.p1,0.464886801049069
TRINITY_DN6415_c0_g1_i1.p1,0.449655691159976
TRINITY_DN102501_c0_g1_i1.p1,-0.60868488527452
TRINITY_DN95971_c0_g1_i1.p1,0.181237009808826
TRINITY_DN11370_c0_g1_i1.p1,0.307678463522203
TRINITY_DN39463_c0_g1_i3.p1,-0.452955619889545
TRINITY_DN5601_c0_g2_i1.p1,0.121511738207801
TRINITY_DN6689_c0_g1_i1.p1,-0.186563781654247
TRINITY_DN8590_c0_g5_i1.p1,0.152214003404175
TRINITY_DN13457_c0_g3_i5.p2,-0.31913849035528
TRINITY_DN162473_c0_g1_i1.p1,-0.203109130460483
TRINITY_DN2620_c1_g1_i10.p1,-0.893903232779457
TRINITY_DN55612_c0_g2_i1.p1,0.376817152471963
TRINITY_DN9558_c0_g1_i6.p1,-0.273299231782308
TRINITY_DN1853_c0_g4_i1.p1,0.213846721873939
TRINITY_DN716_c2_g1_i1.p1,0.105267226846253
TRINITY_DN12340_c0_g1_i1.p1,0.235902290404842
TRINITY_DN4773_c0_g1_i4.p1,0.424440579723501
TRINITY_DN4345_c0_g1_i39.p1,0.362234540730212
TRINITY_DN6229_c0_g1_i1.p1,0.52880726273451
TRINITY_DN128598_c0_g1_i1.p1,-0.502168123074504
TRINITY_DN145239_c0_g1_i1.p1,0.126432111030044
TRINITY_DN2391_c0_g1_i8.p1,0.175316679434261
TRINITY_DN31907_c0_g1_i4.p1,-0.121785013588384
TRINITY_DN711_c0_g1_i1.p1,0.232543395877773
TRINITY_DN1532_c0_g1_i1.p1,0.348966600711993
TRINITY_DN53161_c0_g1_i3.p1,0.265320346344225
TRINITY_DN7397_c0_g1_i2.p1,-0.33968889280445
TRINITY_DN1923_c0_g1_i27.p1,-0.223906953871493
TRINITY_DN4422_c0_g1_i5.p1,-0.302452310652841
TRINITY_DN4003_c0_g1_i6.p1,-0.267683667197918
TRINITY_DN279_c2_g1_i8.p1,0.111375600961611
TRINITY_DN1018_c1_g5_i1.p1,-0.18284497536956
TRINITY_DN11127_c0_g1_i5.p1,-0.293425809927551
TRINITY_DN11215_c0_g1_i2.p1,0.343717603819036
TRINITY_DN11362_c0_g1_i1.p1,-0.635651714880145
TRINITY_DN1222_c0_g1_i2.p1,0.330190640544732
TRINITY_DN13645_c0_g1_i7.p1,-0.459604878509778
TRINITY_DN14852_c0_g1_i1.p1,-0.251794054431615
TRINITY_DN162317_c0_g1_i1.p1,0.199011098977192
TRINITY_DN17291_c0_g1_i2.p1,-0.178597979162481
TRINITY_DN17565_c0_g1_i1.p1,-0.190178784046483
TRINITY_DN177479_c0_g1_i1.p1,-0.578145599315841
TRINITY_DN189_c0_g1_i2.p1,0.0912843195998103
TRINITY_DN19552_c0_g1_i2.p1,0.295838646632832
TRINITY_DN1981_c6_g3_i2.p1,0.267538136323715
TRINITY_DN2055_c2_g1_i4.p1,0.23412144316727
TRINITY_DN20708_c0_g1_i1.p1,-0.154699772773417
TRINITY_DN20957_c0_g1_i1.p1,0.348108757824964
TRINITY_DN2114_c0_g1_i17.p1,0.660739074145806
TRINITY_DN24596_c0_g1_i1.p1,-0.211181352164546
TRINITY_DN2619_c0_g1_i7.p1,0.326106648333177
TRINITY_DN2700_c0_g3_i1.p1,-0.133681411067025
TRINITY_DN272_c0_g1_i3.p1,0.409047553777315
TRINITY_DN279_c2_g1_i3.p1,0.171785730814012
TRINITY_DN29265_c3_g1_i1.p1,0.137770690693106
TRINITY_DN3091_c2_g1_i1.p1,-0.242243499213422
TRINITY_DN3215_c3_g1_i2.p1,0.119230517228715
TRINITY_DN33585_c0_g1_i1.p1,0.177578501766131
TRINITY_DN3561_c0_g1_i5.p1,-0.577331772995483
TRINITY_DN3655_c0_g1_i2.p1,0.337103788688778
TRINITY_DN3710_c0_g1_i1.p1,-0.138505068058721
TRINITY_DN371_c1_g1_i3.p1,0.339827275330435
TRINITY_DN39048_c0_g1_i1.p1,0.186856659935888
TRINITY_DN39230_c0_g2_i2.p1,-0.195113360256894
TRINITY_DN3969_c0_g1_i3.p1,0.244436124858695
TRINITY_DN41312_c0_g1_i1.p1,0.18169301938507
TRINITY_DN45439_c0_g1_i2.p1,-0.302533983226714
TRINITY_DN46638_c0_g1_i16.p1,-0.62249824918357
TRINITY_DN47001_c0_g3_i4.p1,0.48229255949718
TRINITY_DN491_c0_g1_i12.p1,-0.205648662285806
TRINITY_DN4928_c0_g1_i2.p1,-0.287627834610476
TRINITY_DN501_c2_g2_i1.p1,0.195056221800105
TRINITY_DN5422_c0_g1_i20.p1,-0.212930396571669
TRINITY_DN61941_c0_g1_i1.p1,-0.109997752368857
TRINITY_DN6484_c0_g1_i2.p1,1.73780232791063
TRINITY_DN6744_c0_g1_i1.p1,0.252262803755556
TRINITY_DN6981_c0_g1_i2.p1,-0.215913762561238
TRINITY_DN7110_c0_g1_i1.p1,-0.202564536406865
TRINITY_DN764_c0_g1_i3.p1,-0.245589439325817
TRINITY_DN8159_c0_g1_i1.p1,0.120785568979629
TRINITY_DN9128_c0_g1_i1.p1,0.241044893992655
TRINITY_DN913_c0_g1_i17.p1,0.510339802616218
TRINITY_DN963_c0_g1_i12.p1,-0.42516829286092
TRINITY_DN15213_c0_g1_i1.p1,-0.148959013844416
TRINITY_DN730_c0_g1_i124.p1,0.303750030658725
TRINITY_DN7346_c0_g1_i2.p1,0.229312768555095
TRINITY_DN8315_c0_g1_i1.p1,-0.171214003276136
TRINITY_DN6348_c0_g1_i2.p1,0.228709935428966
TRINITY_DN12509_c0_g1_i2.p1,-0.380594346763116
TRINITY_DN51456_c0_g3_i1.p1,-0.0991413356720592
TRINITY_DN7571_c5_g1_i7.p1,-0.448096649380652
TRINITY_DN77_c0_g1_i83.p1,0.399284165592255
TRINITY_DN27278_c0_g1_i4.p1,-0.273595000648291
TRINITY_DN1280_c0_g1_i21.p1,-0.214453225557853
TRINITY_DN1417_c0_g2_i3.p1,-0.469214679512169
TRINITY_DN4852_c0_g1_i6.p1,0.28310014478718
TRINITY_DN2122_c1_g2_i1.p1,0.419707287309262
TRINITY_DN29963_c0_g1_i1.p1,-0.294411076486881
TRINITY_DN34256_c0_g1_i3.p1,0.387351957059833
TRINITY_DN47657_c0_g1_i2.p1,0.347277910573148
TRINITY_DN66967_c0_g1_i1.p1,0.244019152785995
TRINITY_DN6861_c1_g2_i2.p1,-0.236203869510189
TRINITY_DN22066_c0_g1_i3.p1,1.44019297175776
TRINITY_DN304_c1_g2_i1.p1,0.425472098515912
TRINITY_DN1056_c0_g1_i9.p1,0.428384093579688
TRINITY_DN13344_c0_g1_i5.p1,-0.857173298363652
TRINITY_DN14939_c2_g1_i1.p1,0.0930024367360277
TRINITY_DN2188_c2_g5_i1.p1,0.302747859059175
TRINITY_DN26009_c0_g1_i2.p1,-0.407364364872068
TRINITY_DN3270_c0_g1_i2.p1,-0.175677445519203
TRINITY_DN36498_c0_g1_i8.p1,-0.451497449065319
TRINITY_DN53077_c2_g1_i7.p1,-0.415780416625102
TRINITY_DN5908_c0_g1_i4.p3,-0.371227907207756
TRINITY_DN3462_c0_g1_i1.p1,-0.500155866155749
TRINITY_DN112550_c0_g1_i1.p1,-0.162551001610067
TRINITY_DN11829_c0_g1_i1.p1,0.106118823472726
TRINITY_DN4056_c1_g3_i1.p1,-0.364404006500725
TRINITY_DN4955_c1_g1_i2.p1,0.212047885367301
TRINITY_DN10619_c0_g1_i1.p1,-0.47264329109031
TRINITY_DN5770_c0_g1_i1.p1,0.399001706023861
TRINITY_DN2712_c0_g1_i1.p1,-0.569044904746865
TRINITY_DN14817_c0_g1_i1.p1,0.300287444846211
TRINITY_DN3081_c0_g1_i7.p1,-0.440675428858804
TRINITY_DN112430_c0_g1_i1.p1,-0.276938408964644
TRINITY_DN2729_c0_g1_i1.p1,0.237820090951806
TRINITY_DN2943_c0_g2_i1.p1,-1.79549153053568
TRINITY_DN33300_c0_g1_i1.p1,0.0966135615094784
TRINITY_DN5710_c0_g1_i1.p1,-0.23654887262947
TRINITY_DN40029_c0_g1_i2.p1,0.158736637672154
TRINITY_DN426_c0_g1_i1.p1,-0.146912968370272
TRINITY_DN2798_c0_g2_i5.p1,0.276106542464319
TRINITY_DN4178_c0_g1_i1.p1,-0.153970370693559
TRINITY_DN10017_c1_g1_i1.p1,-0.319195800676065
TRINITY_DN11007_c0_g1_i3.p1,0.332064029993549
TRINITY_DN12134_c0_g1_i1.p1,0.460733302470517
TRINITY_DN146328_c0_g1_i1.p1,0.121143438860009
TRINITY_DN54713_c0_g1_i1.p1,-0.546100693747466
TRINITY_DN5932_c0_g1_i6.p1,-0.292898374564992
TRINITY_DN9017_c0_g1_i1.p1,-0.163687287415982
TRINITY_DN910_c0_g1_i1.p1,0.124839263743312
TRINITY_DN3311_c5_g1_i5.p1,-0.203419466474903
TRINITY_DN4309_c1_g1_i2.p1,0.56176284565897
TRINITY_DN20789_c0_g1_i1.p1,0.404875600819958
TRINITY_DN5274_c0_g1_i1.p1,0.201643442217943
TRINITY_DN10359_c0_g1_i1.p1,-0.358137812751911
TRINITY_DN1982_c2_g1_i1.p1,0.251883297318923
TRINITY_DN21670_c0_g1_i6.p1,-0.33300111862807
TRINITY_DN2507_c0_g1_i36.p1,0.486283796906842
TRINITY_DN271_c0_g1_i10.p1,0.860095084741641
TRINITY_DN3586_c1_g1_i1.p1,0.327967492447361
TRINITY_DN4252_c0_g1_i5.p1,-0.435420411831781
TRINITY_DN5038_c1_g1_i1.p1,-0.381395769127448
TRINITY_DN6210_c0_g1_i2.p1,0.13734077324369
TRINITY_DN6292_c1_g1_i2.p1,0.274873775137409
TRINITY_DN3379_c1_g1_i2.p1,0.333582431542228
TRINITY_DN41709_c0_g1_i8.p1,-0.279963389284467
TRINITY_DN435_c0_g1_i6.p1,0.332496259080125
TRINITY_DN10260_c0_g1_i1.p1,-0.142351963677163
TRINITY_DN1027_c6_g1_i1.p1,-0.110337959209443
TRINITY_DN11458_c0_g1_i1.p1,0.0954657520898572
TRINITY_DN12465_c0_g1_i1.p1,-0.162632563787301
TRINITY_DN12599_c1_g1_i3.p1,0.196195268726804
TRINITY_DN13657_c0_g1_i1.p1,0.287839148271956
TRINITY_DN17994_c0_g2_i2.p1,0.283369400278488
TRINITY_DN1808_c0_g3_i1.p1,-0.168741823960848
TRINITY_DN2302_c0_g1_i10.p1,-0.85489539446983
TRINITY_DN3097_c0_g1_i6.p1,0.300085212447694
TRINITY_DN52129_c0_g1_i4.p1,-0.203504009979068
TRINITY_DN59242_c0_g1_i6.p1,-0.338696137055387
TRINITY_DN2633_c0_g1_i1.p1,-0.075083874039983
TRINITY_DN11839_c0_g1_i1.p1,0.35113489944005
TRINITY_DN2718_c0_g1_i1.p1,0.436859632529966
TRINITY_DN375_c0_g1_i6.p1,0.611333874959529
TRINITY_DN43024_c0_g1_i1.p1,-0.451059372750326
TRINITY_DN47000_c0_g1_i2.p1,0.125547093231262
TRINITY_DN6076_c0_g1_i2.p1,2.14333910402902
TRINITY_DN660_c8_g1_i1.p1,-0.162580685084213
TRINITY_DN19699_c1_g1_i2.p1,0.157492368500794
TRINITY_DN7442_c0_g1_i75.p1,-0.381595652156938
TRINITY_DN491_c0_g1_i4.p1,-0.188065628962464
TRINITY_DN6305_c0_g1_i1.p1,0.208495421832627
TRINITY_DN10557_c0_g1_i1.p1,-0.149045651178983
TRINITY_DN12619_c0_g1_i3.p1,-0.348447113351846
TRINITY_DN1452_c0_g2_i3.p1,-0.370741108601516
TRINITY_DN15127_c7_g1_i1.p2,-0.274907191492006
TRINITY_DN17900_c0_g1_i1.p1,0.472466799016483
TRINITY_DN2151_c0_g1_i1.p1,-0.279022915942277
TRINITY_DN3283_c0_g1_i2.p1,0.291643969361116
TRINITY_DN33303_c0_g1_i2.p1,0.41964104138771
TRINITY_DN4485_c0_g1_i3.p1,-0.231119234996951
TRINITY_DN5895_c0_g1_i6.p1,-0.226664977965598
TRINITY_DN728_c1_g1_i4.p1,-0.351118288951825
TRINITY_DN7355_c2_g1_i1.p1,-0.44749774764336
TRINITY_DN80897_c0_g1_i2.p1,0.081365710730178
TRINITY_DN826_c0_g1_i9.p1,-0.333138550775839
TRINITY_DN9449_c1_g2_i1.p1,0.505753241098153
TRINITY_DN11052_c0_g1_i2.p1,-0.323673682350787
TRINITY_DN11803_c1_g1_i2.p1,0.234099892775224
TRINITY_DN12074_c0_g1_i1.p1,0.103862304859231
TRINITY_DN147_c0_g1_i2.p1,0.369737691121939
TRINITY_DN20362_c0_g1_i13.p1,-0.23198992403784
TRINITY_DN32650_c0_g1_i1.p1,-0.327678860766549
TRINITY_DN36623_c0_g1_i2.p1,0.571653378850905
TRINITY_DN6754_c0_g1_i1.p1,-0.148556115730715
TRINITY_DN6846_c2_g1_i1.p1,0.136097446909577
TRINITY_DN9058_c0_g1_i1.p1,-0.141391868414792
TRINITY_DN11081_c0_g2_i2.p1,-0.188168081160681
TRINITY_DN14209_c0_g1_i1.p1,-0.351417857125191
TRINITY_DN2950_c0_g1_i4.p1,-0.237595264781192
TRINITY_DN32868_c0_g1_i1.p1,0.185285561861435
TRINITY_DN6281_c0_g1_i1.p1,0.240080317766697
TRINITY_DN6415_c0_g1_i11.p1,0.417803592434822
TRINITY_DN66686_c0_g1_i3.p1,0.526896413448436
TRINITY_DN790_c0_g1_i8.p1,0.332423543407045
TRINITY_DN8246_c0_g1_i11.p1,0.318043922731228
TRINITY_DN96057_c0_g1_i1.p1,0.22618504603968
TRINITY_DN10456_c2_g1_i2.p1,-0.278820198238207
TRINITY_DN23475_c0_g1_i14.p1,-1.17785223635976
TRINITY_DN32546_c0_g1_i7.p1,-0.289983942863824
TRINITY_DN2613_c1_g1_i3.p1,-0.412450725097044
TRINITY_DN2729_c0_g1_i2.p1,-0.339855855664207
TRINITY_DN5068_c0_g1_i17.p1,0.327842676325965
TRINITY_DN61393_c0_g1_i2.p1,0.393134256843941
TRINITY_DN7847_c0_g2_i2.p1,-0.39343267182292
TRINITY_DN1390_c1_g1_i1.p1,-0.15024230155813
TRINITY_DN10345_c0_g2_i1.p1,0.199308809772342
TRINITY_DN108_c0_g1_i12.p1,-0.305802255978521
TRINITY_DN12083_c1_g1_i5.p1,0.268523386448931
TRINITY_DN14373_c0_g1_i2.p1,-0.237216290763827
TRINITY_DN18848_c0_g1_i9.p1,0.28705579226162
TRINITY_DN20483_c0_g1_i2.p1,-0.268220120150524
TRINITY_DN28046_c0_g1_i1.p1,-0.444059104210015
TRINITY_DN28450_c1_g1_i2.p1,-0.507172296949181
TRINITY_DN32961_c0_g1_i1.p1,0.349851596678113
TRINITY_DN3988_c7_g1_i1.p1,0.309491939190099
TRINITY_DN53244_c3_g1_i1.p1,0.332116332542676
TRINITY_DN57876_c0_g1_i1.p1,0.288220902117919
TRINITY_DN6299_c0_g1_i1.p1,-0.137165668021047
TRINITY_DN69450_c0_g1_i1.p1,-0.25537287896118
TRINITY_DN7393_c0_g1_i2.p1,-0.202372274424027
TRINITY_DN8609_c0_g1_i1.p1,-0.231194177571936
TRINITY_DN8765_c0_g1_i6.p1,-0.0819136099177831
TRINITY_DN112596_c0_g1_i1.p1,0.211730361312094
TRINITY_DN12265_c0_g1_i2.p1,-0.384228866334823
TRINITY_DN1249_c0_g1_i24.p1,0.239224276864373
TRINITY_DN12659_c0_g1_i1.p1,0.204372506867465
TRINITY_DN1489_c2_g1_i3.p1,0.565703185708225
TRINITY_DN18780_c0_g3_i2.p1,0.438124694824408
TRINITY_DN2169_c0_g1_i2.p1,-0.160374943109072
TRINITY_DN2316_c0_g1_i1.p1,-0.0582175320625438
TRINITY_DN2396_c0_g1_i6.p1,-1.91781446756949
TRINITY_DN24926_c0_g1_i3.p1,-0.468055558494121
TRINITY_DN2714_c0_g1_i1.p1,0.282285001336055
TRINITY_DN275_c3_g1_i1.p1,0.52225770505461
TRINITY_DN322_c1_g1_i42.p1,0.527478362378717
TRINITY_DN38003_c0_g1_i1.p1,-0.134583191879617
TRINITY_DN43842_c0_g2_i1.p1,0.280967646709372
TRINITY_DN4506_c0_g1_i2.p1,0.576687443202696
TRINITY_DN5059_c0_g1_i1.p1,0.21172980557074
TRINITY_DN56544_c1_g1_i1.p1,0.115421535292347
TRINITY_DN5917_c0_g1_i1.p1,-0.165091780460163
TRINITY_DN6995_c0_g1_i1.p1,0.173108003319967
TRINITY_DN7365_c5_g1_i1.p1,-0.188118341750842
TRINITY_DN874_c0_g1_i3.p1,0.162671045970911
TRINITY_DN8787_c0_g1_i2.p1,0.463494658030581
TRINITY_DN916_c0_g1_i2.p1,0.256168731234985
TRINITY_DN963_c0_g1_i26.p1,0.384719913325488
TRINITY_DN97503_c0_g1_i1.p1,-0.128677768626685
TRINITY_DN2105_c1_g2_i6.p1,0.263558052709007
TRINITY_DN16673_c0_g1_i1.p1,0.327358555480366
TRINITY_DN1673_c2_g2_i1.p1,0.197949984762045
TRINITY_DN1111_c2_g1_i1.p1,-0.112402099622538
TRINITY_DN14843_c0_g1_i2.p1,-0.49932417134989
TRINITY_DN18361_c0_g1_i1.p1,0.206048211051255
TRINITY_DN195_c2_g1_i1.p1,0.10235160413237
TRINITY_DN19724_c0_g2_i1.p1,-0.342851929754046
TRINITY_DN19884_c2_g1_i1.p1,0.39892480038725
TRINITY_DN2131_c0_g1_i10.p1,-0.423704124177027
TRINITY_DN2285_c2_g3_i3.p1,-0.372803946091941
TRINITY_DN23449_c9_g1_i1.p1,0.200927541024356
TRINITY_DN25071_c0_g2_i1.p1,0.0974836901210275
TRINITY_DN3633_c0_g1_i1.p1,-0.624119704292627
TRINITY_DN41107_c0_g1_i1.p1,-0.165405446739276
TRINITY_DN459_c0_g1_i5.p1,-0.245964640010081
TRINITY_DN5254_c0_g1_i1.p1,0.123930460487437
TRINITY_DN6257_c0_g1_i1.p1,0.0979749632829708
TRINITY_DN75_c3_g4_i1.p1,-0.469323789136644
TRINITY_DN7892_c0_g2_i2.p1,-0.0958900739131113
TRINITY_DN86126_c0_g1_i2.p1,-0.180332860670712
TRINITY_DN6766_c0_g1_i5.p1,0.184739587464845
TRINITY_DN7392_c1_g1_i1.p1,0.109721102114087
TRINITY_DN11640_c1_g1_i11.p1,-0.181735657091132
TRINITY_DN6063_c0_g1_i3.p1,1.40205043142291
TRINITY_DN72100_c0_g1_i4.p1,-0.182822332153742
TRINITY_DN23249_c0_g3_i1.p1,0.16424721641702
TRINITY_DN7103_c1_g1_i6.p1,-0.932128329248734
TRINITY_DN825_c0_g1_i25.p1,0.250495710749889
TRINITY_DN3211_c0_g1_i6.p1,0.166585843330697
TRINITY_DN169_c1_g1_i7.p1,0.379722835736463
TRINITY_DN4347_c0_g1_i3.p1,0.375116180051532
TRINITY_DN592_c0_g3_i3.p1,0.277333696110931
TRINITY_DN7754_c0_g1_i1.p1,-0.162194242180675
TRINITY_DN4127_c4_g1_i1.p1,-0.0881414754818462
TRINITY_DN7011_c0_g1_i1.p1,0.258346240954556
TRINITY_DN4510_c0_g1_i2.p1,0.234594362887102
TRINITY_DN10156_c12_g1_i1.p1,0.0874146712193676
TRINITY_DN12139_c2_g1_i1.p1,-0.153307812710563
TRINITY_DN17513_c0_g1_i2.p1,-0.365528072814685
TRINITY_DN19695_c0_g1_i5.p1,-0.412121191674778
TRINITY_DN2140_c0_g1_i12.p1,0.339987205680515
TRINITY_DN231_c0_g1_i3.p1,0.37024276830852
TRINITY_DN23259_c0_g1_i1.p1,-0.188534722191159
TRINITY_DN3717_c0_g1_i5.p1,0.390783999290433
TRINITY_DN3720_c0_g1_i4.p1,0.451083402122904
TRINITY_DN41422_c0_g1_i2.p1,0.398156682874317
TRINITY_DN4313_c2_g1_i2.p1,0.176915642060742
TRINITY_DN56621_c0_g1_i3.p1,0.523169529516067
TRINITY_DN5688_c1_g1_i1.p1,0.376340100139936
TRINITY_DN8274_c0_g1_i1.p1,-0.134114661237956
TRINITY_DN20662_c0_g1_i3.p1,-0.420469758220121
TRINITY_DN5133_c1_g1_i12.p1,0.376704824940853
TRINITY_DN9438_c0_g3_i1.p1,0.360608346238158
TRINITY_DN1703_c0_g1_i5.p1,-0.119637392361011
TRINITY_DN5298_c4_g1_i1.p1,-0.183844375219806
TRINITY_DN401_c3_g1_i1.p1,0.840159444763809
TRINITY_DN453_c0_g1_i17.p1,0.32635826848303
TRINITY_DN8748_c0_g1_i1.p1,0.138004240111995
TRINITY_DN9053_c0_g1_i3.p1,-0.199880578180108
TRINITY_DN792_c2_g1_i68.p1,-0.244253007911946
TRINITY_DN112612_c0_g1_i1.p1,0.206888079614551
TRINITY_DN2017_c0_g2_i1.p1,0.298351225859138
TRINITY_DN5201_c0_g1_i20.p1,-0.113042739607439
TRINITY_DN7615_c0_g1_i1.p1,0.117170847275944
TRINITY_DN99158_c0_g1_i1.p1,-0.598247606502204
TRINITY_DN11982_c1_g1_i11.p1,0.265695654331787
TRINITY_DN46821_c0_g1_i2.p1,-0.102895870534932
TRINITY_DN16837_c0_g1_i1.p1,0.289051640303669
TRINITY_DN330_c1_g1_i8.p1,0.359934673567618
TRINITY_DN38473_c0_g3_i1.p1,0.336145387552909
TRINITY_DN5992_c0_g2_i1.p1,0.378959963562792
TRINITY_DN7185_c0_g2_i1.p1,0.0825483580383265
TRINITY_DN9191_c1_g1_i3.p1,0.445294136509815
TRINITY_DN26819_c0_g2_i1.p1,0.232644114412545
TRINITY_DN1556_c2_g1_i17.p1,0.146475152012587
TRINITY_DN357_c1_g1_i1.p1,0.274816280904358
TRINITY_DN7689_c0_g1_i1.p1,0.154747268494507
TRINITY_DN639_c1_g1_i1.p1,0.245998792704326
TRINITY_DN32570_c2_g3_i3.p1,-0.720341855348736
TRINITY_DN13142_c0_g1_i1.p1,-0.115246946961097
TRINITY_DN1529_c1_g2_i3.p1,-0.322320410122311
TRINITY_DN18443_c0_g1_i1.p1,-0.20439896158345
TRINITY_DN536_c10_g1_i2.p1,0.242563075804192
TRINITY_DN6607_c0_g1_i2.p1,0.175811323025644
TRINITY_DN5243_c0_g1_i1.p1,0.0978352252037183
TRINITY_DN5591_c1_g1_i2.p1,0.167503176444248
TRINITY_DN1004_c0_g1_i2.p1,-0.365357694662657
TRINITY_DN5282_c0_g4_i1.p1,0.148696944236709
TRINITY_DN8962_c0_g1_i2.p1,-0.245043482517323
TRINITY_DN4598_c0_g1_i1.p1,0.123505442950549
TRINITY_DN23930_c0_g3_i1.p1,0.412038747961949
TRINITY_DN32570_c2_g3_i1.p1,-0.733563986540983
TRINITY_DN24304_c1_g2_i1.p1,-0.0984220549296377
TRINITY_DN58332_c0_g1_i1.p1,0.140229396412322
TRINITY_DN7103_c1_g1_i9.p1,-0.18556305795428
TRINITY_DN85406_c0_g1_i4.p1,0.166980814432497
TRINITY_DN1300_c0_g1_i4.p1,0.421374314747219
TRINITY_DN18810_c0_g1_i1.p1,0.204384187343784
TRINITY_DN7909_c3_g1_i1.p1,-0.117825728670651
TRINITY_DN22453_c1_g1_i1.p1,-0.179004375202821
TRINITY_DN26264_c1_g1_i1.p1,0.216104088873085
TRINITY_DN10155_c7_g1_i1.p1,0.31675533225582
TRINITY_DN112997_c0_g1_i1.p1,-0.10043852159202
TRINITY_DN11830_c0_g1_i1.p1,-0.418457117373386
TRINITY_DN1192_c0_g2_i1.p1,0.0787262146260204
TRINITY_DN21704_c0_g1_i2.p1,0.338864880743066
TRINITY_DN21892_c0_g1_i4.p1,0.4599208455002
TRINITY_DN23058_c0_g1_i7.p1,-0.105720175265893
TRINITY_DN2426_c0_g1_i6.p1,-0.40049311386462
TRINITY_DN3076_c0_g1_i4.p1,0.190121258084179
TRINITY_DN37768_c0_g1_i3.p1,-0.207647194862521
TRINITY_DN3889_c1_g1_i1.p1,-0.183396446680693
TRINITY_DN46730_c0_g1_i1.p1,-0.278296032872337
TRINITY_DN46957_c2_g1_i1.p1,-0.300820342745909
TRINITY_DN4695_c0_g1_i10.p1,0.168852811083914
TRINITY_DN528_c3_g1_i1.p1,-0.201850739980054
TRINITY_DN7352_c0_g1_i2.p1,-0.331826142309308
TRINITY_DN864_c0_g1_i2.p1,0.29495928774654
TRINITY_DN8986_c0_g1_i1.p1,-0.0765548959049713
TRINITY_DN918_c0_g1_i17.p1,0.275736004368896
TRINITY_DN129018_c0_g1_i1.p1,0.199983769096183
TRINITY_DN130435_c0_g1_i1.p1,0.163880576040748
TRINITY_DN1379_c0_g2_i4.p1,-0.184012885591295
TRINITY_DN21835_c0_g1_i15.p1,-0.287736251747127
TRINITY_DN7393_c0_g1_i4.p1,-0.260633952673588
TRINITY_DN11114_c0_g1_i1.p1,0.160493930924915
TRINITY_DN6473_c1_g1_i4.p1,-0.232633649619701
TRINITY_DN23612_c0_g1_i1.p1,-0.608392571958873
TRINITY_DN358_c0_g1_i84.p1,-0.295893050201809
TRINITY_DN11527_c0_g2_i5.p1,0.307092909988175
TRINITY_DN149994_c0_g1_i1.p1,0.14787116340886
TRINITY_DN1889_c9_g1_i1.p1,-0.19041056056434
TRINITY_DN25597_c0_g2_i4.p1,-0.361587503831406
TRINITY_DN986_c0_g1_i4.p1,-0.136080604359518
TRINITY_DN11543_c0_g2_i1.p1,0.263068908353929
TRINITY_DN1513_c1_g1_i11.p1,0.181997167885912
TRINITY_DN23298_c0_g1_i1.p1,-0.203189943799378
TRINITY_DN2807_c1_g1_i10.p1,-0.270613454753324
TRINITY_DN3782_c0_g1_i10.p1,-0.378820304956506
TRINITY_DN551_c0_g1_i1.p1,0.132966767234865
TRINITY_DN8246_c0_g1_i8.p1,0.226904479812529
TRINITY_DN146224_c0_g1_i1.p1,-0.250463555871671
TRINITY_DN13703_c0_g1_i1.p1,-0.207609115256287
TRINITY_DN177789_c0_g1_i1.p1,-0.0764192885533117
TRINITY_DN1951_c0_g1_i16.p1,-0.428082176698502
TRINITY_DN3572_c0_g1_i5.p1,0.185436805912993
TRINITY_DN4184_c0_g1_i11.p1,-0.308162634857155
TRINITY_DN4342_c0_g1_i39.p1,0.44449673897982
TRINITY_DN8109_c2_g1_i1.p1,0.287942022866185
TRINITY_DN58479_c0_g1_i2.p1,-0.436268338583591
TRINITY_DN6786_c0_g1_i1.p1,0.225630117565004
TRINITY_DN34876_c2_g1_i2.p1,-0.357751578186972
TRINITY_DN78066_c0_g2_i1.p1,0.283760508583398
TRINITY_DN13611_c0_g1_i2.p1,0.23563228776207
TRINITY_DN7996_c3_g3_i3.p1,0.421783548132375
TRINITY_DN165477_c0_g1_i1.p1,-0.370501505790007
TRINITY_DN6345_c5_g1_i3.p2,-0.351119179788593
TRINITY_DN9000_c0_g1_i1.p1,-0.207916384774158
TRINITY_DN1201_c0_g2_i1.p1,0.255117487895033
TRINITY_DN27842_c3_g1_i1.p1,0.361910064596358
TRINITY_DN4447_c0_g1_i2.p1,0.248966558177961
TRINITY_DN6679_c0_g1_i3.p1,0.500237362275356
TRINITY_DN1739_c0_g1_i17.p1,0.195863710725637
TRINITY_DN5903_c0_g1_i2.p1,0.399409038876711
TRINITY_DN693_c0_g1_i3.p1,-0.329180119772269
TRINITY_DN36_c0_g1_i13.p1,-0.467603663760805
TRINITY_DN177495_c0_g1_i1.p1,-0.326993721938776
TRINITY_DN9047_c0_g1_i1.p1,-0.620354124497648
TRINITY_DN134_c0_g1_i4.p1,-0.14738580110063
TRINITY_DN16266_c0_g1_i7.p1,0.318838504487735
TRINITY_DN177658_c0_g1_i1.p1,-0.116581078476595
TRINITY_DN2129_c0_g1_i1.p1,0.261440221281888
TRINITY_DN4562_c0_g1_i19.p1,-0.246275767520705
TRINITY_DN5219_c1_g1_i4.p1,0.484434905908034
TRINITY_DN68022_c0_g1_i1.p1,-0.251208501322422
TRINITY_DN7633_c0_g2_i2.p1,0.675446891492206
TRINITY_DN7787_c0_g1_i34.p1,-0.244787070264137
TRINITY_DN78887_c0_g1_i1.p1,-0.293013415134408
TRINITY_DN9744_c0_g1_i2.p1,-0.262049926516567
TRINITY_DN9827_c1_g1_i2.p1,0.153706601011697
TRINITY_DN114197_c0_g1_i2.p1,0.320825876153954
TRINITY_DN12461_c0_g1_i1.p1,0.094732550028097
TRINITY_DN1265_c0_g1_i5.p1,0.212198158243845
TRINITY_DN1309_c0_g1_i2.p1,-0.369437678614027
TRINITY_DN14925_c0_g1_i1.p1,0.30724384895341
TRINITY_DN1646_c0_g1_i1.p1,0.217622597026158
TRINITY_DN177423_c0_g1_i1.p1,-0.108524701033197
TRINITY_DN10195_c0_g4_i1.p1,-0.38698799030331
TRINITY_DN10709_c2_g1_i1.p2,0.329015732462601
TRINITY_DN11328_c0_g1_i2.p1,-0.138589243085181
TRINITY_DN1256_c0_g1_i7.p1,-0.393705929150349
TRINITY_DN16619_c0_g1_i1.p1,-0.287198715939602
TRINITY_DN21230_c0_g1_i3.p1,-0.130661959770127
TRINITY_DN21697_c0_g1_i1.p1,0.123656064992889
TRINITY_DN2225_c0_g1_i8.p1,-0.373964099196003
TRINITY_DN27523_c0_g1_i1.p1,0.349681428818493
TRINITY_DN4326_c2_g1_i2.p1,-0.339461307902869
TRINITY_DN4784_c0_g1_i3.p1,0.439782087759314
TRINITY_DN5565_c0_g1_i177.p1,0.424996526424307
TRINITY_DN5568_c0_g1_i2.p1,-0.12879389152671
TRINITY_DN55_c2_g2_i1.p1,-0.201074654128558
TRINITY_DN58082_c0_g1_i18.p1,0.217945646777405
TRINITY_DN637_c0_g1_i1.p1,-1.11350854971149
TRINITY_DN64142_c0_g1_i2.p1,0.343797799194986
TRINITY_DN8000_c0_g1_i2.p1,-0.167172728241453
TRINITY_DN924_c2_g1_i2.p1,0.195915774531636
TRINITY_DN9336_c0_g1_i1.p1,0.0660568052797315
TRINITY_DN97326_c0_g1_i1.p1,-0.231050009156542
TRINITY_DN11785_c0_g2_i4.p1,-0.355579181820639
TRINITY_DN12090_c0_g1_i4.p1,0.37156781812274
TRINITY_DN31652_c0_g1_i1.p1,0.12303710770444
TRINITY_DN5516_c0_g3_i3.p1,-0.300471627025258
TRINITY_DN10075_c0_g1_i1.p1,0.149048434979719
TRINITY_DN11572_c0_g1_i1.p1,-0.170828559664314
TRINITY_DN12012_c0_g1_i33.p1,-0.202475180403751
TRINITY_DN144797_c0_g1_i1.p1,-0.593645387586079
TRINITY_DN14835_c0_g1_i1.p1,-0.183832788176782
TRINITY_DN1489_c2_g1_i5.p1,0.467548657739584
TRINITY_DN152_c1_g1_i2.p1,0.14500643819996
TRINITY_DN177609_c0_g1_i1.p1,0.247063703932413
TRINITY_DN18008_c0_g1_i3.p1,-0.437004747782844
TRINITY_DN20644_c0_g1_i2.p1,1.57960017028461
TRINITY_DN21007_c0_g1_i3.p1,0.25733545263961
TRINITY_DN211_c0_g1_i9.p1,-0.294837144704734
TRINITY_DN21659_c0_g2_i1.p3,0.475923634390711
TRINITY_DN2165_c0_g1_i1.p1,-0.233057682867593
TRINITY_DN2362_c0_g3_i2.p1,-0.390924837801118
TRINITY_DN241_c0_g1_i1.p1,0.143556844170377
TRINITY_DN24703_c0_g1_i1.p1,-0.17336920520187
TRINITY_DN26635_c0_g1_i1.p1,0.448223153070638
TRINITY_DN27243_c0_g1_i1.p1,0.248098530887767
TRINITY_DN31010_c0_g2_i4.p1,-0.454248003037088
TRINITY_DN3225_c0_g1_i1.p1,0.116010651255124
TRINITY_DN33722_c0_g2_i1.p1,-0.231017768865772
TRINITY_DN36929_c0_g1_i7.p1,0.150072967093134
TRINITY_DN3743_c0_g1_i9.p1,0.122312784397127
TRINITY_DN3919_c0_g2_i4.p1,0.278476463466244
TRINITY_DN44_c0_g2_i3.p1,0.225285144796817
TRINITY_DN5192_c0_g1_i1.p1,0.372015033482024
TRINITY_DN5207_c0_g1_i5.p1,-0.116124519257077
TRINITY_DN5217_c0_g1_i1.p1,-0.242793002704672
TRINITY_DN560_c0_g1_i2.p1,-0.367298497037915
TRINITY_DN561_c0_g1_i1.p1,-0.263615723040208
TRINITY_DN5688_c1_g2_i1.p1,-0.505923147580083
TRINITY_DN64436_c0_g3_i5.p1,-0.132387432489947
TRINITY_DN6835_c0_g1_i1.p1,0.165731354596781
TRINITY_DN7438_c0_g1_i1.p1,-0.169543357833303
TRINITY_DN7483_c0_g1_i1.p1,-0.123632205155057
TRINITY_DN7883_c0_g1_i2.p1,-0.233321350164983
TRINITY_DN826_c0_g1_i14.p1,-0.19691722224322
TRINITY_DN8679_c1_g1_i2.p1,-0.113942037577136
TRINITY_DN87141_c0_g1_i3.p1,0.601395865596572
TRINITY_DN8737_c0_g2_i1.p1,0.318387537995257
TRINITY_DN8979_c1_g1_i1.p1,0.197720081682039
TRINITY_DN4071_c0_g1_i19.p1,-0.345797295607101
TRINITY_DN13462_c0_g1_i2.p1,-0.310821567894682
TRINITY_DN171_c0_g1_i4.p1,-0.228014292750741
TRINITY_DN26697_c0_g1_i1.p1,-0.191895361260034
TRINITY_DN2738_c0_g1_i1.p1,-0.128538279514619
TRINITY_DN7254_c1_g1_i1.p1,0.111083255259731
TRINITY_DN52171_c0_g2_i1.p1,-0.37490819228864
TRINITY_DN2693_c0_g1_i8.p1,0.270948436685331
TRINITY_DN42929_c0_g2_i4.p1,0.228231308433631
TRINITY_DN4059_c0_g1_i2.p1,-0.1254690506038
TRINITY_DN5265_c0_g2_i1.p1,-0.116854280993269
TRINITY_DN5657_c0_g1_i9.p1,0.219094482668557
TRINITY_DN5975_c0_g2_i5.p1,0.181254181951688
TRINITY_DN90066_c0_g1_i23.p1,-0.307171552871613
TRINITY_DN12792_c0_g1_i4.p1,0.429754495271077
TRINITY_DN745_c1_g1_i2.p1,-0.271496490392399
TRINITY_DN13503_c0_g1_i1.p2,-0.337412248378679
TRINITY_DN32120_c0_g1_i2.p1,-0.127942548257222
TRINITY_DN79203_c1_g2_i1.p1,-0.313072674242507
TRINITY_DN14783_c0_g1_i1.p1,0.303498559525823
TRINITY_DN163751_c0_g1_i1.p1,-0.12512317175403
TRINITY_DN211_c0_g1_i12.p1,0.171635357393492
TRINITY_DN7934_c0_g1_i1.p1,0.132036674221487
TRINITY_DN9516_c0_g1_i4.p1,0.344908151047048
TRINITY_DN9928_c0_g1_i1.p1,0.156243021940941
TRINITY_DN5802_c0_g1_i1.p1,-0.189755437269673
TRINITY_DN359_c0_g1_i52.p1,0.174838965245519
TRINITY_DN30678_c0_g1_i2.p1,-0.0753742867016202
TRINITY_DN14779_c0_g1_i2.p1,-0.213133123840669
TRINITY_DN4433_c0_g1_i7.p1,-0.17110416977738
TRINITY_DN4538_c0_g2_i1.p1,0.649712724830983
TRINITY_DN4799_c0_g1_i1.p1,0.246241363541533
TRINITY_DN642_c0_g1_i11.p1,-0.275173299053289
TRINITY_DN19161_c0_g5_i1.p1,-0.0886303915087347
TRINITY_DN42772_c0_g1_i4.p1,0.15403377825929
TRINITY_DN6843_c0_g1_i5.p1,-0.258889220905427
TRINITY_DN1270_c0_g1_i5.p1,-0.275164375421346
TRINITY_DN15392_c0_g1_i1.p1,-0.228506562556813
TRINITY_DN161285_c0_g1_i1.p1,0.351547928426881
TRINITY_DN17491_c0_g2_i2.p3,0.435685382018751
TRINITY_DN19844_c0_g1_i1.p1,0.120016400678633
TRINITY_DN2535_c0_g1_i1.p1,-0.264017101243738
TRINITY_DN25784_c3_g1_i1.p1,0.36584807974692
TRINITY_DN29182_c0_g1_i1.p1,-0.233031708827401
TRINITY_DN44646_c0_g2_i1.p1,0.382108693104391
TRINITY_DN67568_c0_g1_i1.p1,-0.33105046612669
TRINITY_DN7247_c0_g1_i1.p1,-0.0944556670937237
TRINITY_DN7627_c0_g1_i21.p1,0.202692126964479
TRINITY_DN7799_c0_g1_i1.p1,0.105880206909592
TRINITY_DN8905_c0_g1_i2.p1,-0.136212615732699
TRINITY_DN1673_c1_g1_i1.p1,0.254501291689928
TRINITY_DN12534_c1_g1_i2.p1,0.201214252260841
TRINITY_DN22676_c0_g1_i1.p1,0.259388939568502
TRINITY_DN6248_c2_g1_i1.p1,-0.418453455365168
TRINITY_DN2114_c0_g1_i3.p1,-0.531460374182839
TRINITY_DN1304_c0_g1_i149.p1,0.353039951490465
TRINITY_DN15106_c0_g1_i1.p1,0.168045217495987
TRINITY_DN3942_c0_g2_i2.p2,-0.34183720468162
TRINITY_DN1238_c12_g1_i1.p1,0.320947879880114
TRINITY_DN1662_c0_g1_i3.p1,-0.289096465781143
TRINITY_DN18718_c1_g1_i1.p1,-0.380357958685722
TRINITY_DN1884_c0_g1_i8.p1,0.146217232020556
TRINITY_DN21071_c0_g1_i10.p1,-0.22019613720121
TRINITY_DN25866_c0_g1_i1.p1,-0.400049164719666
TRINITY_DN27529_c0_g1_i2.p1,-0.126572638606088
TRINITY_DN275_c8_g1_i5.p1,0.293776991543998
TRINITY_DN3499_c0_g2_i16.p1,0.155851976935194
TRINITY_DN5595_c0_g1_i1.p1,0.104637114933086
TRINITY_DN640_c0_g1_i2.p1,-0.253898632325539
TRINITY_DN695_c0_g2_i1.p1,-1.68107589309185
TRINITY_DN7104_c0_g1_i7.p1,0.187198273009071
TRINITY_DN7418_c0_g1_i1.p1,0.254777994726923
TRINITY_DN90762_c0_g1_i1.p1,-0.237879412470283
TRINITY_DN4239_c0_g2_i1.p1,0.360597157822238
TRINITY_DN9702_c0_g1_i1.p1,-0.356259414653223
TRINITY_DN19902_c1_g1_i1.p1,-0.294876831542825
TRINITY_DN7520_c0_g1_i6.p1,-0.450689502784941
TRINITY_DN14314_c0_g4_i1.p1,-0.144760698824477
TRINITY_DN8216_c0_g1_i1.p1,-0.160375178348066
TRINITY_DN5270_c0_g1_i3.p1,-0.171926410130056
TRINITY_DN40707_c0_g4_i1.p1,-0.183108606659504
TRINITY_DN265_c0_g1_i2.p1,-0.36057638180947
TRINITY_DN10790_c0_g1_i1.p1,-0.40721917417473
TRINITY_DN13872_c0_g1_i1.p1,-0.20899810011675
TRINITY_DN24092_c0_g1_i2.p1,0.196853891368014
TRINITY_DN272_c0_g1_i8.p1,0.130248196936256
TRINITY_DN4401_c0_g2_i1.p1,-0.366321204854784
TRINITY_DN4516_c1_g1_i1.p1,0.134719164967799
TRINITY_DN7326_c3_g1_i1.p1,-0.150550338841394
TRINITY_DN7429_c0_g1_i49.p1,0.360743771763884
TRINITY_DN2893_c0_g1_i15.p1,0.273058057201557
TRINITY_DN3235_c0_g2_i2.p1,0.177914771205568
TRINITY_DN3349_c0_g1_i22.p1,0.288505809954102
TRINITY_DN45081_c0_g2_i1.p1,0.432538905315782
TRINITY_DN6840_c0_g2_i2.p1,0.231859643594356
TRINITY_DN10397_c0_g1_i1.p1,-0.194145443909104
TRINITY_DN21346_c0_g1_i3.p1,0.305441115959564
TRINITY_DN3075_c10_g1_i1.p1,-0.121214892405667
TRINITY_DN108_c0_g1_i2.p1,-0.421347201297243
TRINITY_DN14837_c0_g1_i61.p1,0.389166007062356
TRINITY_DN14870_c4_g1_i1.p1,-0.151323917037131
TRINITY_DN16088_c0_g2_i1.p1,0.339965757749389
TRINITY_DN18996_c0_g1_i2.p1,-0.289083010330945
TRINITY_DN2283_c0_g1_i2.p1,0.31877583404556
TRINITY_DN2892_c0_g1_i18.p1,-0.563387212737424
TRINITY_DN33628_c0_g1_i3.p1,-0.258831302072505
TRINITY_DN3779_c0_g1_i1.p1,-0.317683330265582
TRINITY_DN43_c0_g1_i4.p1,-0.215657738407711
TRINITY_DN44_c0_g2_i1.p1,0.414454933004028
TRINITY_DN45476_c0_g1_i10.p1,-0.575623147480428
TRINITY_DN4752_c0_g3_i1.p1,-0.150245048123417
TRINITY_DN48384_c0_g2_i2.p1,-0.315134643407534
TRINITY_DN53091_c0_g1_i1.p1,0.233904075145853
TRINITY_DN5516_c0_g3_i1.p1,0.352071130240901
TRINITY_DN61566_c0_g1_i4.p1,-0.314106642263383
TRINITY_DN6251_c0_g1_i1.p1,0.482381766251921
TRINITY_DN883_c0_g1_i3.p1,0.408474757108546
TRINITY_DN9067_c1_g1_i3.p1,0.105752479711804
TRINITY_DN13572_c0_g1_i1.p1,-0.11343921404112
TRINITY_DN8671_c1_g3_i2.p1,0.183131039273026
TRINITY_DN10916_c0_g1_i3.p1,0.141645875581175
TRINITY_DN25412_c0_g1_i2.p1,0.303082908143248
TRINITY_DN10931_c0_g1_i2.p1,0.646321143156416
TRINITY_DN12539_c0_g1_i1.p1,-0.142183821911234
TRINITY_DN17014_c0_g1_i2.p1,0.346299163650231
TRINITY_DN30883_c0_g1_i3.p1,-0.188060114557824
TRINITY_DN3972_c0_g1_i10.p1,0.351615226616693
TRINITY_DN48394_c0_g2_i1.p2,-0.365150056006238
TRINITY_DN8433_c0_g1_i6.p1,0.392092133463633
TRINITY_DN11362_c0_g1_i2.p1,0.447650154186341
TRINITY_DN2012_c36_g1_i1.p1,0.103711532068164
TRINITY_DN2505_c0_g1_i2.p1,0.449079594961538
TRINITY_DN34400_c1_g1_i4.p1,-0.30960997340773
TRINITY_DN38445_c0_g1_i1.p1,0.0918497064490378
TRINITY_DN43986_c1_g1_i1.p1,0.360632516208917
TRINITY_DN110_c0_g1_i6.p1,0.15408871206213
TRINITY_DN1179_c4_g1_i1.p1,0.236338128683103
TRINITY_DN1350_c0_g1_i6.p1,0.230876225164318
TRINITY_DN1452_c0_g2_i1.p1,0.477104804785132
TRINITY_DN14802_c0_g1_i7.p1,-0.274970306054639
TRINITY_DN1502_c1_g1_i4.p1,0.149889548010649
TRINITY_DN1532_c4_g1_i3.p1,-0.401635641665359
TRINITY_DN1725_c1_g1_i30.p1,-0.537650672314607
TRINITY_DN17393_c0_g1_i1.p1,0.0850061216683058
TRINITY_DN1795_c0_g1_i35.p1,-0.308424041172379
TRINITY_DN18554_c1_g5_i1.p1,-0.188648068867141
TRINITY_DN18900_c0_g3_i2.p1,-0.230444422207525
TRINITY_DN1970_c0_g1_i1.p1,0.396870269657597
TRINITY_DN210_c11_g1_i1.p1,0.116715218696655
TRINITY_DN22804_c0_g1_i1.p1,-0.305945385672151
TRINITY_DN24481_c0_g1_i32.p1,-0.292098417743695
TRINITY_DN2520_c0_g1_i1.p1,0.182564668916642
TRINITY_DN2821_c0_g1_i1.p1,0.166722988571775
TRINITY_DN3664_c1_g1_i12.p1,0.168451798960756
TRINITY_DN4663_c0_g1_i13.p1,0.436434876936752
TRINITY_DN4832_c0_g1_i7.p1,-0.566923307020471
TRINITY_DN484_c0_g1_i8.p1,0.26678228261696
TRINITY_DN50083_c0_g1_i2.p1,-0.304955873691442
TRINITY_DN60_c1_g1_i3.p1,-0.545724168394914
TRINITY_DN6682_c0_g1_i2.p1,-0.0762223294029493
TRINITY_DN7312_c0_g1_i1.p1,-0.242172862208658
TRINITY_DN7667_c0_g1_i7.p1,-0.150286673581705
TRINITY_DN7722_c0_g1_i5.p1,-0.198791636998616
TRINITY_DN8838_c0_g1_i4.p1,-0.366780300378977
TRINITY_DN97810_c0_g1_i1.p1,0.170901591135798
TRINITY_DN1582_c0_g1_i1.p1,0.372365212118194
TRINITY_DN5803_c0_g1_i1.p1,0.110209824829022
TRINITY_DN700_c1_g3_i1.p1,0.134573220461883
TRINITY_DN36329_c0_g2_i2.p1,0.358098282593493
TRINITY_DN4000_c0_g1_i5.p1,-0.13912289409738
TRINITY_DN9440_c0_g1_i1.p1,0.174231975444761
TRINITY_DN9735_c0_g1_i1.p1,-0.171105635557564
TRINITY_DN1213_c1_g1_i30.p1,-0.174564721351111
TRINITY_DN13909_c0_g1_i4.p1,0.177329820122592
TRINITY_DN145052_c0_g1_i1.p1,-0.102519205386404
TRINITY_DN16327_c1_g1_i3.p1,0.171531182172482
TRINITY_DN20362_c0_g1_i6.p1,-0.194672868044104
TRINITY_DN3256_c0_g1_i1.p1,-0.111095567017615
TRINITY_DN33008_c0_g1_i1.p1,-0.130105380135158
TRINITY_DN3839_c0_g4_i3.p1,-0.150402136894529
TRINITY_DN4843_c0_g1_i2.p1,-0.237566625653112
TRINITY_DN4965_c0_g1_i1.p1,-0.0786781034150571
TRINITY_DN5307_c0_g1_i1.p1,0.196819700981461
TRINITY_DN5474_c1_g1_i1.p1,-0.0841959575870186
TRINITY_DN58055_c0_g1_i1.p1,0.340747721143571
TRINITY_DN8042_c0_g1_i5.p1,0.142510192618306
TRINITY_DN8710_c1_g1_i1.p1,0.332287092862431
TRINITY_DN8944_c0_g1_i3.p1,0.262244107288549
TRINITY_DN9429_c2_g1_i2.p1,-0.247430355674816
TRINITY_DN1117_c0_g1_i16.p2,0.289426532868375
TRINITY_DN1357_c0_g1_i4.p1,0.130281111165466
TRINITY_DN14939_c0_g5_i1.p1,-0.143547870020068
TRINITY_DN14964_c0_g1_i5.p1,-0.50960582622114
TRINITY_DN21382_c0_g1_i1.p1,0.126282801247532
TRINITY_DN2242_c0_g1_i1.p1,-0.291124731532323
TRINITY_DN230_c1_g1_i2.p1,-0.152708152381911
TRINITY_DN8975_c0_g1_i2.p1,-0.263790374086896
TRINITY_DN70_c0_g1_i1.p1,-1.44973442544985
TRINITY_DN17674_c0_g1_i1.p1,-0.161352185776734
TRINITY_DN3524_c0_g2_i3.p1,0.125919349098193
TRINITY_DN9098_c0_g2_i1.p1,-0.108793985903737
TRINITY_DN96376_c0_g1_i1.p1,-0.703275468331124
TRINITY_DN1489_c1_g1_i16.p1,-0.565147382662982
TRINITY_DN12514_c0_g1_i3.p1,0.527929991335422
TRINITY_DN580_c0_g1_i2.p1,0.260562788411261
TRINITY_DN10809_c0_g1_i5.p1,0.314499435470813
TRINITY_DN55057_c0_g2_i1.p1,0.140116550716397
TRINITY_DN96_c0_g1_i1.p1,-0.44104959788823
TRINITY_DN113415_c0_g1_i1.p1,0.16359501432533
TRINITY_DN24075_c0_g1_i1.p1,0.18446846142503
TRINITY_DN26708_c0_g3_i6.p1,0.357085367899886
TRINITY_DN4196_c0_g1_i1.p1,0.166683390133801
TRINITY_DN9698_c0_g1_i2.p1,-0.49625266066495
TRINITY_DN9891_c3_g1_i3.p1,0.135279386359439
TRINITY_DN16589_c0_g2_i1.p1,-0.31417239030143
TRINITY_DN1322_c0_g1_i5.p1,-0.573686025177357
TRINITY_DN146608_c0_g1_i1.p1,0.266371548694581
TRINITY_DN1901_c0_g1_i8.p1,0.267384697839035
TRINITY_DN27098_c0_g1_i1.p1,-0.228500686954756
TRINITY_DN3057_c0_g1_i1.p1,-0.10578241141816
TRINITY_DN4812_c0_g2_i1.p1,0.28576427389605
TRINITY_DN511_c0_g1_i42.p1,0.137310680427753
TRINITY_DN687_c2_g1_i6.p1,-0.343245965626382
TRINITY_DN87207_c0_g1_i4.p1,0.280327787631306
TRINITY_DN965_c1_g2_i1.p1,0.370423335707514
TRINITY_DN8246_c0_g1_i3.p1,-0.338257750758322
TRINITY_DN2986_c0_g1_i12.p1,-0.427767918421105
TRINITY_DN42663_c0_g1_i3.p1,0.452706547181784
TRINITY_DN112642_c0_g1_i1.p1,0.185992841621436
TRINITY_DN12436_c0_g1_i3.p1,0.561768515392689
TRINITY_DN22405_c1_g2_i1.p2,-0.350901428473521
TRINITY_DN13116_c0_g2_i5.p1,0.417452546658408
TRINITY_DN15282_c0_g1_i1.p1,0.17964450682127
TRINITY_DN19379_c0_g1_i1.p1,-0.223360805104224
TRINITY_DN57963_c0_g1_i9.p1,-0.522769516705236
TRINITY_DN7823_c0_g3_i1.p1,0.267420365357845
TRINITY_DN8898_c0_g1_i35.p1,0.267389710826598
TRINITY_DN1262_c8_g1_i1.p2,-0.34421212503743
TRINITY_DN13076_c0_g1_i1.p1,-0.250005063642663
TRINITY_DN1786_c0_g1_i1.p1,-0.15868154886291
TRINITY_DN2037_c10_g1_i1.p1,0.188467679054332
TRINITY_DN2134_c1_g1_i1.p1,-0.0747092935549019
TRINITY_DN231_c0_g1_i1.p1,-0.47473721680151
TRINITY_DN23512_c0_g1_i1.p1,0.132011295230619
TRINITY_DN275_c1_g1_i13.p1,-0.381163110298336
TRINITY_DN27_c0_g1_i3.p1,0.182742344473066
TRINITY_DN39482_c0_g1_i1.p1,0.182886527644305
TRINITY_DN40651_c0_g1_i1.p1,-0.151895630990918
TRINITY_DN4477_c2_g1_i1.p1,0.354202660187558
TRINITY_DN5151_c0_g1_i2.p1,-0.106091859714451
TRINITY_DN6617_c17_g1_i1.p1,-0.26042958372195
TRINITY_DN68111_c0_g1_i8.p1,-0.280916133886672
TRINITY_DN6949_c0_g1_i1.p1,-0.195643790651492
TRINITY_DN8246_c2_g2_i4.p1,-0.202444591791603
TRINITY_DN99946_c0_g1_i1.p1,-0.184017085012774
TRINITY_DN101344_c0_g1_i1.p1,-0.306600786275887
TRINITY_DN1085_c1_g1_i1.p1,-0.145037209258389
TRINITY_DN117485_c0_g1_i1.p1,-0.12184801193646
TRINITY_DN126_c0_g1_i10.p1,-0.152161712642107
TRINITY_DN14402_c2_g1_i1.p1,0.369787112391992
TRINITY_DN265_c0_g1_i3.p1,0.397207667515284
TRINITY_DN31237_c0_g1_i1.p1,-0.130997470390115
TRINITY_DN377_c0_g1_i1.p1,-0.134165161920475
TRINITY_DN38358_c0_g2_i4.p1,0.188722238522949
TRINITY_DN3860_c0_g1_i6.p1,-0.21294631192406
TRINITY_DN44163_c0_g1_i18.p1,-0.13493571772457
TRINITY_DN4596_c0_g1_i2.p1,0.256614835483889
TRINITY_DN5055_c0_g1_i3.p1,-0.228388120197071
TRINITY_DN5437_c0_g1_i1.p1,-0.254235308861389
TRINITY_DN5628_c0_g1_i1.p1,0.138759465119334
TRINITY_DN5879_c0_g5_i2.p1,-0.150227530126733
TRINITY_DN5909_c0_g1_i1.p1,0.168382034892626
TRINITY_DN60512_c0_g1_i11.p1,-0.253929287850386
TRINITY_DN688_c0_g1_i2.p1,-0.150231713791098
TRINITY_DN7442_c0_g1_i49.p1,0.516428949443395
TRINITY_DN877_c0_g3_i2.p1,-0.102715993757026
TRINITY_DN9357_c0_g1_i7.p1,0.286547326904351
TRINITY_DN130352_c0_g1_i1.p1,-0.284196750035295
TRINITY_DN19855_c0_g1_i1.p1,-0.257317651520481
TRINITY_DN730_c0_g1_i85.p1,-0.194466429308198
TRINITY_DN8148_c0_g2_i1.p1,-0.143341326060657
TRINITY_DN15314_c0_g1_i1.p1,-0.119551899189158
TRINITY_DN16187_c0_g2_i1.p1,0.6301658163841
TRINITY_DN2037_c3_g1_i1.p1,0.394444000908131
TRINITY_DN2241_c0_g1_i1.p1,0.344446753551097
TRINITY_DN23752_c0_g1_i1.p1,-0.155605260464018
TRINITY_DN2580_c0_g1_i1.p1,0.160319161850283
TRINITY_DN27291_c0_g1_i25.p1,-0.423754509082718
TRINITY_DN423_c0_g1_i2.p1,0.190212626405511
TRINITY_DN5720_c0_g1_i6.p1,-0.158840050976936
TRINITY_DN5933_c1_g1_i1.p1,-0.168904773324768
TRINITY_DN6564_c0_g1_i1.p1,-0.199774801990965
TRINITY_DN2672_c0_g1_i55.p1,-0.290521986577731
TRINITY_DN38012_c0_g1_i2.p1,0.301226693537375
TRINITY_DN25531_c0_g1_i10.p1,0.381736832420843
TRINITY_DN3529_c0_g1_i15.p1,-0.269676535414019
TRINITY_DN4345_c0_g1_i4.p1,0.392282102608353
TRINITY_DN1070_c0_g1_i1.p1,-0.194690786079866
TRINITY_DN11644_c0_g1_i2.p1,-0.15208536845393
TRINITY_DN127_c0_g1_i2.p1,-0.220205051076653
TRINITY_DN17201_c0_g3_i1.p1,-0.242531896175824
TRINITY_DN2363_c0_g2_i1.p1,0.214861342163426
TRINITY_DN4036_c0_g3_i1.p1,-0.343735121986977
TRINITY_DN146737_c0_g1_i1.p1,0.34377597421342
TRINITY_DN6577_c0_g1_i2.p1,0.153255834391573
TRINITY_DN32067_c0_g1_i1.p1,0.101587842021561
TRINITY_DN7477_c0_g1_i4.p1,-0.0999776949098522
TRINITY_DN19406_c0_g1_i2.p1,-0.231234160652733
TRINITY_DN27474_c0_g1_i32.p1,0.427145769100357
TRINITY_DN3787_c0_g1_i3.p1,-0.369443707109943
TRINITY_DN6439_c2_g2_i3.p1,0.216223926013539
TRINITY_DN10117_c0_g1_i3.p1,0.231715169675204
TRINITY_DN10810_c0_g1_i4.p1,0.294054959844045
TRINITY_DN1167_c2_g1_i2.p1,0.149887065952897
TRINITY_DN1217_c0_g1_i12.p1,-0.115051480856659
TRINITY_DN144774_c0_g1_i1.p1,-0.0990258755669472
TRINITY_DN14516_c1_g1_i1.p1,0.243984264890772
TRINITY_DN145468_c0_g1_i1.p1,-0.278538031482633
TRINITY_DN14821_c0_g1_i2.p1,-0.522223852190957
TRINITY_DN166_c0_g1_i91.p1,0.201595628087646
TRINITY_DN16792_c0_g2_i1.p1,-0.106764579473281
TRINITY_DN177587_c0_g1_i1.p1,0.116151887336396
TRINITY_DN18435_c1_g1_i1.p1,0.297793981733896
TRINITY_DN2198_c1_g1_i1.p1,-0.0676983280312827
TRINITY_DN22178_c0_g1_i17.p1,0.350622845268739
TRINITY_DN2945_c0_g1_i7.p1,-0.348295675052487
TRINITY_DN31081_c0_g1_i2.p1,0.147369398445133
TRINITY_DN35780_c0_g1_i1.p1,0.17360652144715
TRINITY_DN36076_c0_g1_i1.p1,0.299463026498382
TRINITY_DN3825_c0_g1_i1.p1,0.320583213580666
TRINITY_DN4120_c1_g1_i2.p1,0.187741261760085
TRINITY_DN4271_c0_g7_i1.p1,0.123511460338807
TRINITY_DN4292_c2_g1_i3.p1,-0.136188700983017
TRINITY_DN4312_c0_g1_i2.p1,-0.217936783214288
TRINITY_DN4843_c1_g1_i1.p1,-0.177912075128424
TRINITY_DN537_c0_g1_i1.p1,-0.406971954484512
TRINITY_DN5432_c0_g1_i16.p1,-0.394446696320827
TRINITY_DN54916_c0_g1_i1.p1,-0.0861278448903612
TRINITY_DN5732_c0_g1_i1.p1,0.310131758849025
TRINITY_DN659_c2_g3_i2.p1,0.102825173651268
TRINITY_DN6737_c2_g1_i2.p1,0.176193868357526
TRINITY_DN6762_c1_g4_i1.p1,0.661260169689625
TRINITY_DN69785_c0_g1_i2.p1,0.167611596634964
TRINITY_DN71_c0_g1_i1.p1,-0.0902388879526641
TRINITY_DN73449_c0_g1_i3.p1,-0.120667922540666
TRINITY_DN8636_c0_g1_i3.p1,-0.425088659862383
TRINITY_DN870_c13_g1_i1.p1,0.0980179919540203
TRINITY_DN8856_c0_g2_i5.p1,-0.370556672638475
TRINITY_DN8879_c4_g2_i1.p1,0.387628488472313
TRINITY_DN90886_c0_g1_i3.p1,0.254274531452444
TRINITY_DN9438_c1_g1_i2.p1,0.26291597377605
TRINITY_DN96603_c0_g1_i1.p1,0.106554775053229
TRINITY_DN9751_c0_g1_i1.p2,-0.145042769488244
TRINITY_DN4354_c0_g1_i3.p1,0.431968687146579
TRINITY_DN10195_c0_g4_i3.p1,0.345321048237129
TRINITY_DN10361_c0_g1_i4.p1,-0.129486258615974
TRINITY_DN10551_c0_g1_i2.p1,0.0871331495143227
TRINITY_DN11598_c0_g1_i2.p1,-0.25184422240871
TRINITY_DN13468_c2_g1_i1.p1,-0.196510723510456
TRINITY_DN16019_c0_g1_i2.p1,0.540421355860898
TRINITY_DN162151_c0_g1_i1.p1,0.0994095167352164
TRINITY_DN20895_c0_g1_i1.p1,0.348749796429131
TRINITY_DN21259_c0_g2_i4.p1,0.0946795179107319
TRINITY_DN2429_c0_g1_i6.p1,0.301703431724604
TRINITY_DN2591_c0_g1_i1.p1,-0.107380603617585
TRINITY_DN3012_c1_g1_i1.p1,0.333715894485851
TRINITY_DN3244_c0_g2_i1.p2,-0.285682759857956
TRINITY_DN34447_c0_g1_i3.p1,-0.265636409186116
TRINITY_DN35768_c0_g1_i3.p1,-0.142083585469472
TRINITY_DN5732_c0_g1_i3.p1,0.207929241317904
TRINITY_DN5847_c0_g1_i6.p1,0.180693229373288
TRINITY_DN60152_c3_g1_i1.p1,0.349798754374787
TRINITY_DN62_c4_g3_i3.p1,0.184594203848133
TRINITY_DN6855_c2_g1_i2.p1,0.47978045112691
TRINITY_DN70_c0_g1_i2.p1,0.91961851256701
TRINITY_DN725_c5_g1_i1.p1,-0.0818476395239904
TRINITY_DN747_c1_g2_i1.p1,-0.229326070230075
TRINITY_DN7856_c6_g1_i1.p1,0.139342729955148
TRINITY_DN1027_c1_g1_i5.p1,0.303973813479596
TRINITY_DN13409_c1_g1_i1.p1,-0.378665366852703
TRINITY_DN16322_c0_g1_i1.p1,-0.0965660869453422
TRINITY_DN962_c2_g2_i1.p1,-0.271366627126053
TRINITY_DN14747_c2_g1_i1.p1,-0.159393628796292
TRINITY_DN24264_c0_g1_i2.p1,0.411401756091746
TRINITY_DN25131_c0_g1_i2.p1,-0.106573406876313
TRINITY_DN31263_c0_g1_i1.p1,-0.512181458208679
TRINITY_DN3149_c0_g1_i11.p1,0.254612483224848
TRINITY_DN40254_c0_g2_i6.p1,0.347807231944412
TRINITY_DN46_c4_g1_i1.p1,0.136661806365265
TRINITY_DN6129_c0_g2_i1.p1,-0.325808361975794
TRINITY_DN6514_c0_g1_i2.p1,-0.349651044252023
TRINITY_DN12368_c0_g1_i1.p1,0.128729341809666
TRINITY_DN15593_c0_g1_i1.p1,0.218637671076073
TRINITY_DN242_c0_g1_i9.p1,0.254874406064109
TRINITY_DN96_c0_g1_i17.p1,0.240547181801232
TRINITY_DN178689_c0_g1_i1.p1,-0.276235981095929
TRINITY_DN3921_c0_g1_i8.p1,0.801368072460706
TRINITY_DN6589_c0_g1_i2.p1,0.293203581328065
TRINITY_DN23930_c0_g1_i4.p1,0.409770625583332
TRINITY_DN7737_c0_g1_i2.p1,0.0907179296992204
TRINITY_DN22892_c1_g3_i3.p1,0.308288284444545
TRINITY_DN825_c0_g1_i42.p1,0.265186324155407
TRINITY_DN17992_c0_g2_i1.p1,-0.301537611747751
TRINITY_DN27433_c0_g1_i1.p1,-0.324048212488206
TRINITY_DN542_c0_g1_i1.p1,-0.263783070472438
TRINITY_DN7600_c0_g1_i1.p1,-0.121551451686689
TRINITY_DN2258_c2_g1_i1.p1,0.231159273547738
TRINITY_DN10121_c0_g1_i3.p1,-0.130726367132185
TRINITY_DN1027_c7_g1_i1.p1,0.26568210166536
TRINITY_DN10709_c0_g1_i6.p1,-0.34754945693605
TRINITY_DN112198_c0_g1_i1.p1,0.251915650601226
TRINITY_DN1632_c0_g1_i16.p1,0.128640601353616
TRINITY_DN1694_c0_g1_i19.p1,-0.437737940640605
TRINITY_DN17529_c0_g1_i8.p1,0.155591780920272
TRINITY_DN1875_c0_g1_i11.p1,0.237160025838842
TRINITY_DN21352_c0_g1_i2.p1,-0.116515830735364
TRINITY_DN25971_c0_g1_i1.p1,-0.22223294267187
TRINITY_DN26801_c0_g1_i1.p1,0.401881193410651
TRINITY_DN311_c0_g1_i6.p1,0.161029907468853
TRINITY_DN4001_c0_g3_i1.p2,-0.40365965409347
TRINITY_DN4209_c2_g1_i2.p1,0.103304256723494
TRINITY_DN4666_c2_g1_i1.p1,0.223198145825683
TRINITY_DN5340_c0_g2_i2.p1,0.349644567754897
TRINITY_DN6473_c1_g1_i3.p1,-0.231190390753128
TRINITY_DN64877_c0_g1_i2.p1,0.285176238838349
TRINITY_DN9086_c0_g1_i8.p1,0.146392224564272
TRINITY_DN10102_c0_g1_i1.p1,-0.587170988818213
TRINITY_DN16211_c0_g1_i1.p1,0.136490506508972
TRINITY_DN29377_c0_g1_i6.p1,0.239854246077627
TRINITY_DN5611_c0_g1_i1.p1,0.276792994832407
TRINITY_DN58403_c1_g1_i1.p1,-0.108798674385803
TRINITY_DN10392_c0_g1_i3.p1,-0.146256125246268
TRINITY_DN1587_c0_g1_i2.p1,0.165903351600103
TRINITY_DN1703_c0_g1_i6.p1,0.477919463578997
TRINITY_DN25758_c0_g1_i1.p1,-0.0878575127856073
TRINITY_DN128885_c0_g1_i3.p1,0.21980616415356
TRINITY_DN484_c0_g1_i36.p1,0.201063888525734
TRINITY_DN6222_c0_g1_i3.p1,-0.172507724417063
TRINITY_DN688_c0_g1_i3.p1,-0.269204757900943
TRINITY_DN2746_c0_g1_i12.p1,-0.168941517484061
TRINITY_DN5164_c0_g1_i6.p1,0.42691122339973
TRINITY_DN1154_c0_g1_i7.p1,0.185103292507665
TRINITY_DN253_c1_g1_i2.p1,-0.186256751163684
TRINITY_DN28654_c4_g1_i1.p1,1.23630404641582
TRINITY_DN3354_c0_g1_i2.p1,0.211925017695336
TRINITY_DN4708_c0_g1_i37.p1,0.305291373816016
TRINITY_DN554_c0_g1_i4.p1,0.0776190044391864
TRINITY_DN10711_c0_g1_i12.p1,0.623701338830565
TRINITY_DN1894_c0_g1_i55.p1,-0.743092236829307
TRINITY_DN861_c0_g1_i8.p1,0.348699863471581
TRINITY_DN10407_c0_g1_i2.p1,-0.178832476949276
TRINITY_DN19332_c1_g1_i14.p1,0.358094544986692
TRINITY_DN10084_c1_g2_i1.p1,-0.298597362614654
TRINITY_DN18971_c0_g1_i1.p1,0.309799899032947
TRINITY_DN3444_c0_g1_i31.p1,0.245588775448276
TRINITY_DN1046_c2_g1_i8.p1,0.308719866239714
TRINITY_DN10378_c1_g1_i1.p1,-0.091471730653217
TRINITY_DN8038_c0_g1_i6.p1,-0.286385440878546
TRINITY_DN285_c1_g1_i1.p1,-0.286735560444721
TRINITY_DN10224_c1_g1_i2.p1,-0.247696398531555
TRINITY_DN837_c0_g1_i34.p1,0.231701549356713
TRINITY_DN19996_c2_g1_i1.p1,-0.148981874371163
TRINITY_DN4273_c0_g3_i4.p1,0.189909651848288
TRINITY_DN16413_c0_g1_i1.p1,-0.277321242644662
TRINITY_DN24442_c0_g1_i1.p1,-0.329708608218901
TRINITY_DN3149_c0_g1_i19.p1,0.184653807842715
TRINITY_DN4393_c0_g1_i4.p1,0.130833288380674
TRINITY_DN14542_c0_g1_i1.p1,0.0892747878439284
TRINITY_DN14614_c0_g1_i7.p1,0.16813288391869
TRINITY_DN20004_c5_g1_i1.p1,0.357073163534114
TRINITY_DN2825_c2_g1_i1.p1,0.0532574433504939
TRINITY_DN28409_c0_g1_i1.p1,-0.136220994732225
TRINITY_DN3312_c3_g1_i1.p1,0.45069441377101
TRINITY_DN35546_c0_g1_i35.p1,-0.408039703565991
TRINITY_DN36354_c0_g1_i3.p1,-0.424689628032587
TRINITY_DN6862_c0_g1_i1.p1,0.323486419480431
TRINITY_DN1589_c3_g4_i1.p1,-0.206762916809022
TRINITY_DN5375_c0_g2_i2.p1,-0.256090651009041
TRINITY_DN81845_c0_g1_i10.p1,0.346263814343928
TRINITY_DN2801_c0_g1_i18.p1,-0.404249063280309
TRINITY_DN860_c0_g1_i1.p1,-0.319706516574914
TRINITY_DN53835_c0_g1_i1.p1,0.326605828645449
TRINITY_DN9559_c0_g1_i1.p1,0.0860046677396713
TRINITY_DN16297_c2_g1_i3.p1,0.370511061335012
TRINITY_DN6247_c0_g1_i6.p1,0.244544660004416
TRINITY_DN14799_c0_g1_i1.p1,0.44434681774761
TRINITY_DN15239_c0_g1_i40.p1,0.352909007890169
TRINITY_DN23501_c0_g1_i20.p1,-0.229986894440813
TRINITY_DN2672_c0_g1_i49.p1,0.360111371702416
TRINITY_DN8727_c0_g1_i1.p1,0.0841548001994441
TRINITY_DN15070_c0_g1_i1.p1,0.103034119360743
TRINITY_DN11420_c0_g1_i1.p1,-0.790520244086457
TRINITY_DN44458_c0_g1_i1.p1,-0.129016605299887
TRINITY_DN39661_c0_g1_i3.p1,0.25781286586719
TRINITY_DN26867_c3_g1_i1.p1,-0.391506884276755
TRINITY_DN77942_c0_g1_i9.p1,0.198492176853062
TRINITY_DN1323_c0_g1_i5.p1,-0.358863844220753
TRINITY_DN55090_c0_g1_i3.p1,0.224853576580434
TRINITY_DN12323_c0_g1_i4.p1,0.291496094997968
TRINITY_DN2753_c0_g1_i5.p1,-0.464764023163746
TRINITY_DN48390_c0_g1_i2.p1,1.65255708687019
TRINITY_DN6838_c0_g1_i3.p1,-0.0723152594532404
TRINITY_DN871_c0_g1_i3.p1,-0.306823040381981
TRINITY_DN1725_c0_g1_i18.p1,0.224407027688672
TRINITY_DN17331_c0_g1_i3.p1,0.233243104518046
TRINITY_DN335_c1_g2_i2.p1,-0.241907210757139
TRINITY_DN79115_c0_g1_i2.p1,-0.205067382911149
TRINITY_DN10759_c0_g1_i1.p1,0.0706178293238372
TRINITY_DN3559_c0_g1_i2.p1,-0.0678590902927754
TRINITY_DN55022_c0_g1_i2.p1,0.361712013301922
TRINITY_DN49701_c0_g1_i2.p1,-0.611783754234138
TRINITY_DN1681_c0_g1_i45.p1,0.38440565358132
TRINITY_DN11774_c1_g2_i2.p1,-0.491001674873751
TRINITY_DN2116_c0_g1_i4.p1,0.183544150245448
TRINITY_DN4843_c0_g1_i7.p1,0.277747965394154
TRINITY_DN5828_c0_g1_i10.p1,-0.212947593295622
TRINITY_DN61711_c0_g1_i2.p1,0.216328220490471
TRINITY_DN69929_c1_g1_i2.p1,0.268655905816544
TRINITY_DN91031_c0_g1_i5.p1,0.378503104263294
TRINITY_DN542_c0_g3_i1.p1,-0.120474611882379
TRINITY_DN2913_c0_g1_i9.p1,0.160327575036569
TRINITY_DN681_c1_g1_i10.p1,-0.0972077340562965
TRINITY_DN1029_c1_g2_i4.p1,-0.583496493076896
TRINITY_DN13220_c0_g1_i4.p1,-0.118523224764262
TRINITY_DN16211_c2_g1_i2.p1,0.21676367740849
TRINITY_DN22537_c1_g2_i1.p1,-0.294066205689395
TRINITY_DN22958_c0_g2_i1.p1,-0.148943102917292
TRINITY_DN32296_c0_g1_i9.p1,0.195968849081562
TRINITY_DN13700_c2_g1_i1.p1,0.116701714728447
TRINITY_DN16985_c0_g1_i3.p1,-0.187287023816668
TRINITY_DN18554_c1_g6_i1.p1,0.27104535135232
TRINITY_DN19996_c0_g1_i5.p1,0.324626779285653
TRINITY_DN7830_c0_g1_i3.p1,-0.368137598815361
TRINITY_DN92599_c0_g1_i2.p1,-0.158825601971841
TRINITY_DN20800_c0_g1_i2.p1,-0.156356691802416
TRINITY_DN36062_c0_g1_i1.p1,-0.132614196281245
TRINITY_DN10247_c0_g1_i1.p1,-0.124170747162873
TRINITY_DN15158_c0_g1_i2.p1,-0.217082776337304
TRINITY_DN2507_c0_g1_i4.p1,-0.310173701213249
TRINITY_DN39076_c0_g1_i2.p1,0.186887067696705
TRINITY_DN632_c0_g1_i4.p1,-0.283253536095204
TRINITY_DN9220_c2_g1_i1.p1,-0.430919592955083
TRINITY_DN428_c0_g1_i2.p1,0.293432570775861
TRINITY_DN144946_c0_g1_i1.p1,-0.0886601876311671
TRINITY_DN11105_c0_g1_i1.p1,0.136297385489714
TRINITY_DN28675_c0_g3_i1.p1,0.38372427014625
TRINITY_DN23886_c1_g1_i1.p1,-0.179472571552659
TRINITY_DN3136_c3_g2_i5.p1,-0.368582310343177
TRINITY_DN18623_c0_g1_i1.p1,-0.388552896379552
TRINITY_DN1644_c0_g1_i33.p1,-0.617911458866326
TRINITY_DN19368_c0_g1_i1.p1,-0.437961559379416
TRINITY_DN1960_c0_g1_i19.p1,0.481760534266766
TRINITY_DN385_c3_g1_i1.p1,0.10582739639138
TRINITY_DN8548_c2_g3_i1.p1,0.142742364400654
TRINITY_DN12388_c0_g1_i2.p1,0.355654277036174
TRINITY_DN2391_c0_g1_i6.p1,0.203999800679324
TRINITY_DN5298_c0_g1_i3.p1,-0.209656516851902
TRINITY_DN1423_c5_g1_i1.p1,0.61813239105569
TRINITY_DN1407_c1_g1_i4.p1,-0.190061844589698
TRINITY_DN1787_c3_g2_i1.p1,-0.124061797895499
TRINITY_DN23225_c0_g1_i11.p1,-0.376889098083454
TRINITY_DN16125_c0_g1_i1.p1,-0.411477986167296
TRINITY_DN436_c0_g1_i3.p1,-0.264566656948479
TRINITY_DN690_c1_g2_i3.p1,-0.100165668174284
TRINITY_DN65193_c0_g1_i4.p1,-0.377442073137751
TRINITY_DN4562_c0_g1_i8.p1,-0.343438319312979
TRINITY_DN6370_c0_g1_i3.p1,0.35571368033057
TRINITY_DN1111_c0_g1_i3.p1,-0.223458128960903
TRINITY_DN127_c0_g2_i11.p1,0.191678484193611
TRINITY_DN162022_c0_g1_i1.p1,0.11278232079073
TRINITY_DN2216_c0_g2_i2.p1,-0.215989175503597
TRINITY_DN25393_c0_g1_i1.p1,0.222114035318824
TRINITY_DN274_c1_g1_i14.p1,-0.408737075474236
TRINITY_DN2858_c0_g1_i11.p1,0.30016128742162
TRINITY_DN33767_c0_g1_i1.p1,-0.388902461898495
TRINITY_DN3582_c1_g1_i1.p1,-0.251374264898713
TRINITY_DN42762_c0_g1_i5.p1,-0.198276290665645
TRINITY_DN16031_c0_g1_i23.p1,-0.237438408584677
TRINITY_DN103_c3_g1_i6.p1,-0.182452989937221
TRINITY_DN112150_c0_g1_i1.p1,0.401813052352572
TRINITY_DN11858_c1_g1_i1.p1,0.303584270665478
TRINITY_DN11975_c2_g1_i1.p1,-0.112599691420586
TRINITY_DN12573_c0_g1_i3.p1,-0.266594440920223
TRINITY_DN13585_c0_g1_i1.p1,0.172970292208251
TRINITY_DN161164_c0_g1_i1.p1,0.321922036689885
TRINITY_DN1763_c0_g1_i3.p1,0.231540258379501
TRINITY_DN1864_c1_g2_i1.p1,-0.306645025553522
TRINITY_DN19375_c0_g1_i2.p1,-0.202670924785786
TRINITY_DN20935_c0_g1_i1.p1,1.58607713436757
TRINITY_DN2408_c0_g1_i16.p1,-0.345541041620926
TRINITY_DN2544_c0_g1_i12.p1,-0.316742878559673
TRINITY_DN2754_c0_g1_i37.p1,-0.76772654884808
TRINITY_DN29711_c0_g1_i1.p1,-0.133325514573988
TRINITY_DN3270_c0_g1_i1.p1,0.244165691550724
TRINITY_DN3351_c0_g1_i1.p1,-0.246917033608375
TRINITY_DN34751_c0_g2_i1.p1,0.13719024796385
TRINITY_DN3535_c12_g1_i1.p1,0.215396706201505
TRINITY_DN3696_c1_g1_i1.p1,-0.151979424100657
TRINITY_DN37245_c0_g1_i2.p1,-0.166647655168266
TRINITY_DN382_c1_g1_i13.p1,0.282701502527302
TRINITY_DN4181_c0_g1_i1.p1,-0.103293271432154
TRINITY_DN4550_c1_g2_i3.p1,0.18611838777835
TRINITY_DN46105_c0_g4_i1.p1,0.25173878677008
TRINITY_DN5441_c0_g1_i1.p1,-0.15346041339408
TRINITY_DN579_c0_g3_i1.p1,0.169718195845789
TRINITY_DN6726_c0_g1_i2.p1,0.184020813027255
TRINITY_DN69001_c0_g1_i3.p1,0.257983857289604
TRINITY_DN7246_c0_g3_i5.p1,0.287491240564941
TRINITY_DN826_c1_g1_i117.p1,0.41718475732533
TRINITY_DN84149_c0_g1_i1.p1,-0.309230713840736
TRINITY_DN858_c2_g1_i7.p1,0.143863344325452
TRINITY_DN90603_c0_g1_i1.p1,-0.194325313552526
TRINITY_DN924_c0_g1_i2.p1,0.262054282784838
TRINITY_DN9419_c0_g1_i1.p1,-0.30622311230577
TRINITY_DN6502_c2_g1_i1.p1,0.255936536203098
TRINITY_DN69975_c0_g1_i3.p1,-0.263685541304213
TRINITY_DN17711_c0_g1_i1.p1,-0.199167422415344
TRINITY_DN1897_c0_g1_i1.p1,-0.139980114827476
TRINITY_DN2268_c2_g1_i2.p1,-0.533520754275792
TRINITY_DN18190_c0_g6_i1.p1,-0.332841911571592
TRINITY_DN2391_c0_g1_i3.p1,0.171688938544999
TRINITY_DN347_c2_g1_i3.p1,0.343520053272111
TRINITY_DN5516_c0_g3_i2.p1,0.228960203439206
TRINITY_DN7797_c0_g1_i3.p1,0.110830984086175
TRINITY_DN1142_c1_g1_i16.p1,0.3009687710929
TRINITY_DN11910_c1_g1_i1.p1,-0.218927619042771
TRINITY_DN12364_c0_g1_i11.p1,-0.447457662443094
TRINITY_DN144838_c0_g1_i1.p1,-0.532310585108101
TRINITY_DN16149_c0_g1_i1.p1,-0.280272215833595
TRINITY_DN20054_c0_g1_i5.p1,0.331863847358146
TRINITY_DN22866_c0_g1_i2.p1,-0.140241457663861
TRINITY_DN36012_c1_g1_i8.p1,0.231036807160202
TRINITY_DN4130_c0_g1_i1.p1,-0.129766457290085
TRINITY_DN5474_c2_g1_i2.p1,0.146241685659357
TRINITY_DN57854_c0_g2_i3.p1,-0.181747648780539
TRINITY_DN716_c5_g1_i3.p1,-0.213162336389658
TRINITY_DN860_c0_g1_i15.p1,0.249853839575206
TRINITY_DN8889_c0_g3_i1.p1,-0.100556215748822
TRINITY_DN8898_c0_g1_i4.p1,-0.314686209830506
TRINITY_DN9160_c0_g1_i1.p1,-0.300653783720979
TRINITY_DN15593_c4_g1_i1.p1,0.183600189936697
TRINITY_DN4885_c0_g1_i1.p1,-0.0603599687955603
TRINITY_DN979_c0_g1_i3.p1,-0.324814615132871
TRINITY_DN1069_c0_g1_i8.p1,-0.337175269503724
TRINITY_DN12756_c0_g1_i2.p1,0.404495143667564
TRINITY_DN127_c0_g3_i1.p1,0.154336343501797
TRINITY_DN21236_c0_g1_i2.p1,-0.425450856713744
TRINITY_DN3691_c0_g1_i24.p1,0.283382590071567
TRINITY_DN64372_c0_g1_i5.p1,0.205396323304485
TRINITY_DN7453_c0_g1_i3.p1,-0.119516795890013
TRINITY_DN8231_c0_g1_i1.p1,-0.195872975737879
TRINITY_DN9864_c0_g1_i8.p1,0.281741384348189
TRINITY_DN68_c1_g1_i16.p1,0.314991214690078
TRINITY_DN19143_c0_g1_i1.p1,0.240428477711739
TRINITY_DN1155_c3_g2_i3.p2,0.346167587294934
TRINITY_DN145641_c0_g1_i1.p1,-0.261968192101916
TRINITY_DN1583_c0_g1_i1.p1,0.300833183150872
TRINITY_DN6097_c0_g2_i1.p1,0.326089359323351
TRINITY_DN11667_c0_g2_i1.p1,0.367305871460579
TRINITY_DN12747_c0_g1_i2.p1,0.182525222344646
TRINITY_DN14194_c1_g2_i1.p1,-0.078268276901016
TRINITY_DN1477_c0_g3_i2.p1,-0.505173256713043
TRINITY_DN1984_c0_g1_i2.p1,0.615030891811792
TRINITY_DN206_c2_g1_i1.p1,-0.115309668319529
TRINITY_DN295_c4_g1_i1.p1,-0.148473814376152
TRINITY_DN55280_c0_g1_i1.p1,0.211957829795592
TRINITY_DN6305_c0_g1_i2.p1,0.321501657199591
TRINITY_DN803_c0_g1_i25.p1,-0.315900671021037
TRINITY_DN27292_c0_g1_i3.p1,-0.264359706083745
TRINITY_DN12410_c0_g1_i1.p1,-0.221246045940162
TRINITY_DN12657_c0_g3_i1.p2,0.289757286979953
TRINITY_DN162543_c0_g1_i1.p1,0.156103903868075
TRINITY_DN16808_c4_g1_i1.p1,-0.159292936080416
TRINITY_DN171_c0_g1_i34.p1,-0.215091697573927
TRINITY_DN30064_c0_g1_i1.p1,0.103825850726464
TRINITY_DN30428_c0_g1_i1.p1,1.45346426622516
TRINITY_DN6148_c0_g1_i2.p1,0.0602639582515335
TRINITY_DN697_c1_g1_i4.p1,-0.16555935178895
TRINITY_DN7504_c0_g1_i1.p1,0.201591334071976
TRINITY_DN22872_c0_g1_i1.p1,0.144794353950475
TRINITY_DN174_c0_g2_i13.p2,-0.563303122600401
TRINITY_DN9469_c0_g1_i2.p1,-0.243165539889218
TRINITY_DN3980_c0_g1_i6.p1,-0.145955199750822
TRINITY_DN23_c2_g3_i1.p1,0.110136347092093
TRINITY_DN90_c2_g1_i1.p1,0.198786305185147
TRINITY_DN24907_c0_g1_i3.p1,-0.0905713952306476
TRINITY_DN2362_c2_g1_i8.p1,0.450844988878219
TRINITY_DN36513_c0_g1_i7.p1,0.184856160368748
TRINITY_DN131_c2_g1_i1.p1,-0.158627297807468
TRINITY_DN170_c1_g1_i10.p1,-0.282351307911256
TRINITY_DN337_c0_g1_i7.p1,0.301088339357673
TRINITY_DN70157_c0_g1_i1.p1,-0.354924708195921
TRINITY_DN1186_c0_g2_i2.p1,-0.251472464386437
TRINITY_DN25777_c0_g1_i2.p1,0.39240139688593
TRINITY_DN8_c0_g1_i1.p1,0.207686028661748
TRINITY_DN12619_c0_g1_i4.p1,-0.221065867492818
TRINITY_DN6185_c0_g1_i4.p1,0.126159418125443
TRINITY_DN1489_c1_g1_i11.p1,0.222906133655358
TRINITY_DN40515_c0_g1_i1.p1,-0.366140368163549
TRINITY_DN1088_c2_g1_i3.p1,-0.170606140549825
TRINITY_DN1065_c0_g1_i3.p1,0.134210373698115
TRINITY_DN3380_c0_g1_i4.p1,-0.326540670225518
TRINITY_DN12426_c0_g2_i4.p1,-0.338483122539385
TRINITY_DN2119_c1_g1_i18.p1,-0.213307311531989
TRINITY_DN3492_c0_g1_i3.p1,-0.115198754736402
TRINITY_DN7664_c0_g1_i1.p1,-0.141711708864286
TRINITY_DN860_c0_g1_i2.p1,-0.16470109310146
TRINITY_DN10740_c0_g3_i5.p1,0.160625696868722
TRINITY_DN17201_c0_g2_i1.p1,-0.301542125373647
TRINITY_DN25357_c0_g1_i1.p1,0.360096765365997
TRINITY_DN4997_c1_g2_i3.p1,0.166206595462562
TRINITY_DN67641_c0_g1_i3.p1,0.166510613325082
TRINITY_DN825_c0_g1_i31.p1,0.10094149983338
TRINITY_DN8317_c0_g1_i9.p1,0.29175428698582
TRINITY_DN8736_c3_g1_i1.p1,-0.109758383906004
TRINITY_DN23930_c0_g1_i6.p1,-1.6161040212806
TRINITY_DN10089_c2_g1_i1.p1,0.0937167000200013
TRINITY_DN151_c0_g2_i2.p1,-0.256052885689379
TRINITY_DN19284_c1_g2_i3.p1,-0.113927011377906
TRINITY_DN3553_c0_g2_i4.p1,-0.123495831699233
TRINITY_DN3942_c0_g2_i5.p1,-0.479587241692178
TRINITY_DN4260_c0_g1_i1.p1,0.0855081889762131
TRINITY_DN4690_c0_g1_i1.p1,-0.108248841785313
TRINITY_DN61037_c0_g1_i2.p1,-0.30528267301421
TRINITY_DN68283_c0_g2_i5.p1,0.31411747044949
TRINITY_DN8180_c0_g1_i5.p1,0.159896149003175
TRINITY_DN8985_c0_g1_i1.p1,0.0940874420378843
TRINITY_DN971_c0_g1_i2.p1,0.27627399666973
TRINITY_DN1027_c4_g1_i2.p1,0.184458453927544
TRINITY_DN10623_c0_g1_i1.p1,-0.190602189006979
TRINITY_DN12592_c0_g1_i3.p1,-0.175741414743442
TRINITY_DN13061_c0_g2_i2.p1,0.350477653657434
TRINITY_DN13348_c2_g1_i1.p1,-0.30703941453327
TRINITY_DN13872_c0_g1_i5.p1,-0.158207808346796
TRINITY_DN1390_c0_g1_i1.p1,0.2919988463772
TRINITY_DN1391_c0_g1_i5.p1,-0.331401675365217
TRINITY_DN13_c0_g1_i1.p2,0.305242087290844
TRINITY_DN14714_c0_g1_i5.p1,0.152282310654645
TRINITY_DN163708_c0_g1_i1.p1,-0.184605916392109
TRINITY_DN16923_c0_g1_i3.p1,-0.256645253819594
TRINITY_DN17578_c0_g1_i3.p1,-0.283511525437812
TRINITY_DN18639_c0_g1_i13.p1,0.313098505628965
TRINITY_DN20010_c0_g1_i1.p1,-0.381875019742267
TRINITY_DN21274_c0_g1_i2.p1,-0.123664029335587
TRINITY_DN214_c0_g1_i1.p1,-0.390705014627998
TRINITY_DN2225_c0_g1_i12.p1,-0.128167886403116
TRINITY_DN22554_c0_g1_i2.p1,0.222145533591117
TRINITY_DN27103_c0_g1_i1.p1,0.162482784182149
TRINITY_DN30129_c0_g1_i2.p1,-0.10277962206197
TRINITY_DN3333_c0_g1_i13.p1,0.297954486590976
TRINITY_DN3340_c0_g1_i2.p1,0.32661690049642
TRINITY_DN35388_c0_g1_i1.p1,0.198711050407104
TRINITY_DN4024_c0_g1_i30.p1,0.222977946551186
TRINITY_DN42534_c0_g1_i1.p1,-0.31319438032124
TRINITY_DN42901_c0_g3_i1.p1,-0.0698112469616859
TRINITY_DN4624_c0_g1_i3.p1,-0.481869352820114
TRINITY_DN53553_c0_g2_i2.p1,-0.257126480138294
TRINITY_DN9326_c0_g1_i1.p1,0.0817683737679583
TRINITY_DN114741_c0_g1_i1.p1,0.0812071700523696
TRINITY_DN5691_c0_g1_i6.p1,0.224368573196345
TRINITY_DN9643_c0_g1_i2.p1,0.147562773436398
TRINITY_DN7301_c0_g1_i2.p1,-0.221431033292194
TRINITY_DN2562_c1_g1_i2.p1,0.174080412073216
TRINITY_DN30123_c0_g1_i1.p1,0.12407277282129
TRINITY_DN2979_c0_g1_i13.p1,-0.361500243315329
TRINITY_DN4771_c0_g1_i10.p1,0.194972818600911
TRINITY_DN15244_c0_g1_i1.p2,0.359579562115545
TRINITY_DN15975_c0_g1_i3.p1,0.146039766558191
TRINITY_DN6680_c0_g1_i1.p1,-0.232896889411093
TRINITY_DN17320_c0_g3_i3.p1,-0.110505401172498
TRINITY_DN22184_c1_g1_i7.p1,0.236206764645256
TRINITY_DN48383_c0_g1_i25.p1,-0.43694052465106
TRINITY_DN55253_c0_g1_i2.p1,-0.256232623225221
TRINITY_DN6501_c0_g1_i3.p1,-0.269267086572261
TRINITY_DN7568_c0_g1_i15.p1,0.229098922641602
TRINITY_DN26405_c0_g2_i3.p2,-0.366386235527086
TRINITY_DN4536_c0_g1_i3.p1,-0.297542073728106
TRINITY_DN7888_c0_g1_i1.p1,-0.0612132444144293
TRINITY_DN3215_c10_g1_i1.p1,0.384507978667545
TRINITY_DN2325_c0_g1_i10.p1,0.224422504218038
TRINITY_DN1430_c0_g1_i25.p1,0.12313522451196
TRINITY_DN1526_c0_g2_i2.p1,-0.138190372275698
TRINITY_DN1776_c5_g1_i4.p1,0.215262821038322
TRINITY_DN2050_c0_g1_i1.p1,0.279655462047684
TRINITY_DN30570_c0_g1_i5.p1,0.222591562751259
TRINITY_DN3701_c0_g2_i2.p1,0.450275978619195
TRINITY_DN601_c5_g1_i3.p1,0.153657712469414
TRINITY_DN716_c4_g1_i1.p1,0.0603835582755853
TRINITY_DN24090_c11_g1_i1.p1,-0.107253474261856
TRINITY_DN1725_c1_g1_i16.p1,0.260667857309422
TRINITY_DN32781_c0_g1_i1.p1,0.319817213078397
TRINITY_DN39463_c0_g1_i13.p1,-0.385269265904545
TRINITY_DN1117_c1_g2_i3.p1,0.155317815403437
TRINITY_DN16011_c0_g1_i1.p1,-0.354184194627677
TRINITY_DN22156_c0_g3_i2.p1,-0.154483221373314
TRINITY_DN2742_c0_g1_i1.p1,0.195798436670304
TRINITY_DN482_c0_g1_i8.p1,0.170741946265415
TRINITY_DN56195_c0_g1_i2.p1,0.173149620330149
TRINITY_DN6720_c4_g1_i1.p1,0.185035374238067
TRINITY_DN7681_c0_g1_i2.p1,0.143633549461821
TRINITY_DN3211_c0_g1_i4.p1,-0.329207536822123
TRINITY_DN5722_c9_g1_i1.p1,0.607519903033498
TRINITY_DN1337_c0_g1_i4.p1,-0.335297031726622
TRINITY_DN215_c0_g1_i8.p1,0.134051901487959
TRINITY_DN1549_c0_g1_i1.p1,0.278766485405234
TRINITY_DN12409_c0_g1_i1.p1,0.193039612147224
TRINITY_DN1419_c0_g1_i1.p1,-0.111733091329316
TRINITY_DN1884_c0_g1_i34.p1,-0.320504207125354
TRINITY_DN3162_c1_g1_i3.p1,0.123771940242465
TRINITY_DN67988_c3_g1_i1.p1,-0.146005559847523
TRINITY_DN841_c0_g1_i13.p1,-0.257984484555768
TRINITY_DN10933_c1_g1_i4.p1,0.318068364877371
TRINITY_DN12010_c0_g1_i3.p1,-0.270019628380496
TRINITY_DN145406_c0_g1_i1.p1,-0.282093707179145
TRINITY_DN146145_c0_g1_i1.p1,0.416495458810953
TRINITY_DN16575_c0_g3_i2.p1,0.208393801368295
TRINITY_DN16816_c2_g1_i1.p1,0.138437461111035
TRINITY_DN172_c0_g1_i20.p1,0.301309033794755
TRINITY_DN1898_c1_g1_i17.p1,0.242585417628693
TRINITY_DN22967_c0_g2_i1.p1,0.129207651929032
TRINITY_DN2413_c0_g1_i5.p1,-0.354372414930977
TRINITY_DN2453_c0_g1_i26.p1,-0.420568092514556
TRINITY_DN28350_c0_g1_i2.p1,0.363006538854415
TRINITY_DN28826_c0_g1_i6.p1,0.311333192522389
TRINITY_DN29128_c0_g1_i1.p1,-0.126953994145464
TRINITY_DN32533_c1_g5_i1.p1,1.36566981316702
TRINITY_DN382_c1_g1_i9.p1,-0.196313070878956
TRINITY_DN425_c0_g1_i2.p1,0.24476272788293
TRINITY_DN4407_c0_g1_i1.p1,-0.0908973737173036
TRINITY_DN454_c0_g2_i2.p1,-0.153105006877041
TRINITY_DN484_c0_g1_i35.p1,0.338532656949878
TRINITY_DN5752_c0_g1_i6.p1,-0.357173492138282
TRINITY_DN5752_c0_g1_i7.p1,-0.176944047886027
TRINITY_DN58055_c0_g1_i11.p1,-0.396143472917835
TRINITY_DN6083_c1_g1_i1.p2,-0.232913005558265
TRINITY_DN92599_c0_g1_i4.p1,0.329365906687974
TRINITY_DN2316_c1_g1_i1.p1,-0.24263089722677
TRINITY_DN77942_c0_g1_i8.p1,-0.369537889952797
TRINITY_DN494_c0_g1_i1.p1,-0.253075859860241
TRINITY_DN253_c4_g1_i6.p1,-0.110098538745445
TRINITY_DN7177_c0_g1_i10.p1,0.516324592335995
TRINITY_DN11257_c0_g2_i1.p1,0.229605012436877
TRINITY_DN2795_c3_g1_i1.p1,-0.271243186309437
TRINITY_DN45804_c0_g1_i1.p1,-0.254137817434922
TRINITY_DN7339_c0_g1_i9.p1,-0.38281485375569
TRINITY_DN11189_c0_g2_i1.p1,0.262510446462704
TRINITY_DN145988_c0_g1_i1.p1,0.0894069847754749
TRINITY_DN17455_c0_g2_i1.p1,-0.290781517470501
TRINITY_DN192_c0_g1_i21.p1,-0.173929446663955
TRINITY_DN23716_c0_g1_i1.p1,-0.132642569861143
TRINITY_DN25770_c0_g1_i7.p1,-0.201256110722328
TRINITY_DN34426_c0_g1_i2.p1,0.197723811785367
TRINITY_DN4344_c0_g1_i2.p1,0.167956401187673
TRINITY_DN5168_c1_g1_i3.p1,0.215837987342567
TRINITY_DN64310_c1_g1_i1.p1,0.115522299451447
TRINITY_DN112644_c0_g1_i1.p1,0.202513623137166
TRINITY_DN4514_c0_g1_i1.p1,0.259119238150117
TRINITY_DN36308_c0_g1_i1.p1,-0.340397500779122
TRINITY_DN4475_c0_g1_i5.p1,0.160518605363382
TRINITY_DN9186_c0_g1_i2.p1,0.183563914798879
TRINITY_DN134428_c0_g1_i1.p1,0.172739459161789
TRINITY_DN3903_c0_g1_i3.p1,-0.112222389579543
TRINITY_DN24933_c0_g1_i1.p1,0.230301524626952
TRINITY_DN90066_c0_g1_i66.p1,-0.40025764426541
TRINITY_DN129226_c0_g1_i1.p1,-0.200647968680166
TRINITY_DN12964_c0_g1_i1.p1,-0.0851165560217388
TRINITY_DN14297_c0_g1_i4.p1,0.161287604125994
TRINITY_DN1546_c0_g1_i1.p1,0.0982901629531463
TRINITY_DN18848_c1_g1_i1.p1,0.207900296397308
TRINITY_DN19684_c0_g1_i1.p1,-0.120006430046407
TRINITY_DN21949_c0_g1_i1.p1,0.651623021205376
TRINITY_DN25994_c0_g1_i1.p1,0.149695835180447
TRINITY_DN2742_c4_g1_i4.p1,-0.402752991903486
TRINITY_DN30332_c0_g1_i1.p1,-0.160893766033538
TRINITY_DN31724_c0_g1_i1.p1,0.0868617259878293
TRINITY_DN3254_c0_g1_i2.p1,-0.151278176703199
TRINITY_DN38047_c0_g1_i1.p1,-0.392002985014919
TRINITY_DN45352_c0_g1_i1.p1,-0.22101504199989
TRINITY_DN4564_c0_g4_i1.p1,0.387482345549727
TRINITY_DN5006_c0_g1_i8.p1,-0.0810074165495242
TRINITY_DN501_c1_g1_i5.p1,0.191285097371064
TRINITY_DN7311_c0_g2_i1.p1,-0.0744928375104924
TRINITY_DN73373_c0_g1_i1.p1,-0.468431167014999
TRINITY_DN7366_c0_g1_i2.p1,-0.189128684370047
TRINITY_DN7966_c2_g1_i3.p1,-0.263266573683146
TRINITY_DN7979_c0_g1_i3.p1,0.34968588955152
TRINITY_DN866_c0_g1_i69.p1,0.176655344056312
TRINITY_DN1167_c6_g1_i1.p1,-0.172507989800024
TRINITY_DN1455_c0_g1_i1.p1,-0.121551803384877
TRINITY_DN161232_c0_g1_i1.p1,0.115758798477627
TRINITY_DN1828_c1_g1_i10.p1,0.374604521955275
TRINITY_DN24341_c0_g1_i2.p1,-0.424063554819057
TRINITY_DN303_c0_g1_i29.p1,-0.177019201677945
TRINITY_DN3109_c0_g1_i22.p1,0.272071889385284
TRINITY_DN43879_c0_g1_i2.p1,-0.313986793211021
TRINITY_DN5916_c0_g1_i1.p1,0.186048344934533
TRINITY_DN6158_c1_g2_i1.p1,0.419161438265299
TRINITY_DN66655_c0_g1_i2.p1,0.230706251597513
TRINITY_DN9642_c0_g1_i1.p1,-0.12782492940974
TRINITY_DN4069_c0_g1_i3.p1,0.170961733723053
TRINITY_DN11117_c0_g1_i1.p1,-0.0969548924515726
TRINITY_DN128803_c0_g1_i1.p1,-0.130430454776127
TRINITY_DN1576_c0_g1_i11.p1,0.239484116882323
TRINITY_DN1632_c0_g1_i10.p1,0.0964300885608754
TRINITY_DN1667_c0_g1_i3.p1,-0.249595495706341
TRINITY_DN19158_c0_g1_i2.p1,0.0868060796254922
TRINITY_DN20649_c0_g1_i9.p1,-0.142735466451218
TRINITY_DN21243_c0_g1_i1.p1,-0.196634384786997
TRINITY_DN21516_c0_g1_i18.p1,0.431104923454241
TRINITY_DN25605_c1_g1_i2.p1,-0.0974407492674243
TRINITY_DN2710_c0_g1_i1.p1,-0.216092095264866
TRINITY_DN2862_c0_g1_i3.p1,0.266788915968361
TRINITY_DN34_c0_g1_i6.p1,-0.522417797842726
TRINITY_DN4014_c0_g1_i1.p1,-0.251582189763086
TRINITY_DN4014_c0_g1_i2.p1,0.156926638528892
TRINITY_DN4172_c0_g1_i1.p1,-0.318590939867494
TRINITY_DN5188_c0_g1_i2.p1,-0.210956408030162
TRINITY_DN51951_c0_g1_i1.p1,-0.202046107930014
TRINITY_DN5330_c0_g2_i1.p1,-0.106541029666879
TRINITY_DN5499_c2_g1_i1.p1,-0.199762691576571
TRINITY_DN6520_c2_g1_i2.p1,0.299768304986845
TRINITY_DN7976_c10_g1_i1.p1,0.125956581584596
TRINITY_DN9757_c0_g1_i1.p1,-0.138423832526621
TRINITY_DN1008_c8_g1_i3.p1,-0.130855797288334
TRINITY_DN10145_c0_g1_i1.p1,0.102626980250002
TRINITY_DN10287_c0_g1_i1.p1,0.348769082839443
TRINITY_DN1213_c1_g1_i16.p1,0.293820337281812
TRINITY_DN14194_c7_g1_i1.p1,-0.0673401854076318
TRINITY_DN144974_c0_g1_i3.p1,0.14678802476304
TRINITY_DN1750_c0_g1_i8.p1,-0.291713014420173
TRINITY_DN17959_c0_g1_i8.p1,0.274321088349125
TRINITY_DN2362_c0_g1_i2.p1,0.337150559042541
TRINITY_DN24839_c0_g1_i1.p1,-0.340998649956003
TRINITY_DN2651_c4_g1_i1.p1,-0.236959762981203
TRINITY_DN26768_c0_g1_i11.p1,0.291982507819274
TRINITY_DN2776_c2_g1_i2.p1,-0.244900076494147
TRINITY_DN30330_c0_g1_i2.p1,-0.323765759279858
TRINITY_DN34506_c0_g1_i1.p1,-0.191023434124582
TRINITY_DN382_c0_g1_i5.p1,-0.235862631171142
TRINITY_DN4174_c0_g1_i6.p1,-0.203598692351864
TRINITY_DN41798_c0_g1_i1.p1,-0.158907111691434
TRINITY_DN43154_c0_g1_i10.p1,0.243997748253115
TRINITY_DN60285_c1_g1_i1.p1,-0.256318675345693
TRINITY_DN6180_c0_g1_i1.p1,-0.396284563116199
TRINITY_DN6429_c0_g1_i10.p1,0.367295642111234
TRINITY_DN733_c0_g2_i6.p1,-0.161828910374138
TRINITY_DN7430_c0_g1_i2.p1,-0.359296249155348
TRINITY_DN77511_c0_g2_i19.p1,0.367206615833545
TRINITY_DN163351_c0_g1_i1.p1,0.124124949395367
TRINITY_DN32752_c0_g1_i2.p1,-0.163111453847664
TRINITY_DN34382_c2_g1_i2.p1,0.334783285658305
TRINITY_DN5133_c2_g1_i5.p1,0.131817643161172
TRINITY_DN57788_c0_g1_i12.p1,-0.25250165734815
TRINITY_DN9353_c0_g1_i22.p1,0.296194245401911
TRINITY_DN21754_c0_g1_i11.p1,-0.379704199089247
TRINITY_DN10171_c0_g1_i1.p1,-0.188364570991888
TRINITY_DN113868_c0_g1_i2.p1,-0.188522337308654
TRINITY_DN7661_c0_g1_i1.p1,-0.121118583917008
TRINITY_DN8736_c1_g1_i88.p1,-0.356042790597275
TRINITY_DN2975_c0_g1_i6.p1,-0.585677786075657
TRINITY_DN12088_c0_g1_i2.p1,0.092925799875625
TRINITY_DN15199_c0_g1_i1.p1,-0.487597392337663
TRINITY_DN25772_c0_g1_i12.p1,-0.130771666356042
TRINITY_DN271_c0_g1_i21.p1,0.356932385243804
TRINITY_DN27349_c0_g1_i2.p1,0.144687554828229
TRINITY_DN42530_c1_g1_i1.p1,-0.0991477819332697
TRINITY_DN5340_c1_g1_i1.p1,-0.304859213710868
TRINITY_DN14674_c0_g1_i1.p1,0.0865620400017591
TRINITY_DN16717_c0_g1_i2.p1,-0.274708112388831
TRINITY_DN52129_c0_g1_i3.p1,-0.184337862997423
TRINITY_DN5352_c31_g1_i1.p1,0.244054459151187
TRINITY_DN547_c0_g1_i7.p1,-0.43370208419726
TRINITY_DN5702_c0_g1_i28.p1,0.404949726338959
TRINITY_DN7787_c0_g1_i26.p1,0.245832806062943
TRINITY_DN9646_c0_g4_i1.p1,0.197423884900784
TRINITY_DN28790_c0_g2_i3.p1,0.259244295478604
TRINITY_DN12128_c0_g1_i1.p1,-0.172572494620412
TRINITY_DN18254_c0_g1_i1.p1,-0.329197546900585
TRINITY_DN28792_c0_g1_i1.p1,0.100029049940074
TRINITY_DN343_c0_g1_i1.p1,0.157246721279838
TRINITY_DN496_c0_g1_i11.p1,-0.314814840654947
TRINITY_DN6432_c0_g1_i2.p1,-0.130156104199098
TRINITY_DN3919_c0_g1_i5.p1,0.362613440665212
TRINITY_DN2202_c0_g1_i2.p1,-0.154014187510234
TRINITY_DN5417_c0_g1_i2.p1,-0.343991829200633
TRINITY_DN9261_c0_g1_i1.p1,0.0515864536273524
TRINITY_DN929_c2_g1_i3.p1,0.35530217623735
TRINITY_DN11828_c4_g1_i1.p1,-0.411843883693751
TRINITY_DN1524_c7_g1_i8.p1,-0.137721888546554
TRINITY_DN15947_c0_g1_i1.p1,0.201940643216386
TRINITY_DN222_c1_g1_i3.p1,0.141911707264706
TRINITY_DN47976_c0_g1_i1.p1,0.0699896886090925
TRINITY_DN533_c0_g1_i8.p1,0.226013172892472
TRINITY_DN5630_c0_g1_i1.p1,0.329026796835848
TRINITY_DN692_c0_g1_i4.p1,-0.205343071677671
TRINITY_DN7832_c0_g1_i3.p1,-0.168669477761319
TRINITY_DN112340_c0_g1_i1.p1,0.120169682824809
TRINITY_DN12008_c0_g1_i1.p1,-0.104501286312125
TRINITY_DN3391_c0_g1_i15.p1,-0.301357096698468
TRINITY_DN40515_c0_g1_i5.p1,0.104320800955895
TRINITY_DN4251_c2_g1_i1.p1,0.113276169472037
TRINITY_DN112_c3_g1_i6.p2,-0.268416622460208
TRINITY_DN134528_c0_g1_i2.p1,-0.339845485859125
TRINITY_DN18319_c0_g1_i5.p1,0.803337362422746
TRINITY_DN19437_c0_g1_i4.p2,0.295345313856125
TRINITY_DN26106_c0_g1_i5.p1,0.316051029852788
TRINITY_DN2961_c0_g1_i1.p1,-0.129488795257678
TRINITY_DN434_c0_g1_i1.p1,0.274022436912941
TRINITY_DN6219_c0_g2_i2.p1,-0.200307783656152
TRINITY_DN8663_c1_g2_i7.p1,-0.300734287207209
TRINITY_DN8922_c0_g1_i1.p1,0.156540071873589
TRINITY_DN10358_c1_g2_i5.p1,0.379393359063145
TRINITY_DN487_c1_g1_i7.p1,-0.141554988032511
TRINITY_DN13539_c0_g1_i1.p1,-0.0814710023191511
TRINITY_DN2299_c0_g1_i7.p1,-0.405271802150629
TRINITY_DN1137_c0_g1_i3.p1,-0.259601099005284
TRINITY_DN1035_c0_g1_i2.p1,-0.23716542928368
TRINITY_DN17701_c0_g2_i6.p1,0.66217678159449
TRINITY_DN19457_c0_g2_i1.p1,-0.263013667136969
TRINITY_DN24115_c0_g1_i6.p1,-0.156012365816186
TRINITY_DN3495_c0_g1_i4.p1,-0.39155882191849
TRINITY_DN6484_c0_g1_i7.p1,0.906932558211395
TRINITY_DN82240_c0_g1_i5.p1,-0.224881109673403
TRINITY_DN924_c0_g1_i16.p1,0.193102919865583
TRINITY_DN13978_c0_g1_i1.p1,-0.107119898314573
TRINITY_DN21990_c0_g1_i10.p1,0.428092502276815
TRINITY_DN3062_c0_g1_i20.p1,0.427417268685313
TRINITY_DN81943_c0_g1_i6.p1,0.299310451797699
TRINITY_DN825_c0_g1_i35.p1,-0.143598212836141
TRINITY_DN4529_c0_g2_i2.p1,-0.0782607096708786
TRINITY_DN1379_c12_g1_i1.p1,0.243029382843287
TRINITY_DN172_c0_g1_i12.p1,0.253287745383999
TRINITY_DN3573_c1_g1_i3.p1,-0.209944338820376
TRINITY_DN10269_c0_g1_i3.p1,-0.0870501703756698
TRINITY_DN1085_c1_g1_i4.p1,-0.192220779765423
TRINITY_DN1156_c0_g1_i12.p1,0.280955050802919
TRINITY_DN13116_c0_g2_i6.p1,-0.291534140999983
TRINITY_DN1618_c0_g1_i35.p1,-0.198552562108058
TRINITY_DN1728_c0_g2_i2.p1,-0.407358031940755
TRINITY_DN1996_c0_g1_i2.p1,-0.159583118831596
TRINITY_DN24115_c0_g1_i4.p1,-0.178623660429766
TRINITY_DN2585_c0_g1_i1.p1,-0.224554534919154
TRINITY_DN3509_c0_g1_i1.p1,-0.0917918252437112
TRINITY_DN392_c1_g2_i1.p1,-0.0974725699977955
TRINITY_DN3934_c0_g1_i1.p1,0.108840655789001
TRINITY_DN44829_c1_g1_i11.p1,0.116771075021352
TRINITY_DN4553_c0_g1_i33.p1,0.452893548526926
TRINITY_DN5469_c0_g2_i1.p1,-0.152404103991808
TRINITY_DN6032_c0_g1_i5.p1,0.164321015475657
TRINITY_DN63383_c0_g1_i3.p1,0.129065494449752
TRINITY_DN73960_c0_g1_i2.p1,0.25993693932884
TRINITY_DN745_c0_g1_i4.p1,-0.282495440863157
TRINITY_DN8731_c0_g2_i1.p1,-0.0819928534270054
TRINITY_DN10171_c0_g1_i2.p1,-0.119656564438167
TRINITY_DN12750_c0_g1_i1.p1,0.103817444871744
TRINITY_DN6421_c0_g2_i1.p1,0.128842963566456
TRINITY_DN1016_c0_g2_i28.p1,0.32902430879749
TRINITY_DN36354_c0_g1_i5.p1,-0.353125496015582
TRINITY_DN43733_c0_g1_i2.p1,-0.114105711753091
TRINITY_DN6002_c0_g2_i3.p1,-0.444578082565984
TRINITY_DN855_c4_g1_i3.p1,0.142757260914734
TRINITY_DN11950_c0_g1_i9.p1,0.279813216384102
TRINITY_DN14633_c0_g1_i5.p1,-0.285323675614159
TRINITY_DN24122_c0_g1_i2.p1,0.183930677465009
TRINITY_DN44337_c0_g1_i3.p1,0.319316313126194
TRINITY_DN7592_c0_g1_i2.p1,-0.134113423663202
TRINITY_DN16831_c0_g1_i2.p1,-0.288295352612796
TRINITY_DN31_c4_g1_i1.p1,0.141315164019682
TRINITY_DN4691_c0_g1_i3.p1,-0.262864836048994
TRINITY_DN6920_c0_g1_i13.p1,0.357939950016472
TRINITY_DN10214_c0_g1_i1.p1,-0.211780875938355
TRINITY_DN1948_c0_g2_i2.p1,-0.320140161038268
TRINITY_DN47821_c1_g1_i2.p1,-0.316984383047976
TRINITY_DN5548_c0_g1_i1.p1,-0.0633232012050308
TRINITY_DN83754_c0_g1_i1.p1,-0.115204011761746
TRINITY_DN9323_c1_g1_i1.p1,-0.210959044245351
TRINITY_DN10016_c0_g1_i5.p1,0.138565234562125
TRINITY_DN23995_c0_g1_i1.p1,-0.10194238889803
TRINITY_DN2444_c0_g1_i4.p1,-0.244665451477953
TRINITY_DN68_c1_g1_i24.p1,0.172083845740979
TRINITY_DN3336_c15_g1_i1.p1,-0.310297906735221
TRINITY_DN40110_c0_g1_i3.p1,0.205353355886236
TRINITY_DN6874_c1_g1_i14.p1,0.293971949779739
TRINITY_DN7471_c0_g1_i2.p1,-0.157042982929598
TRINITY_DN7618_c0_g1_i3.p1,-0.0828624142868423
TRINITY_DN12256_c0_g2_i2.p1,-0.183322226705317
TRINITY_DN51118_c2_g1_i2.p1,0.316519029418917
TRINITY_DN5149_c0_g1_i1.p1,-0.289422475779855
TRINITY_DN139_c0_g1_i2.p1,0.184283139306269
TRINITY_DN2291_c0_g1_i31.p1,0.176896351036961
TRINITY_DN2581_c0_g1_i1.p1,0.277991439182897
TRINITY_DN14884_c0_g1_i1.p1,-0.375063662388754
TRINITY_DN30484_c0_g2_i1.p1,0.385232629807625
TRINITY_DN2055_c0_g2_i3.p1,-0.253260050084288
TRINITY_DN235_c0_g1_i1.p1,-0.106669594503263
TRINITY_DN24502_c0_g1_i1.p1,-0.143627932832976
TRINITY_DN3648_c1_g1_i1.p1,-0.0683624345617413
TRINITY_DN427_c0_g1_i10.p1,0.233447081914287
TRINITY_DN4534_c0_g1_i6.p1,-0.118396528870585
TRINITY_DN5903_c0_g1_i5.p1,0.254026703253068
TRINITY_DN7025_c0_g1_i1.p1,0.059783551772053
TRINITY_DN8890_c0_g1_i2.p1,0.406172548148858
TRINITY_DN8904_c0_g1_i1.p1,-0.0914176493835839
TRINITY_DN1576_c0_g1_i16.p1,-0.196660266236598
TRINITY_DN28775_c0_g1_i1.p1,-0.103026539047813
TRINITY_DN3193_c0_g1_i4.p1,-0.0840236589837472
TRINITY_DN33910_c0_g2_i2.p1,-0.403071472500792
TRINITY_DN3518_c0_g1_i21.p1,0.228180367891305
TRINITY_DN4370_c0_g2_i1.p1,-0.126486096321919
TRINITY_DN483_c0_g1_i10.p1,-0.29684461084879
TRINITY_DN6185_c0_g1_i3.p1,0.339808696645867
TRINITY_DN841_c0_g1_i24.p1,-0.244218924003298
TRINITY_DN12109_c0_g1_i4.p1,-0.310086716990802
TRINITY_DN3042_c0_g1_i3.p1,0.136861897270834
TRINITY_DN129210_c0_g1_i1.p1,-0.195272170206232
TRINITY_DN1556_c2_g1_i2.p1,-0.183175358483458
TRINITY_DN19700_c0_g1_i2.p1,0.173499256720588
TRINITY_DN2125_c1_g1_i1.p1,-0.102382795961655
TRINITY_DN230_c1_g1_i1.p1,-0.365451786777842
TRINITY_DN2764_c1_g1_i1.p1,0.227261696933815
TRINITY_DN364_c3_g1_i1.p1,0.160781108989173
TRINITY_DN5537_c0_g1_i2.p1,0.219551447662495
TRINITY_DN7787_c0_g1_i28.p1,0.166120450154917
TRINITY_DN8898_c0_g5_i1.p1,-0.102612065130106
TRINITY_DN10196_c0_g1_i1.p1,-0.154718115255674
TRINITY_DN1034_c0_g1_i12.p1,-0.174499875021926
TRINITY_DN10509_c0_g1_i4.p1,-0.167620872369753
TRINITY_DN11856_c0_g1_i1.p1,-0.180542527080652
TRINITY_DN1185_c0_g1_i39.p1,-0.27779354161636
TRINITY_DN129045_c0_g1_i1.p1,0.0754498253976258
TRINITY_DN1300_c0_g1_i11.p1,0.175782700422036
TRINITY_DN13025_c1_g1_i1.p1,0.142090651315182
TRINITY_DN133378_c0_g1_i1.p1,0.201281217172163
TRINITY_DN1351_c0_g2_i1.p1,-0.252154780243639
TRINITY_DN13_c0_g1_i17.p2,0.289190212725947
TRINITY_DN1400_c1_g1_i2.p1,-0.233777944334706
TRINITY_DN14768_c0_g1_i6.p1,-0.316425484301574
TRINITY_DN15167_c0_g2_i2.p1,-0.302211681204682
TRINITY_DN1547_c0_g1_i2.p1,-0.194899488298147
TRINITY_DN1608_c0_g1_i13.p1,0.254589197722265
TRINITY_DN16187_c0_g2_i3.p1,0.15519554553001
TRINITY_DN162467_c0_g1_i1.p1,-0.0972920576630774
TRINITY_DN16247_c0_g1_i1.p1,0.155620191003396
TRINITY_DN16374_c0_g1_i2.p1,-0.17798745684395
TRINITY_DN1700_c0_g3_i2.p1,0.0532617236215666
TRINITY_DN17121_c0_g1_i1.p1,0.121058990849234
TRINITY_DN1768_c0_g1_i1.p1,0.336541548688747
TRINITY_DN17747_c0_g1_i3.p1,-0.190531491000132
TRINITY_DN1795_c0_g1_i28.p1,0.251467574157862
TRINITY_DN1813_c0_g1_i2.p1,0.152870293072877
TRINITY_DN18539_c1_g1_i3.p1,0.125652726158123
TRINITY_DN19008_c0_g1_i1.p1,-0.0648335826254253
TRINITY_DN19087_c0_g1_i1.p1,1.35647559207074
TRINITY_DN19153_c1_g1_i2.p1,-0.137982734805786
TRINITY_DN20463_c0_g1_i2.p1,0.313682333864234
TRINITY_DN20868_c0_g1_i2.p1,-0.166830733389435
TRINITY_DN21714_c0_g1_i19.p1,-0.207201854032821
TRINITY_DN22248_c0_g1_i1.p1,-0.436188413673094
TRINITY_DN22612_c0_g1_i12.p1,-0.27166166141753
TRINITY_DN23090_c1_g5_i1.p1,0.341345458370629
TRINITY_DN2437_c2_g1_i2.p1,0.192936722544181
TRINITY_DN25288_c0_g1_i2.p1,-0.300663644562731
TRINITY_DN256_c1_g2_i1.p1,0.0693363441711569
TRINITY_DN27305_c0_g1_i1.p1,-0.147584315112957
TRINITY_DN2818_c0_g2_i1.p1,-0.156561488175556
TRINITY_DN2824_c0_g2_i11.p1,-0.262223027063858
TRINITY_DN292_c0_g1_i5.p1,0.402534906740824
TRINITY_DN2980_c0_g3_i1.p2,0.316491948324483
TRINITY_DN32999_c4_g1_i4.p1,0.461737727808167
TRINITY_DN33077_c0_g4_i1.p2,0.293473850954568
TRINITY_DN3391_c0_g1_i10.p1,-0.255837669012404
TRINITY_DN3417_c0_g1_i1.p1,0.278217998630012
TRINITY_DN342_c0_g1_i30.p1,-0.258447538203697
TRINITY_DN34426_c0_g1_i1.p1,0.186432003053708
TRINITY_DN3717_c0_g1_i12.p1,-0.120962512431791
TRINITY_DN399_c0_g1_i2.p1,0.1676117541905
TRINITY_DN41409_c0_g1_i1.p1,0.128935229496312
TRINITY_DN44207_c0_g1_i2.p1,-0.249497213871975
TRINITY_DN4565_c0_g1_i3.p1,-0.141800077282012
TRINITY_DN4699_c0_g1_i2.p1,-0.131600970242991
TRINITY_DN4817_c1_g1_i9.p1,0.40631123624643
TRINITY_DN4999_c0_g1_i4.p1,-0.276761551836672
TRINITY_DN55733_c0_g1_i18.p1,1.25246622817318
TRINITY_DN5824_c0_g1_i9.p1,0.224373291212167
TRINITY_DN5824_c1_g1_i3.p1,-0.189397004273466
TRINITY_DN62_c4_g3_i4.p1,0.261710491550726
TRINITY_DN630_c2_g1_i1.p1,-0.10285040739582
TRINITY_DN63342_c0_g1_i1.p1,-0.286138421399368
TRINITY_DN639_c1_g1_i6.p1,0.0913996289382963
TRINITY_DN640_c0_g1_i5.p1,0.153257089529501
TRINITY_DN6515_c0_g1_i1.p1,0.124683099011752
TRINITY_DN65345_c0_g1_i22.p1,-0.203967266164692
TRINITY_DN6605_c0_g1_i2.p1,-0.20286203626609
TRINITY_DN7075_c0_g1_i7.p1,0.16907187121466
TRINITY_DN8099_c0_g1_i2.p1,-0.0850734305090063
TRINITY_DN8153_c0_g1_i1.p1,-0.125459820178705
TRINITY_DN8226_c0_g1_i2.p1,-0.424101682514192
TRINITY_DN8243_c0_g3_i1.p1,0.0550062460999131
TRINITY_DN8401_c0_g1_i4.p1,0.322912358114486
TRINITY_DN849_c0_g1_i7.p1,0.216960445470012
TRINITY_DN9021_c0_g1_i2.p1,0.0689323838998249
TRINITY_DN9050_c2_g1_i1.p1,0.169644228991625
TRINITY_DN938_c2_g2_i1.p1,-0.148905789246341
TRINITY_DN9442_c0_g1_i1.p1,0.0863948626471762
TRINITY_DN963_c0_g1_i70.p1,0.17555089057941
TRINITY_DN96765_c0_g1_i1.p1,0.290567208196873
TRINITY_DN53_c5_g1_i3.p1,0.244047575315136
TRINITY_DN23360_c0_g1_i2.p1,-0.168010074170221
TRINITY_DN5841_c0_g1_i5.p1,-0.169625952111842
TRINITY_DN5898_c0_g1_i4.p1,-0.13401623861308
TRINITY_DN735_c3_g1_i1.p1,0.261534861757563
TRINITY_DN18351_c0_g1_i2.p1,-0.368694358934041
TRINITY_DN2494_c0_g1_i8.p1,0.29969411033499
TRINITY_DN2549_c1_g3_i1.p1,-0.181043122586395
TRINITY_DN3783_c1_g1_i1.p1,-0.292188806413779
TRINITY_DN3894_c0_g2_i3.p1,0.130593282078934
TRINITY_DN43786_c0_g1_i3.p1,-0.168693879590641
TRINITY_DN860_c0_g1_i19.p1,-0.120989349877667
TRINITY_DN14082_c0_g1_i1.p1,-0.0668048898250354
TRINITY_DN21553_c0_g1_i1.p1,-0.275789105275639
TRINITY_DN3588_c0_g1_i1.p1,-0.118777537817444
TRINITY_DN1828_c1_g1_i8.p1,0.132588555487646
TRINITY_DN2336_c0_g1_i26.p1,-0.121250798813814
TRINITY_DN2927_c0_g1_i7.p1,-0.23425387275467
TRINITY_DN61566_c0_g1_i3.p1,0.245032908003258
TRINITY_DN8246_c3_g1_i1.p1,-0.0996169248180143
TRINITY_DN34857_c0_g1_i2.p1,0.105289287610767
TRINITY_DN867_c0_g1_i4.p1,-0.117971387936766
TRINITY_DN25522_c0_g1_i1.p1,0.0956830016801952
TRINITY_DN144892_c0_g1_i1.p1,-0.148442708545763
TRINITY_DN15141_c0_g2_i1.p1,0.246975594787207
TRINITY_DN16667_c0_g1_i2.p1,-0.246032867867275
TRINITY_DN1898_c1_g1_i2.p1,0.300278805838998
TRINITY_DN23474_c0_g1_i21.p1,-0.163926932187163
TRINITY_DN730_c0_g1_i17.p1,-0.443474650866665
TRINITY_DN96_c0_g2_i1.p1,0.103189308893025
TRINITY_DN6140_c0_g1_i4.p1,0.272183976008005
TRINITY_DN479_c0_g1_i3.p1,0.160852878220309
TRINITY_DN114862_c0_g1_i1.p1,-0.0909959601768706
TRINITY_DN1143_c0_g1_i2.p1,-0.169567953049585
TRINITY_DN4995_c0_g1_i1.p1,0.0935735145604132
TRINITY_DN25997_c0_g1_i1.p1,0.0993004545301942
TRINITY_DN18886_c0_g1_i6.p1,0.239353466925721
TRINITY_DN27618_c0_g1_i2.p1,-0.18685087567245
TRINITY_DN4706_c0_g1_i10.p1,0.385238485484322
TRINITY_DN540_c1_g1_i5.p1,-0.298968798858708
TRINITY_DN19103_c0_g2_i2.p1,0.320040632717931
TRINITY_DN24890_c0_g1_i3.p1,-0.112454707045131
TRINITY_DN6117_c0_g1_i3.p1,0.206076495012656
TRINITY_DN1740_c0_g2_i1.p1,0.15468202692846
TRINITY_DN5797_c4_g1_i1.p1,-0.123869975035405
TRINITY_DN9347_c0_g2_i7.p1,-0.968432520161129
TRINITY_DN35_c0_g1_i42.p1,-0.342411933263876
TRINITY_DN4889_c0_g2_i5.p1,-0.246969342220033
TRINITY_DN1358_c0_g1_i1.p1,0.204207916683098
TRINITY_DN1644_c0_g1_i16.p1,-0.554283635687481
TRINITY_DN18917_c5_g1_i1.p1,0.134550560982901
TRINITY_DN2052_c4_g3_i1.p1,0.257950034099944
TRINITY_DN23233_c1_g1_i4.p1,0.134930926207262
TRINITY_DN2403_c0_g1_i2.p1,-0.171187414064624
TRINITY_DN2428_c0_g2_i1.p1,-0.239035326259586
TRINITY_DN2574_c0_g1_i1.p1,0.163482905196825
TRINITY_DN2858_c0_g1_i10.p1,-0.133395825406401
TRINITY_DN716_c5_g1_i2.p1,0.288016356817886
TRINITY_DN7800_c0_g1_i9.p1,0.135596534545134
TRINITY_DN4370_c0_g1_i1.p1,0.123837844827231
TRINITY_DN797_c2_g1_i5.p1,0.195139806581046
TRINITY_DN311_c0_g1_i80.p1,0.169005142269468
TRINITY_DN1209_c0_g1_i1.p1,-0.144140704952448
TRINITY_DN14852_c0_g2_i2.p1,0.19750448333441
TRINITY_DN16089_c0_g2_i5.p1,0.13715672969891
TRINITY_DN1996_c0_g1_i11.p1,0.31777103525657
TRINITY_DN2344_c0_g1_i37.p1,-0.28806258645266
TRINITY_DN26933_c1_g1_i1.p1,0.301232443573615
TRINITY_DN4069_c0_g1_i2.p1,0.17259371329461
TRINITY_DN41297_c0_g2_i4.p1,0.141508778225372
TRINITY_DN43_c3_g1_i3.p1,0.124444897578556
TRINITY_DN4516_c0_g1_i2.p1,-0.123631117238065
TRINITY_DN4713_c0_g1_i3.p1,0.070702552716407
TRINITY_DN5298_c4_g1_i3.p1,-0.285695840287709
TRINITY_DN7605_c0_g1_i1.p1,-0.323025328956993
TRINITY_DN5184_c0_g1_i1.p1,0.13564410018557
TRINITY_DN22708_c0_g1_i4.p1,0.12246957059807
TRINITY_DN3759_c0_g1_i3.p1,0.160949470998069
TRINITY_DN446_c0_g1_i12.p1,-0.224045361185791
TRINITY_DN4009_c1_g1_i13.p1,0.185618132193872
TRINITY_DN5879_c0_g1_i2.p1,-0.338350968198076
TRINITY_DN10401_c1_g2_i1.p1,0.0888673384170683
TRINITY_DN110_c0_g1_i2.p1,-0.196607426929329
TRINITY_DN11908_c0_g2_i2.p1,-0.171925999394122
TRINITY_DN12812_c1_g1_i2.p1,0.175464762822719
TRINITY_DN13071_c0_g1_i1.p1,-0.314017742882949
TRINITY_DN15840_c0_g2_i3.p1,-0.114621529603545
TRINITY_DN24593_c0_g1_i1.p1,0.0928138904319077
TRINITY_DN26116_c0_g1_i2.p1,0.31801364812323
TRINITY_DN26777_c0_g2_i2.p1,-0.0752132006437937
TRINITY_DN2836_c4_g1_i2.p1,-0.192664188207043
TRINITY_DN2837_c2_g1_i6.p1,-0.123792162783776
TRINITY_DN28979_c1_g1_i3.p1,-0.0907260361457851
TRINITY_DN33949_c0_g1_i1.p1,-0.305425675221589
TRINITY_DN50311_c0_g1_i12.p1,0.299255487091826
TRINITY_DN5449_c1_g1_i1.p1,-0.150120676015768
TRINITY_DN560_c0_g1_i3.p1,0.307231939338834
TRINITY_DN5676_c0_g1_i2.p1,0.270299456758249
TRINITY_DN69783_c0_g3_i4.p1,0.195927541296193
TRINITY_DN8398_c0_g1_i3.p1,-0.178589911873536
TRINITY_DN98025_c0_g1_i1.p1,0.0838792613864663
TRINITY_DN20671_c0_g1_i1.p1,0.18065900269974
TRINITY_DN112680_c0_g1_i3.p1,0.345278087826981
TRINITY_DN11640_c0_g2_i2.p1,0.102605046248482
TRINITY_DN14607_c0_g1_i2.p1,-0.340660778293702
TRINITY_DN14907_c0_g1_i4.p1,0.36682920666324
TRINITY_DN18609_c0_g1_i1.p1,0.14089022904317
TRINITY_DN2152_c0_g1_i3.p1,-0.277790251740875
TRINITY_DN2408_c0_g1_i18.p1,-0.276759971380444
TRINITY_DN29742_c0_g1_i1.p1,0.121653201030667
TRINITY_DN3421_c0_g1_i1.p1,0.069933055008416
TRINITY_DN354_c1_g1_i1.p1,-0.340435894879504
TRINITY_DN374_c0_g1_i4.p1,-0.246337722113096
TRINITY_DN376_c0_g1_i3.p1,-0.247111080572494
TRINITY_DN4078_c1_g1_i1.p1,0.215987484299604
TRINITY_DN802_c0_g1_i13.p1,0.272174992779152
TRINITY_DN8374_c0_g1_i3.p1,-0.158109134730212
TRINITY_DN1270_c0_g1_i4.p1,0.231702912496932
TRINITY_DN6983_c0_g1_i1.p1,0.0850066227891827
TRINITY_DN3823_c0_g1_i5.p1,0.186368200338587
TRINITY_DN25504_c0_g1_i1.p1,0.113799668900748
TRINITY_DN3578_c0_g1_i2.p1,-0.328194599052055
TRINITY_DN26353_c0_g2_i1.p1,0.244630235787942
TRINITY_DN17840_c0_g1_i2.p1,0.148566961976325
TRINITY_DN8491_c0_g1_i7.p1,0.250280006535994
TRINITY_DN6297_c2_g1_i2.p1,-0.166347283864772
TRINITY_DN17285_c1_g2_i1.p1,0.317886251774513
TRINITY_DN23927_c0_g1_i1.p1,0.340423359914316
TRINITY_DN4043_c0_g1_i11.p1,0.193097844254294
TRINITY_DN1553_c0_g4_i1.p1,0.107430319080618
TRINITY_DN17426_c0_g1_i2.p1,0.175934600413319
TRINITY_DN6330_c0_g1_i1.p1,-0.167485317223911
TRINITY_DN1217_c0_g1_i44.p1,0.146167987562268
TRINITY_DN2780_c0_g1_i7.p1,0.353570999522243
TRINITY_DN3147_c4_g1_i2.p1,0.199856926443657
TRINITY_DN38358_c0_g2_i8.p1,-0.180474339101545
TRINITY_DN6370_c0_g1_i1.p1,0.10538933735081
TRINITY_DN8278_c0_g1_i2.p1,-0.10465410512559
TRINITY_DN1428_c0_g1_i1.p1,-0.184947878596876
TRINITY_DN9138_c0_g1_i6.p1,0.0807752102877045
TRINITY_DN3627_c0_g1_i1.p1,-0.106706429205593
TRINITY_DN414_c3_g1_i3.p1,-0.192083593581941
TRINITY_DN2890_c0_g3_i1.p1,0.187875127420367
TRINITY_DN919_c0_g1_i3.p1,-0.258470989623944
TRINITY_DN58082_c0_g1_i3.p1,-0.162589072797515
TRINITY_DN17959_c1_g1_i3.p1,0.317550722684806
TRINITY_DN528_c3_g1_i2.p1,-0.121648095443156
TRINITY_DN528_c5_g1_i5.p1,-0.275069253738533
TRINITY_DN775_c0_g1_i4.p1,0.28250703522317
TRINITY_DN17701_c0_g2_i7.p1,0.572886789727668
TRINITY_DN177809_c0_g1_i1.p1,0.126993492454249
TRINITY_DN17825_c0_g1_i2.p1,-0.348877887990702
TRINITY_DN1945_c2_g1_i1.p1,0.158881591803191
TRINITY_DN19957_c0_g1_i3.p1,0.285844556422698
TRINITY_DN23091_c0_g1_i3.p1,0.0848195165555403
TRINITY_DN258_c0_g1_i9.p1,0.408679239600615
TRINITY_DN6993_c0_g1_i2.p1,-0.147174673113284
TRINITY_DN33989_c0_g1_i2.p1,-0.165917776950623
TRINITY_DN11936_c0_g1_i1.p1,0.507279708435694
TRINITY_DN3283_c1_g1_i1.p1,-0.32730358564078
TRINITY_DN13_c0_g1_i12.p2,0.519675144197631
TRINITY_DN20264_c0_g1_i18.p1,0.276257947277048
TRINITY_DN22151_c1_g1_i1.p1,-0.194296555264841
TRINITY_DN3031_c1_g1_i3.p1,-0.0898081530915869
TRINITY_DN886_c0_g1_i1.p1,-0.106938009043107
TRINITY_DN144772_c0_g1_i1.p1,-0.131284417146447
TRINITY_DN169_c6_g1_i1.p1,0.123058391794618
TRINITY_DN10380_c0_g3_i4.p1,0.245244786321958
TRINITY_DN17186_c0_g1_i6.p1,0.223338425929022
TRINITY_DN9710_c1_g2_i1.p1,-0.0952044874180158
TRINITY_DN7388_c0_g1_i3.p1,-0.204812357917973
TRINITY_DN324_c0_g2_i1.p1,0.175966138788543
TRINITY_DN6948_c0_g1_i15.p1,0.185677283994208
TRINITY_DN25284_c1_g2_i1.p1,0.330709245163818
TRINITY_DN112943_c0_g1_i1.p1,-0.0499437190042773
TRINITY_DN13015_c1_g1_i25.p1,0.374359472341802
TRINITY_DN13044_c0_g1_i17.p1,-0.340970168678729
TRINITY_DN1719_c0_g1_i21.p1,-0.294497519028942
TRINITY_DN2055_c2_g1_i9.p1,-0.270641563285499
TRINITY_DN2188_c2_g5_i3.p1,0.179213976148709
TRINITY_DN4281_c1_g6_i1.p1,0.0892483840564482
TRINITY_DN4599_c0_g3_i1.p1,0.151265018068311
TRINITY_DN5219_c0_g1_i6.p1,0.164871644257304
TRINITY_DN1159_c2_g1_i2.p1,0.177922962587248
TRINITY_DN5711_c0_g1_i4.p1,0.387753408418578
TRINITY_DN3717_c1_g1_i1.p1,0.3805796486064
TRINITY_DN1728_c0_g2_i5.p1,-0.600455160696382
TRINITY_DN10588_c1_g1_i1.p1,-0.226215594883747
TRINITY_DN58454_c1_g1_i1.p1,-0.0494703889375815
TRINITY_DN1913_c0_g1_i50.p1,0.35730392258911
TRINITY_DN28393_c0_g1_i2.p1,0.0893223668675156
TRINITY_DN10217_c0_g3_i19.p1,-0.252175724416352
TRINITY_DN16543_c0_g1_i1.p1,-0.142655019077431
TRINITY_DN1710_c0_g1_i1.p1,-0.106099763675056
TRINITY_DN13532_c2_g1_i1.p1,0.393012079293559
TRINITY_DN1709_c1_g1_i8.p1,0.181399485525087
TRINITY_DN537_c0_g1_i8.p1,-0.24615281697008
TRINITY_DN37013_c0_g2_i5.p1,0.310098966289068
TRINITY_DN864_c0_g1_i1.p1,0.296713525401903
TRINITY_DN27252_c0_g1_i12.p1,-0.192767194945534
TRINITY_DN11927_c0_g1_i3.p1,0.166991834608021
TRINITY_DN15064_c0_g1_i1.p1,0.148779519555453
TRINITY_DN2285_c2_g2_i2.p1,0.286131673766377
TRINITY_DN14382_c0_g1_i3.p1,-0.180105337025065
TRINITY_DN20629_c6_g1_i1.p1,-0.201368496323013
TRINITY_DN3018_c0_g1_i3.p1,0.198081674954222
TRINITY_DN4900_c0_g1_i13.p1,0.278796909025562
TRINITY_DN5866_c0_g1_i1.p1,0.0717009049852093
TRINITY_DN8764_c0_g1_i92.p1,-0.22504311702676
TRINITY_DN1590_c0_g1_i1.p1,0.201488822180875
TRINITY_DN70798_c0_g1_i1.p1,-0.2203531706799
TRINITY_DN16592_c0_g1_i5.p2,0.252864522921411
TRINITY_DN18980_c2_g1_i1.p1,0.0588517704590252
TRINITY_DN2194_c0_g1_i1.p1,0.321842820252837
TRINITY_DN3612_c3_g3_i2.p1,-0.239209264289735
TRINITY_DN177779_c0_g1_i1.p1,0.112261246630092
TRINITY_DN5117_c0_g1_i2.p1,0.193584803540145
TRINITY_DN16955_c0_g1_i1.p1,-0.15568652121372
TRINITY_DN32267_c0_g1_i7.p1,0.180065807176645
TRINITY_DN2986_c0_g1_i14.p1,-0.209305504420149
TRINITY_DN9310_c0_g1_i1.p1,0.110664745505016
TRINITY_DN14856_c1_g2_i2.p1,0.257824072234453
TRINITY_DN25097_c0_g1_i3.p1,-0.148262319655568
TRINITY_DN2637_c0_g2_i20.p1,-0.152562467398736
TRINITY_DN5784_c0_g1_i1.p1,0.219100492944152
TRINITY_DN13098_c3_g1_i1.p1,-0.266900848875726
TRINITY_DN7122_c0_g1_i16.p1,0.375642361989688
TRINITY_DN20117_c0_g1_i2.p1,-0.128523432289116
TRINITY_DN1185_c0_g1_i34.p1,0.246344805413302
TRINITY_DN2917_c4_g1_i1.p1,-0.302249269558143
TRINITY_DN32477_c0_g1_i1.p1,0.104913647478517
TRINITY_DN4664_c0_g2_i1.p1,0.269880887070853
TRINITY_DN18488_c0_g1_i5.p1,0.0985561694717663
TRINITY_DN5662_c0_g1_i4.p1,-0.428742473143066
TRINITY_DN9257_c0_g1_i4.p1,-0.317279790110536
TRINITY_DN14522_c0_g1_i1.p1,-0.32079834799934
TRINITY_DN3039_c0_g1_i5.p1,0.115101596747168
TRINITY_DN3529_c0_g1_i53.p1,-0.206525275216212
TRINITY_DN4036_c0_g6_i1.p1,-0.256397546055305
TRINITY_DN9268_c0_g1_i2.p1,-0.346414726871451
TRINITY_DN1570_c0_g2_i3.p1,-0.135948435665753
TRINITY_DN3866_c0_g1_i4.p1,-0.151597567005722
TRINITY_DN10236_c0_g1_i15.p1,0.205392450657086
TRINITY_DN11459_c0_g1_i1.p1,-0.178738425206408
TRINITY_DN144829_c0_g1_i1.p1,-0.275850181453672
TRINITY_DN14669_c1_g1_i1.p1,-0.168268392189419
TRINITY_DN1618_c0_g1_i25.p1,0.164932478460948
TRINITY_DN161972_c0_g1_i1.p1,-0.198420627618153
TRINITY_DN17376_c0_g1_i1.p1,0.126860392086019
TRINITY_DN1775_c0_g1_i1.p1,-0.147217755853371
TRINITY_DN20748_c0_g1_i1.p1,-0.102242375224858
TRINITY_DN208_c0_g1_i4.p1,0.144061990443853
TRINITY_DN2639_c0_g1_i1.p1,0.108405045297906
TRINITY_DN32163_c0_g1_i1.p1,0.201757393589205
TRINITY_DN3275_c18_g1_i1.p1,0.265098592433649
TRINITY_DN368_c0_g1_i1.p1,-0.262933191334555
TRINITY_DN4326_c0_g1_i10.p1,0.451517140275207
TRINITY_DN4666_c9_g1_i1.p1,-0.250897575122593
TRINITY_DN467_c10_g1_i1.p1,0.0971002142431158
TRINITY_DN48773_c0_g2_i1.p1,-0.345652679523991
TRINITY_DN5219_c0_g1_i4.p1,0.151544357809877
TRINITY_DN9070_c0_g1_i3.p1,-0.372222978462037
TRINITY_DN8893_c2_g1_i1.p1,-0.146220732707071
TRINITY_DN1444_c0_g1_i11.p1,0.0627293244514062
TRINITY_DN2648_c0_g1_i2.p1,0.193485339073443
TRINITY_DN13060_c0_g2_i1.p1,0.293392145621032
TRINITY_DN1047_c0_g1_i1.p1,0.167633910736752
TRINITY_DN10799_c0_g1_i3.p1,0.149223643396456
TRINITY_DN11847_c0_g1_i1.p1,0.101561175391021
TRINITY_DN12125_c1_g1_i5.p1,-0.220741896259101
TRINITY_DN14567_c0_g1_i1.p1,0.278078584442007
TRINITY_DN17086_c0_g4_i6.p1,0.123437753264485
TRINITY_DN18355_c0_g1_i2.p1,-0.130188240348152
TRINITY_DN18639_c0_g1_i2.p1,0.166776688295872
TRINITY_DN19732_c0_g1_i2.p1,0.0756006677987863
TRINITY_DN2006_c0_g1_i85.p1,0.144927540654903
TRINITY_DN20400_c0_g1_i6.p1,-0.279807589801854
TRINITY_DN25908_c0_g1_i3.p1,-0.322460984817487
TRINITY_DN28458_c0_g1_i5.p1,-0.1439452807541
TRINITY_DN3029_c0_g1_i5.p1,-0.242127912519041
TRINITY_DN4016_c0_g1_i1.p1,-0.337660710807643
TRINITY_DN4486_c0_g1_i1.p1,0.0647147298864066
TRINITY_DN4544_c4_g1_i1.p1,0.0626244788889915
TRINITY_DN4608_c0_g1_i3.p1,-0.228163803463032
TRINITY_DN5179_c0_g1_i3.p1,0.366821151152286
TRINITY_DN5302_c1_g1_i1.p1,-0.105898962020082
TRINITY_DN5670_c1_g1_i1.p1,-0.332455180743643
TRINITY_DN626_c0_g1_i3.p1,0.205594103692159
TRINITY_DN6401_c0_g1_i2.p1,0.075205496662187
TRINITY_DN691_c0_g2_i1.p1,-0.442837429791903
TRINITY_DN726_c0_g2_i1.p1,-0.121841581339381
TRINITY_DN7583_c1_g1_i2.p1,0.555572989824982
TRINITY_DN773_c0_g1_i2.p1,-0.0718544695298158
TRINITY_DN81_c0_g2_i1.p1,0.0761958100443009
TRINITY_DN825_c0_g1_i8.p1,0.126796540106274
TRINITY_DN8603_c0_g1_i10.p1,-0.339480885392601
TRINITY_DN9885_c0_g1_i1.p1,-0.150747017781781
TRINITY_DN23648_c0_g1_i1.p1,0.133297902585797
TRINITY_DN9550_c0_g1_i1.p1,-0.222241669210369
TRINITY_DN1369_c2_g1_i2.p1,-0.366999448957455
TRINITY_DN1680_c0_g1_i1.p1,-0.235590222867611
TRINITY_DN8060_c6_g1_i1.p1,0.112232357928683
TRINITY_DN28383_c4_g1_i1.p1,0.216407430043053
TRINITY_DN965_c3_g1_i1.p1,0.196789388607846
TRINITY_DN1176_c0_g2_i2.p1,-0.171940532061212
TRINITY_DN145183_c0_g1_i1.p1,0.10611946409361
TRINITY_DN63335_c0_g1_i1.p1,-0.283263300069012
TRINITY_DN10889_c0_g4_i1.p1,-0.301407931653925
TRINITY_DN133_c0_g1_i3.p1,0.26868959025428
TRINITY_DN1760_c4_g1_i1.p1,0.169469493326135
TRINITY_DN21320_c0_g1_i2.p1,-0.158078913808045
TRINITY_DN3184_c0_g1_i8.p1,0.147539519120903
TRINITY_DN380_c0_g1_i32.p1,-0.353378765252622
TRINITY_DN8601_c0_g2_i2.p1,-0.0973892637133026
TRINITY_DN2878_c0_g1_i1.p1,-0.145489715720414
TRINITY_DN10935_c0_g2_i1.p1,-0.310145325092815
TRINITY_DN4681_c0_g1_i3.p1,-0.182402601255234
TRINITY_DN2020_c0_g1_i8.p1,-0.257513448452553
TRINITY_DN2067_c3_g1_i3.p1,0.144775746063273
TRINITY_DN5065_c0_g5_i2.p1,-0.174658927725803
TRINITY_DN28658_c4_g1_i1.p1,0.0748948371089179
TRINITY_DN2947_c0_g2_i1.p1,-0.120067063799322
TRINITY_DN3241_c0_g1_i1.p1,-0.322951896383562
TRINITY_DN13672_c0_g1_i1.p1,0.0932638851817426
TRINITY_DN17402_c0_g1_i1.p1,-0.218436568480115
TRINITY_DN5605_c6_g1_i1.p1,-0.2939619961205
TRINITY_DN20491_c0_g1_i1.p1,-0.107960926119127
TRINITY_DN23930_c0_g2_i1.p1,0.305953376805644
TRINITY_DN9772_c0_g1_i3.p1,0.226564215183339
TRINITY_DN358_c0_g1_i8.p1,-0.284322834384995
TRINITY_DN4242_c0_g1_i4.p1,0.26990756528498
TRINITY_DN12427_c0_g1_i2.p1,-0.16990563319165
TRINITY_DN128694_c0_g1_i1.p1,0.0677488413545397
TRINITY_DN20933_c0_g1_i5.p1,-0.287464107228423
TRINITY_DN5222_c2_g1_i1.p1,-0.150738555925727
TRINITY_DN6925_c0_g1_i41.p1,-0.235309477892488
TRINITY_DN96416_c0_g1_i1.p1,-0.319915577051212
TRINITY_DN43525_c0_g1_i1.p1,-0.357500314738431
TRINITY_DN4420_c0_g2_i6.p1,0.222298790045553
TRINITY_DN3085_c0_g1_i3.p1,-0.304442823165544
TRINITY_DN3529_c0_g1_i14.p1,-0.151817156589487
TRINITY_DN49532_c2_g2_i2.p1,0.176206432571022
TRINITY_DN11863_c0_g1_i1.p1,-0.144767513174147
TRINITY_DN6269_c1_g2_i3.p1,0.244797848503635
TRINITY_DN3156_c0_g1_i3.p1,0.0855015259986816
TRINITY_DN57929_c0_g1_i1.p1,0.17883703070524
TRINITY_DN58351_c0_g1_i6.p1,-0.136766892079794
TRINITY_DN17300_c0_g1_i2.p1,-0.184524825987357
TRINITY_DN21178_c0_g1_i1.p1,-0.256075722852571
TRINITY_DN23233_c0_g1_i1.p1,-0.0973619907175008
TRINITY_DN33533_c0_g2_i3.p1,0.197695750771244
TRINITY_DN8434_c1_g1_i1.p1,-0.0846638016566846
TRINITY_DN3084_c2_g1_i3.p1,0.308569589345792
TRINITY_DN10379_c0_g1_i1.p1,-0.209394748016406
TRINITY_DN1124_c0_g1_i3.p1,1.158178421099
TRINITY_DN1239_c0_g1_i2.p1,0.310631672825107
TRINITY_DN1871_c1_g4_i1.p1,-0.178932681646254
TRINITY_DN2323_c0_g1_i19.p1,-0.280146274565193
TRINITY_DN26693_c0_g1_i4.p1,-0.218428062353225
TRINITY_DN580_c0_g2_i18.p1,0.168060457638426
TRINITY_DN9276_c0_g1_i8.p1,-0.23607778126369
TRINITY_DN17803_c4_g1_i1.p1,-0.103284377148546
TRINITY_DN6220_c0_g1_i10.p1,0.311836397078699
TRINITY_DN6121_c0_g2_i1.p1,-0.0987993163830519
TRINITY_DN6855_c0_g1_i7.p1,0.164832033864305
TRINITY_DN7305_c0_g1_i4.p1,-0.18555849646442
TRINITY_DN8566_c0_g1_i11.p1,0.158827679882373
TRINITY_DN165854_c0_g1_i1.p1,0.233773896620771
TRINITY_DN230_c0_g1_i33.p1,0.338773869810604
TRINITY_DN4268_c1_g1_i1.p1,0.100388283095418
TRINITY_DN7446_c0_g1_i2.p1,0.162773198066283
TRINITY_DN24824_c0_g1_i3.p1,-0.224462021478111
TRINITY_DN6337_c1_g1_i13.p1,0.180981165919043
TRINITY_DN13169_c0_g2_i3.p1,-0.202462426681147
TRINITY_DN6436_c0_g1_i1.p1,0.112295224793183
TRINITY_DN12630_c1_g2_i2.p1,-0.338270739318522
TRINITY_DN14987_c0_g1_i1.p1,0.0912235502088384
TRINITY_DN26308_c0_g2_i2.p1,0.257896553799026
TRINITY_DN8032_c0_g1_i2.p1,0.219764935471725
TRINITY_DN7357_c0_g4_i1.p1,0.186824327273613
TRINITY_DN11238_c0_g1_i2.p1,0.271388666574555
TRINITY_DN18832_c0_g1_i2.p1,-0.188813691360653
TRINITY_DN18_c0_g1_i34.p1,-0.226196557046701
TRINITY_DN2650_c0_g1_i1.p1,0.0798044766483323
TRINITY_DN30116_c0_g1_i2.p1,0.186182995212467
TRINITY_DN3773_c0_g1_i4.p1,-0.300253789877382
TRINITY_DN23093_c1_g1_i2.p1,0.252960873281588
TRINITY_DN25680_c2_g2_i2.p1,0.298460022370538
TRINITY_DN44124_c0_g1_i2.p1,-0.200241461057661
TRINITY_DN4666_c1_g1_i2.p1,0.227346220268811
TRINITY_DN9739_c0_g1_i1.p1,-0.203195601163319
TRINITY_DN30237_c1_g1_i2.p1,-0.286151360435361
TRINITY_DN13853_c0_g1_i3.p1,-0.335683604598485
TRINITY_DN163565_c0_g1_i1.p1,-0.136217074753741
TRINITY_DN2458_c0_g1_i2.p1,0.133318824051668
TRINITY_DN2742_c7_g1_i5.p1,-0.301534312452376
TRINITY_DN28257_c0_g1_i1.p1,0.124677705034854
TRINITY_DN2877_c2_g1_i2.p1,-0.173186868097139
TRINITY_DN38905_c0_g1_i3.p1,-0.197473772623463
TRINITY_DN4635_c0_g2_i1.p1,0.316965769333871
TRINITY_DN4904_c0_g1_i6.p1,0.311580732411111
TRINITY_DN63_c1_g1_i5.p1,-0.180871454152761
TRINITY_DN1489_c1_g1_i22.p1,-0.343128201859712
TRINITY_DN2750_c1_g3_i1.p1,0.252982650546338
TRINITY_DN2943_c0_g2_i9.p1,0.803701546596015
TRINITY_DN3036_c0_g1_i5.p1,-0.14001858524168
TRINITY_DN34876_c2_g1_i11.p1,0.286829077918708
TRINITY_DN60512_c0_g1_i14.p1,-0.260249291148512
TRINITY_DN9021_c0_g3_i1.p1,0.205074908399365
TRINITY_DN11619_c0_g1_i1.p1,0.093888889826574
TRINITY_DN129051_c0_g1_i2.p1,0.21735960533715
TRINITY_DN136_c2_g1_i2.p1,-0.0739434478306694
TRINITY_DN161453_c0_g1_i1.p1,0.0796437807079366
TRINITY_DN177663_c0_g1_i1.p1,-0.146746978678666
TRINITY_DN3739_c1_g1_i6.p1,-0.150933454515329
TRINITY_DN4864_c0_g1_i1.p1,-0.343421313148406
TRINITY_DN491_c0_g1_i21.p1,-0.282655973968279
TRINITY_DN5946_c0_g1_i2.p1,-0.360458081477267
TRINITY_DN6172_c0_g1_i2.p1,-0.238361192446262
TRINITY_DN62067_c0_g1_i2.p1,-0.226729781265782
TRINITY_DN65213_c0_g1_i2.p1,0.205007902987507
TRINITY_DN703_c0_g1_i2.p1,0.210048960817856
TRINITY_DN8076_c0_g2_i5.p1,-0.233188902314413
TRINITY_DN8136_c3_g1_i3.p1,-0.273759977219992
TRINITY_DN84769_c0_g1_i2.p1,0.127429412747057
TRINITY_DN10224_c0_g3_i1.p1,-0.166947862544342
TRINITY_DN24519_c0_g1_i2.p1,0.214497797975427
TRINITY_DN17726_c0_g1_i3.p1,-0.14573380866088
TRINITY_DN27500_c0_g1_i1.p1,-0.130813954947515
TRINITY_DN5975_c0_g2_i6.p1,-0.14077815353402
TRINITY_DN7228_c0_g2_i1.p1,-0.11455311885006
TRINITY_DN9353_c0_g2_i2.p1,0.279431988150873
TRINITY_DN8271_c0_g1_i8.p1,0.171588786842749
TRINITY_DN11365_c6_g1_i1.p1,0.148667945325568
TRINITY_DN149374_c0_g1_i1.p1,-0.0917356621932837
TRINITY_DN1589_c3_g3_i1.p1,-0.256873888379373
TRINITY_DN1652_c0_g1_i1.p1,0.111021760737228
TRINITY_DN16744_c0_g1_i1.p1,0.0770625455524455
TRINITY_DN1697_c0_g1_i34.p1,0.116703610888893
TRINITY_DN1735_c0_g1_i27.p1,0.164665512536904
TRINITY_DN18458_c0_g3_i1.p1,0.233810997178575
TRINITY_DN1962_c0_g1_i5.p1,0.417028917652318
TRINITY_DN2212_c0_g1_i13.p1,-0.247304114882435
TRINITY_DN27818_c0_g1_i1.p1,0.0727489124838222
TRINITY_DN3085_c0_g1_i10.p1,-0.17506690478471
TRINITY_DN31181_c0_g1_i1.p1,0.0612899013267773
TRINITY_DN33056_c0_g3_i1.p1,-0.268558178492415
TRINITY_DN4114_c0_g1_i3.p1,0.107474989026848
TRINITY_DN4281_c1_g2_i10.p1,0.420078246581064
TRINITY_DN4775_c0_g1_i1.p1,-0.421621362125648
TRINITY_DN51460_c0_g1_i6.p1,-0.137155956570174
TRINITY_DN58174_c1_g1_i3.p1,-0.244717282255514
TRINITY_DN7633_c0_g2_i4.p1,-0.356236500403036
TRINITY_DN781_c0_g1_i2.p1,-0.154616046797184
TRINITY_DN8762_c0_g1_i1.p1,0.13985508583199
TRINITY_DN129206_c0_g1_i2.p1,-0.275622747451907
TRINITY_DN7867_c0_g1_i1.p1,-0.105909743982397
TRINITY_DN802_c0_g1_i21.p1,-0.198208595731264
TRINITY_DN8384_c1_g2_i6.p1,-0.226501126645362
TRINITY_DN849_c0_g1_i5.p1,0.317851858205166
TRINITY_DN10352_c0_g1_i1.p1,-0.793467381427456
TRINITY_DN2473_c0_g1_i5.p1,0.365989329832598
TRINITY_DN4024_c0_g1_i74.p1,0.377384421177382
TRINITY_DN4348_c0_g1_i2.p1,-0.135258352594433
TRINITY_DN4717_c0_g1_i1.p1,-0.256755993531813
TRINITY_DN5901_c0_g1_i9.p1,0.307414861582972
TRINITY_DN63380_c0_g1_i2.p1,-0.266681370711582
TRINITY_DN7150_c0_g2_i1.p1,0.125017273244103
TRINITY_DN7475_c1_g1_i5.p1,0.153248559029232
TRINITY_DN9184_c0_g1_i1.p1,-0.275288316248115
TRINITY_DN11604_c0_g2_i3.p1,0.184086100160667
TRINITY_DN118604_c0_g1_i1.p1,-0.073654173690762
TRINITY_DN1213_c3_g1_i2.p1,-0.316610294767737
TRINITY_DN1223_c0_g1_i10.p1,-0.117098776590977
TRINITY_DN13920_c0_g1_i5.p1,0.331094971262032
TRINITY_DN14329_c0_g1_i15.p1,0.113163515900575
TRINITY_DN14768_c0_g1_i5.p1,-0.103368090992577
TRINITY_DN1835_c0_g1_i1.p1,0.205653548319774
TRINITY_DN18766_c0_g1_i1.p1,-0.102267383123406
TRINITY_DN22202_c0_g1_i1.p1,0.0771684193830871
TRINITY_DN28334_c0_g1_i1.p1,-0.0730281109933305
TRINITY_DN3209_c0_g1_i6.p1,-0.319407033867926
TRINITY_DN32313_c0_g2_i2.p1,-0.797884666438949
TRINITY_DN3849_c0_g1_i5.p1,-0.151921731720139
TRINITY_DN3963_c0_g1_i4.p1,-0.234235396266356
TRINITY_DN43409_c1_g2_i2.p1,-0.157945290943504
TRINITY_DN4920_c0_g1_i1.p1,0.262877075776171
TRINITY_DN55_c0_g2_i14.p1,0.193426409461698
TRINITY_DN573_c0_g4_i1.p1,-0.159082393418594
TRINITY_DN68377_c0_g1_i6.p1,-0.104033036957604
TRINITY_DN9219_c0_g3_i1.p1,-0.201485749825218
TRINITY_DN96453_c0_g1_i1.p1,0.0977132927995943
TRINITY_DN21472_c0_g2_i2.p1,0.137193271952421
TRINITY_DN4342_c0_g1_i33.p1,-0.292246739739198
TRINITY_DN16394_c0_g1_i2.p1,0.154686228825779
TRINITY_DN16677_c1_g1_i2.p1,-0.0774836448002863
TRINITY_DN13750_c1_g1_i1.p1,-0.333083924940037
TRINITY_DN1509_c0_g1_i13.p1,-0.121551078910629
TRINITY_DN2711_c1_g3_i2.p1,-0.26182350264683
TRINITY_DN28675_c0_g2_i2.p1,0.24606516415612
TRINITY_DN35851_c0_g1_i1.p1,1.17633986280309
TRINITY_DN36209_c0_g1_i1.p1,-0.10681784002742
TRINITY_DN41840_c0_g1_i4.p1,0.596409230725964
TRINITY_DN4849_c2_g3_i1.p1,0.279694741860074
TRINITY_DN6307_c0_g1_i1.p2,0.299831575451729
TRINITY_DN6429_c0_g1_i8.p1,0.235392321756607
TRINITY_DN9799_c0_g1_i1.p1,-0.0987444818339469
TRINITY_DN23786_c0_g2_i3.p1,-0.128134274265418
TRINITY_DN1702_c0_g1_i12.p1,0.293679809921498
TRINITY_DN24059_c1_g2_i1.p1,-0.137038857424459
TRINITY_DN3432_c0_g1_i3.p1,0.318832270812892
TRINITY_DN6829_c0_g1_i1.p1,-0.122809877585832
TRINITY_DN45720_c0_g1_i35.p1,0.252513096107058
TRINITY_DN583_c3_g2_i3.p1,-0.18172222234419
TRINITY_DN14533_c0_g1_i1.p1,-0.167144877366611
TRINITY_DN275_c8_g1_i7.p1,0.268514563151546
TRINITY_DN6235_c1_g1_i7.p1,-0.0817146143656729
TRINITY_DN11103_c0_g1_i1.p1,-0.140410597484756
TRINITY_DN18759_c1_g1_i1.p1,0.324152278574729
TRINITY_DN826_c0_g1_i5.p1,-0.215009533329381
TRINITY_DN192_c0_g1_i23.p1,0.315262073818684
TRINITY_DN10509_c0_g1_i1.p1,0.0878942964729764
TRINITY_DN14799_c0_g1_i9.p1,-0.302011781421809
TRINITY_DN17905_c0_g1_i11.p1,0.24724952624568
TRINITY_DN2225_c0_g1_i9.p1,-0.149644538267948
TRINITY_DN24142_c1_g1_i1.p1,0.399813251380734
TRINITY_DN4514_c0_g1_i11.p1,0.167881169180293
TRINITY_DN70394_c0_g1_i1.p1,0.141539270020014
TRINITY_DN7710_c0_g1_i2.p1,-0.161479181645052
TRINITY_DN826_c0_g1_i6.p1,0.127654333686819
TRINITY_DN1908_c0_g2_i2.p1,0.162413455228169
TRINITY_DN53784_c0_g2_i1.p1,0.0869143066982538
TRINITY_DN540_c1_g1_i4.p1,0.184721105212541
TRINITY_DN7710_c0_g1_i1.p1,-0.250974134550375
TRINITY_DN12424_c0_g1_i1.p1,-0.237689989914885
TRINITY_DN162110_c0_g1_i1.p1,-0.165107617889099
TRINITY_DN30921_c0_g1_i1.p1,0.175142065393801
TRINITY_DN3391_c0_g1_i4.p1,-0.307901450761117
TRINITY_DN5436_c0_g1_i14.p1,-0.0870550716367278
TRINITY_DN86_c0_g1_i5.p1,-0.270763107130966
TRINITY_DN3787_c0_g1_i4.p1,-0.273260084099259
TRINITY_DN103_c3_g1_i1.p1,-0.152591532205693
TRINITY_DN1089_c0_g1_i4.p1,-0.251705899087645
TRINITY_DN12569_c0_g1_i6.p1,-0.162839465759016
TRINITY_DN21140_c0_g1_i3.p1,0.147149455346162
TRINITY_DN2619_c0_g1_i19.p1,0.227842337313337
TRINITY_DN6158_c0_g1_i5.p1,-0.168800402580703
TRINITY_DN68_c1_g1_i10.p1,0.387819221858348
TRINITY_DN13463_c0_g4_i1.p1,0.297723295487305
TRINITY_DN16816_c0_g1_i11.p1,0.494552385771023
TRINITY_DN17401_c0_g1_i1.p1,-0.451615308006497
TRINITY_DN1749_c0_g1_i5.p1,-0.107426353123928
TRINITY_DN182_c0_g3_i1.p1,0.127496460037977
TRINITY_DN1904_c0_g1_i21.p1,0.233102030530793
TRINITY_DN21784_c0_g1_i7.p1,0.287566054097029
TRINITY_DN21824_c0_g1_i1.p1,-0.126587173055902
TRINITY_DN3573_c1_g1_i1.p1,-0.18157810541766
TRINITY_DN401_c1_g1_i16.p1,-0.253759685377231
TRINITY_DN51728_c0_g5_i2.p1,-0.0888928754385833
TRINITY_DN52279_c0_g1_i1.p1,0.254676461611951
TRINITY_DN55535_c0_g4_i3.p1,-0.248604254540767
TRINITY_DN6948_c0_g1_i12.p1,-0.125410780880266
TRINITY_DN702_c0_g1_i13.p1,0.15375063573241
TRINITY_DN796_c1_g1_i9.p1,0.253068776547746
TRINITY_DN8189_c0_g1_i3.p1,0.22308653770689
TRINITY_DN164116_c0_g1_i1.p1,-0.112801831249846
TRINITY_DN3336_c4_g3_i1.p1,0.249772877273371
TRINITY_DN1182_c0_g3_i1.p1,-0.120177378979255
TRINITY_DN47176_c0_g1_i1.p1,-0.266892704416383
TRINITY_DN5783_c0_g1_i2.p1,-0.151877592807793
TRINITY_DN868_c18_g1_i1.p1,0.0712740487646666
TRINITY_DN14600_c0_g1_i1.p1,0.0963816325168515
TRINITY_DN1719_c1_g1_i1.p1,0.270436977669353
TRINITY_DN35506_c2_g1_i3.p1,-0.17066055975897
TRINITY_DN3306_c0_g2_i1.p1,0.0582921105546518
TRINITY_DN5989_c0_g1_i1.p1,-0.0579394043753755
TRINITY_DN14532_c1_g1_i2.p1,-0.169114132558406
TRINITY_DN470_c0_g1_i12.p1,0.182483530370014
TRINITY_DN17624_c0_g1_i1.p1,-0.0682041249551405
TRINITY_DN20174_c0_g1_i1.p1,0.201734870594018
TRINITY_DN76654_c0_g3_i1.p1,0.143040896050386
TRINITY_DN8663_c1_g1_i2.p1,-0.182606168814647
TRINITY_DN11514_c0_g1_i1.p1,-0.128445707037042
TRINITY_DN36124_c0_g1_i1.p1,-0.191382161282359
TRINITY_DN6129_c0_g2_i3.p1,-0.33875129155052
TRINITY_DN161439_c0_g1_i1.p1,0.10816583264971
TRINITY_DN10717_c0_g1_i8.p1,-0.270460255564352
TRINITY_DN1194_c1_g1_i2.p1,-0.39294834181987
TRINITY_DN13522_c0_g1_i1.p1,-0.21311902486135
TRINITY_DN14733_c0_g1_i1.p1,0.10599544164292
TRINITY_DN1556_c2_g1_i27.p1,0.316115868580936
TRINITY_DN17829_c0_g1_i2.p1,-0.165150254092465
TRINITY_DN25973_c0_g1_i1.p1,-0.0943458511221293
TRINITY_DN35546_c0_g1_i16.p1,-0.335880020962893
TRINITY_DN5997_c1_g1_i4.p1,-0.117327783079122
TRINITY_DN72303_c0_g1_i3.p1,0.0884679380369685
TRINITY_DN42369_c0_g1_i1.p1,0.0944715915535844
TRINITY_DN1920_c0_g1_i8.p1,-0.116216819190497
TRINITY_DN4309_c0_g1_i2.p1,0.113323584309185
TRINITY_DN8894_c0_g1_i1.p1,-0.187077548234515
TRINITY_DN1108_c0_g1_i7.p1,-0.155002741063553
TRINITY_DN12522_c0_g1_i1.p1,-0.132020770773165
TRINITY_DN12663_c1_g3_i1.p1,-0.139640073518112
TRINITY_DN19302_c1_g3_i2.p2,0.270889663905136
TRINITY_DN2945_c0_g1_i45.p1,-0.300410130120236
TRINITY_DN3637_c0_g6_i1.p1,-0.108551835843839
TRINITY_DN7106_c0_g1_i1.p1,-0.118253271727271
TRINITY_DN15809_c1_g1_i2.p1,-0.267810038710503
TRINITY_DN2538_c0_g1_i14.p1,0.278235403868237
TRINITY_DN1059_c0_g2_i3.p1,0.20879697549678
TRINITY_DN13245_c0_g2_i1.p1,-0.060701302385003
TRINITY_DN145370_c0_g1_i1.p1,-0.0922527549846939
TRINITY_DN1607_c0_g1_i5.p1,0.228217556467284
TRINITY_DN16393_c0_g1_i2.p1,-0.174001165891126
TRINITY_DN1701_c0_g1_i2.p1,0.090736431202605
TRINITY_DN2276_c0_g1_i3.p1,-0.274149785666394
TRINITY_DN2584_c0_g2_i2.p1,0.147462001274055
TRINITY_DN27628_c0_g1_i2.p1,0.151432845329877
TRINITY_DN2935_c2_g1_i7.p1,-0.0836983159580698
TRINITY_DN9563_c0_g1_i5.p1,-0.154451466907453
TRINITY_DN96012_c0_g1_i1.p1,0.176553290545259
TRINITY_DN22031_c0_g1_i2.p1,-0.0701281637176599
TRINITY_DN19269_c0_g1_i3.p1,-0.112808422919291
TRINITY_DN22336_c0_g1_i1.p1,0.157379457139705
TRINITY_DN10113_c0_g1_i1.p1,0.212379688734283
TRINITY_DN19747_c0_g2_i3.p1,0.109419988345102
TRINITY_DN2612_c0_g1_i3.p1,-0.19845026073152
TRINITY_DN26727_c0_g1_i2.p1,0.222236216776327
TRINITY_DN3112_c0_g1_i4.p1,0.154416976347559
TRINITY_DN43806_c0_g4_i1.p1,0.0660129887026992
TRINITY_DN9477_c0_g1_i1.p1,0.0580988003252925
TRINITY_DN321_c0_g4_i2.p1,0.209503865475454
TRINITY_DN6622_c0_g1_i1.p1,0.147214186456633
TRINITY_DN2624_c0_g1_i2.p1,-0.161809917026728
TRINITY_DN57955_c0_g1_i1.p1,0.311381214459354
TRINITY_DN12364_c0_g1_i4.p1,-0.191091775792516
TRINITY_DN3984_c0_g1_i3.p1,0.197230892710026
TRINITY_DN9965_c0_g1_i1.p1,-0.0605777226384326
TRINITY_DN16347_c0_g1_i2.p1,-0.0968643895795053
TRINITY_DN10076_c0_g1_i9.p1,0.245446211955138
TRINITY_DN15845_c0_g1_i6.p1,-0.163825554488605
TRINITY_DN40515_c0_g1_i9.p1,-0.205906387379527
TRINITY_DN4810_c0_g1_i2.p1,0.201906570951189
TRINITY_DN5668_c0_g1_i1.p1,0.0910185926464324
TRINITY_DN7276_c1_g1_i1.p1,0.0876854458481202
TRINITY_DN13752_c0_g1_i1.p1,0.163937713336377
TRINITY_DN14470_c0_g1_i2.p1,-0.251920982640542
TRINITY_DN177601_c0_g1_i1.p1,0.058731785491219
TRINITY_DN20264_c0_g1_i11.p1,-0.119545274548292
TRINITY_DN2043_c0_g2_i6.p1,-0.17045094312626
TRINITY_DN2093_c0_g1_i1.p1,-0.128758746824987
TRINITY_DN4355_c1_g1_i3.p1,-0.15870058507119
TRINITY_DN4430_c0_g1_i1.p1,-0.164212053494824
TRINITY_DN4956_c0_g1_i5.p1,-0.499838670997931
TRINITY_DN7122_c0_g1_i1.p1,1.27377025311769
TRINITY_DN8550_c0_g1_i1.p1,0.114301902669553
TRINITY_DN9692_c3_g1_i1.p1,-0.111426295980272
TRINITY_DN10890_c1_g1_i1.p1,-0.186648283947586
TRINITY_DN11787_c0_g1_i3.p1,-0.0991719765244725
TRINITY_DN12470_c0_g1_i1.p1,0.0890388105742129
TRINITY_DN1306_c1_g2_i1.p1,0.11109852771821
TRINITY_DN13081_c0_g1_i2.p1,0.0977909673224255
TRINITY_DN2052_c5_g1_i2.p1,0.112341605873815
TRINITY_DN24553_c1_g1_i1.p1,0.0972645224206474
TRINITY_DN33629_c0_g1_i1.p1,-0.208315541494277
TRINITY_DN38751_c0_g1_i2.p1,0.349211466252887
TRINITY_DN4561_c0_g1_i33.p1,-0.13865822591539
TRINITY_DN501_c1_g1_i7.p1,-0.109734023583684
TRINITY_DN938_c0_g1_i23.p1,-0.103416474205209
TRINITY_DN10344_c0_g1_i1.p1,-0.173604222303806
TRINITY_DN14046_c0_g4_i2.p1,0.264573666583232
TRINITY_DN1608_c0_g1_i10.p1,-0.265486754555533
TRINITY_DN17569_c0_g1_i1.p1,-0.0954405726498003
TRINITY_DN18731_c0_g1_i2.p1,-0.224267665947325
TRINITY_DN1926_c0_g1_i1.p1,0.084531686922828
TRINITY_DN1982_c3_g1_i1.p1,0.0855264563547359
TRINITY_DN40515_c0_g1_i14.p1,0.243406331185981
TRINITY_DN41409_c0_g1_i2.p1,0.197943181262819
TRINITY_DN94_c0_g2_i4.p1,0.253690196632333
TRINITY_DN9630_c1_g1_i2.p1,0.325536238519615
TRINITY_DN3029_c0_g1_i1.p1,0.180471387751568
TRINITY_DN11621_c0_g1_i1.p1,0.0559617120265883
TRINITY_DN1376_c0_g1_i1.p1,-0.135012397355771
TRINITY_DN15513_c0_g1_i10.p1,-0.23008514284445
TRINITY_DN15708_c0_g1_i1.p1,-0.0975207672520727
TRINITY_DN22334_c0_g1_i1.p2,-0.231227254845416
TRINITY_DN230_c0_g1_i36.p1,-0.187175386767156
TRINITY_DN29254_c0_g1_i4.p1,-0.190700718383035
TRINITY_DN33300_c0_g1_i3.p1,0.111784456693162
TRINITY_DN5253_c0_g1_i4.p1,-0.233641975050661
TRINITY_DN1217_c0_g1_i64.p1,-0.17124877611844
TRINITY_DN13683_c0_g1_i1.p1,0.115450494883033
TRINITY_DN177900_c0_g1_i1.p1,0.062859363798809
TRINITY_DN278_c0_g1_i8.p1,-0.106205430270498
TRINITY_DN31248_c0_g2_i1.p1,-0.224623889626662
TRINITY_DN38783_c0_g1_i1.p1,-0.0653151715814508
TRINITY_DN4435_c3_g1_i1.p1,-0.239252773704626
TRINITY_DN5841_c0_g1_i9.p1,0.227402318401442
TRINITY_DN845_c0_g2_i5.p1,0.270912387254525
TRINITY_DN707_c17_g1_i3.p1,-0.102084362135085
TRINITY_DN8629_c1_g2_i5.p1,-0.233363145503977
TRINITY_DN13014_c0_g1_i2.p1,-0.0787965250904128
TRINITY_DN32805_c2_g1_i1.p1,-0.128776917539135
TRINITY_DN501_c2_g4_i1.p1,0.105321590276177
TRINITY_DN1452_c7_g1_i1.p1,0.0964996193488838
TRINITY_DN6494_c0_g1_i5.p1,0.206730736564623
TRINITY_DN43478_c0_g1_i1.p1,0.0839263902243495
TRINITY_DN5670_c1_g1_i2.p1,-0.11334955618568
TRINITY_DN40913_c0_g2_i1.p1,-0.117423898049678
TRINITY_DN6610_c0_g1_i15.p1,0.191841719007492
TRINITY_DN25694_c0_g3_i1.p1,-0.209949033956611
TRINITY_DN20368_c0_g1_i6.p1,0.252999866495318
TRINITY_DN10988_c0_g1_i2.p1,0.0601164517792522
TRINITY_DN11170_c0_g1_i2.p1,-0.159956747548003
TRINITY_DN11322_c0_g2_i1.p1,-0.114031480052138
TRINITY_DN12564_c0_g1_i2.p1,-0.161962141819538
TRINITY_DN30257_c1_g1_i1.p1,-0.119521296986484
TRINITY_DN4052_c0_g1_i2.p1,0.337414268831931
TRINITY_DN841_c0_g1_i33.p1,0.333547986073867
TRINITY_DN8901_c0_g1_i1.p1,0.146288217853439
TRINITY_DN39542_c0_g2_i7.p1,0.157210858302552
TRINITY_DN3778_c0_g1_i1.p1,0.263034110727685
TRINITY_DN67193_c0_g2_i1.p1,-0.356335596400618
TRINITY_DN6140_c0_g1_i8.p1,-0.206010422785983
TRINITY_DN33037_c0_g1_i1.p1,0.179580093745554
TRINITY_DN11096_c0_g2_i5.p1,-0.336006990188357
TRINITY_DN14053_c0_g1_i1.p1,-0.104644256119854
TRINITY_DN2801_c0_g1_i7.p1,-0.18126002308036
TRINITY_DN3295_c4_g3_i2.p1,-0.0430031204554956
TRINITY_DN3376_c0_g1_i2.p1,0.0897407573921152
TRINITY_DN4163_c0_g1_i5.p1,0.245898024668175
TRINITY_DN4264_c0_g1_i1.p1,0.212597034694746
TRINITY_DN5077_c0_g1_i1.p1,-0.264379034262738
TRINITY_DN5324_c0_g1_i2.p1,-0.315298145918306
TRINITY_DN5923_c0_g1_i2.p1,-0.314597432407307
TRINITY_DN6247_c0_g1_i2.p1,-0.13231609185974
TRINITY_DN6736_c0_g1_i2.p1,0.175241745400365
TRINITY_DN6932_c0_g1_i1.p1,0.174461587501926
TRINITY_DN825_c0_g1_i7.p1,0.234122582254102
TRINITY_DN9378_c0_g1_i4.p1,0.184317682479977
TRINITY_DN179001_c0_g1_i1.p1,0.103096560688806
TRINITY_DN38041_c0_g2_i1.p1,0.0771592095940609
TRINITY_DN763_c0_g1_i14.p1,0.226008001991676
TRINITY_DN2276_c0_g1_i4.p1,0.197586356891621
TRINITY_DN65291_c0_g2_i10.p1,0.159475913077205
TRINITY_DN1183_c1_g1_i1.p1,-0.0570034479642174
TRINITY_DN16769_c0_g1_i2.p1,0.182320815777226
TRINITY_DN22014_c0_g1_i1.p1,0.11110362519234
TRINITY_DN26708_c0_g3_i9.p1,-0.192280866514778
TRINITY_DN644_c0_g1_i28.p1,0.194219909535347
TRINITY_DN945_c0_g1_i1.p1,-0.109381470373457
TRINITY_DN9650_c0_g1_i2.p1,-0.0638858566915534
TRINITY_DN11874_c0_g1_i5.p1,-0.0788882434085728
TRINITY_DN161318_c0_g1_i1.p1,-0.119711227886074
TRINITY_DN28433_c0_g1_i8.p1,0.312259301152761
TRINITY_DN1014_c1_g1_i1.p1,0.155771555714742
TRINITY_DN1108_c0_g1_i8.p1,0.169475055816691
TRINITY_DN2568_c0_g1_i7.p1,0.216007793773583
TRINITY_DN38884_c0_g1_i5.p1,0.329810907241865
TRINITY_DN8461_c0_g1_i2.p1,0.0703815068343669
TRINITY_DN8384_c2_g1_i1.p1,-0.107567556890918
TRINITY_DN855_c3_g2_i1.p1,-0.126628763241722
TRINITY_DN11639_c0_g1_i5.p1,-0.0654720080343541
TRINITY_DN13216_c1_g4_i1.p1,-0.0578909332742972
TRINITY_DN16924_c0_g1_i1.p1,-0.245923104343875
TRINITY_DN20985_c0_g1_i6.p1,-0.254276797163588
TRINITY_DN21771_c0_g1_i2.p1,0.183846662565373
TRINITY_DN2271_c6_g1_i1.p1,0.254697462197438
TRINITY_DN31453_c1_g1_i2.p1,0.291985808059989
TRINITY_DN5219_c0_g1_i7.p1,0.238806717741481
TRINITY_DN8061_c1_g1_i2.p1,0.224640774571986
TRINITY_DN825_c0_g1_i30.p1,0.119347606732761
TRINITY_DN76986_c0_g1_i2.p1,-0.1548976864638
TRINITY_DN10574_c0_g1_i10.p1,-0.187650722123142
TRINITY_DN4043_c0_g1_i5.p1,0.101169536018456
TRINITY_DN450_c7_g1_i1.p1,-0.222882870341917
TRINITY_DN6630_c0_g1_i1.p1,0.0535133982052357
TRINITY_DN23475_c0_g1_i42.p1,-0.613958358423417
TRINITY_DN15281_c0_g1_i9.p1,-0.133317223452479
TRINITY_DN84922_c0_g1_i1.p1,-0.236751454836083
TRINITY_DN1073_c0_g1_i4.p1,-0.536549791514187
TRINITY_DN21712_c0_g1_i1.p1,-0.0640859692010086
TRINITY_DN29407_c0_g1_i5.p1,-0.171546696226594
TRINITY_DN12251_c1_g1_i1.p1,-0.171731494369671
TRINITY_DN1201_c0_g2_i2.p1,0.134420074086084
TRINITY_DN4785_c2_g2_i3.p1,0.0997895711409559
TRINITY_DN26249_c0_g1_i1.p1,-0.159197391846501
TRINITY_DN3946_c0_g2_i8.p1,-0.112118126558134
TRINITY_DN6220_c0_g1_i9.p1,0.137885970614544
TRINITY_DN671_c3_g4_i1.p1,0.0465372462711425
TRINITY_DN5393_c0_g1_i5.p1,-0.273864797105452
TRINITY_DN3564_c0_g1_i19.p1,0.126321208450507
TRINITY_DN474_c0_g1_i1.p1,0.112300409726201
TRINITY_DN18302_c0_g1_i1.p1,-0.0498828268582255
TRINITY_DN7847_c0_g2_i1.p1,-0.271401080456786
TRINITY_DN9630_c0_g1_i2.p1,-0.185416901609356
TRINITY_DN6874_c1_g1_i15.p1,0.274074089743402
TRINITY_DN1667_c3_g2_i1.p1,0.160703524474543
TRINITY_DN28269_c1_g1_i2.p1,-0.096441478790142
TRINITY_DN10525_c0_g1_i7.p1,-0.230971822830155
TRINITY_DN11008_c0_g1_i2.p1,0.134063070657978
TRINITY_DN12888_c0_g1_i1.p1,0.154770035539504
TRINITY_DN129248_c0_g1_i1.p1,-0.099605833846757
TRINITY_DN18876_c0_g1_i1.p1,0.0975133651389366
TRINITY_DN19821_c0_g1_i1.p1,-0.252921269723113
TRINITY_DN21141_c0_g1_i11.p1,0.297821361164385
TRINITY_DN26679_c0_g1_i3.p1,-0.206930019773876
TRINITY_DN366_c1_g1_i7.p1,0.368088459926607
TRINITY_DN49883_c0_g1_i10.p1,-0.178099023112821
TRINITY_DN5615_c0_g1_i7.p1,-0.246954811374587
TRINITY_DN7350_c0_g1_i2.p1,-0.117881843899767
TRINITY_DN77065_c0_g1_i3.p1,-0.157904920050139
TRINITY_DN8736_c1_g1_i98.p1,0.13305353666514
TRINITY_DN9473_c0_g1_i2.p1,0.127984761414036
TRINITY_DN96128_c0_g1_i1.p1,-0.113311959130843
TRINITY_DN14106_c0_g1_i12.p1,0.104988316916432
TRINITY_DN148626_c0_g1_i1.p1,-0.497484291522601
TRINITY_DN22958_c0_g2_i3.p1,-0.100659482262035
TRINITY_DN107827_c0_g1_i1.p1,0.100482486922855
TRINITY_DN155_c0_g1_i4.p1,0.118511146065462
TRINITY_DN1611_c4_g1_i2.p1,-0.151147418569169
TRINITY_DN21774_c0_g1_i2.p1,-0.167210726475672
TRINITY_DN2242_c0_g1_i5.p1,0.0932539103411263
TRINITY_DN2518_c0_g1_i1.p1,-0.21879681391112
TRINITY_DN28152_c0_g1_i1.p1,0.0878196033515867
TRINITY_DN5661_c0_g1_i19.p1,-0.217122001156012
TRINITY_DN7849_c0_g2_i2.p1,0.190068280019922
TRINITY_DN9689_c0_g1_i9.p1,0.266624880316157
TRINITY_DN8502_c0_g1_i2.p1,-0.25441712338708
TRINITY_DN27931_c1_g1_i1.p1,0.208311612288081
TRINITY_DN1021_c0_g2_i1.p2,0.111280697372221
TRINITY_DN5352_c1_g1_i2.p1,-0.152601765479311
TRINITY_DN6220_c1_g1_i4.p1,0.161396612538123
TRINITY_DN2816_c0_g1_i2.p1,0.124002683783024
TRINITY_DN5390_c0_g1_i36.p1,0.318647995104729
TRINITY_DN633_c6_g1_i1.p1,0.0828991237601584
TRINITY_DN68111_c0_g1_i3.p1,0.210363696719978
TRINITY_DN8180_c0_g1_i1.p1,0.271626311300037
TRINITY_DN3062_c0_g1_i16.p1,0.0910819191761258
TRINITY_DN4953_c0_g1_i3.p1,-0.288389747150771
TRINITY_DN4621_c1_g1_i2.p1,0.261254461676962
TRINITY_DN9843_c0_g1_i1.p1,0.310950317219889
TRINITY_DN3997_c0_g1_i18.p1,-0.269251549211216
TRINITY_DN3444_c0_g1_i33.p1,-0.241143574240215
TRINITY_DN4004_c0_g1_i2.p1,0.178997220129172
TRINITY_DN167513_c0_g1_i1.p1,-0.261852806734351
TRINITY_DN8764_c0_g1_i39.p1,-0.236476903610243
TRINITY_DN8811_c0_g2_i1.p1,-0.426078678915384
TRINITY_DN5574_c0_g1_i1.p1,0.0626879284866789
TRINITY_DN1035_c0_g1_i6.p1,-0.155149697494295
TRINITY_DN1357_c0_g1_i2.p1,0.201173585303559
TRINITY_DN1393_c1_g1_i2.p1,0.0833710353392921
TRINITY_DN1715_c0_g1_i5.p1,-0.199652137881648
TRINITY_DN1822_c0_g1_i34.p1,0.252213347368918
TRINITY_DN20879_c0_g1_i1.p1,-0.264539647681406
TRINITY_DN22226_c0_g1_i8.p1,0.146485654626328
TRINITY_DN23025_c0_g1_i1.p1,-0.15859955440283
TRINITY_DN3162_c7_g1_i1.p1,-0.118612279452234
TRINITY_DN4164_c0_g1_i2.p1,0.105864153478228
TRINITY_DN6247_c5_g1_i1.p1,-0.188197141482294
TRINITY_DN6348_c0_g1_i22.p1,0.0915763475933908
TRINITY_DN12266_c0_g1_i21.p1,-0.190516410267409
TRINITY_DN10430_c0_g1_i1.p1,0.284533691321239
TRINITY_DN10556_c0_g1_i1.p1,0.123367678909859
TRINITY_DN141_c2_g1_i4.p1,-0.184134258237717
TRINITY_DN146431_c0_g1_i1.p1,0.0835894038112192
TRINITY_DN1567_c5_g1_i3.p1,0.158937595516073
TRINITY_DN17240_c0_g1_i2.p1,-0.154560567602689
TRINITY_DN17719_c0_g1_i1.p1,0.078925576251078
TRINITY_DN2520_c0_g1_i2.p1,0.124484494775963
TRINITY_DN5418_c0_g1_i1.p1,-0.092040832183077
TRINITY_DN54902_c0_g1_i1.p1,-0.279690669316801
TRINITY_DN6495_c0_g2_i13.p1,0.265458110899268
TRINITY_DN687_c2_g1_i4.p1,-0.142184361431983
TRINITY_DN6967_c0_g1_i2.p1,0.0961227480002677
TRINITY_DN20014_c1_g1_i1.p1,0.23202393877799
TRINITY_DN648_c6_g1_i3.p1,-0.118247942308462
TRINITY_DN1042_c1_g1_i1.p2,0.229964680714249
TRINITY_DN11213_c0_g1_i2.p1,0.142407352314111
TRINITY_DN36141_c0_g1_i1.p1,0.234768007859677
TRINITY_DN691_c0_g1_i11.p1,0.217854681072067
TRINITY_DN7060_c0_g1_i16.p1,0.216697442887023
TRINITY_DN1300_c0_g1_i7.p1,-0.162622726929246
TRINITY_DN1048_c5_g1_i2.p1,0.264393097636565
TRINITY_DN11028_c2_g1_i1.p1,-0.049723448666163
TRINITY_DN129670_c0_g1_i1.p1,-0.101596757846465
TRINITY_DN145085_c0_g1_i1.p1,-0.132791539228975
TRINITY_DN149876_c0_g1_i1.p1,-0.128991817192061
TRINITY_DN15730_c0_g1_i1.p1,-0.0869859429962205
TRINITY_DN1725_c3_g1_i2.p1,0.181091205354314
TRINITY_DN18790_c0_g1_i26.p1,-0.226764161250255
TRINITY_DN22208_c0_g1_i11.p1,-0.283434413941274
TRINITY_DN2285_c0_g1_i3.p1,0.203033362320719
TRINITY_DN2658_c0_g1_i2.p1,-0.233172416034191
TRINITY_DN29442_c0_g1_i1.p1,0.0498924690684558
TRINITY_DN35734_c0_g1_i1.p1,0.15138694356866
TRINITY_DN3615_c0_g1_i1.p1,-0.190942839749088
TRINITY_DN4755_c0_g1_i15.p1,0.229256251104501
TRINITY_DN5201_c0_g1_i19.p1,0.257018347622459
TRINITY_DN7804_c2_g1_i1.p1,-0.143239478844272
TRINITY_DN855_c5_g1_i2.p1,0.199470516523636
TRINITY_DN9409_c0_g1_i6.p1,-0.113846406746889
TRINITY_DN11841_c0_g1_i1.p1,-0.0784070693543782
TRINITY_DN866_c0_g1_i95.p1,0.153318759688307
TRINITY_DN1116_c0_g1_i3.p1,0.139163735686345
TRINITY_DN580_c0_g2_i9.p1,0.118213043085998
TRINITY_DN18639_c0_g1_i6.p1,0.18844882721663
TRINITY_DN23698_c0_g1_i2.p1,0.599718116375117
TRINITY_DN7103_c1_g1_i12.p1,-0.538067396009962
TRINITY_DN12879_c0_g1_i1.p1,-0.0659824666721042
TRINITY_DN147574_c0_g1_i1.p1,0.282273251666047
TRINITY_DN147616_c0_g1_i1.p1,0.0885871897439439
TRINITY_DN186_c2_g2_i1.p1,-0.182646939255855
TRINITY_DN18904_c0_g1_i1.p1,-0.0622801353718618
TRINITY_DN22936_c0_g1_i4.p1,0.258424618671717
TRINITY_DN2721_c2_g1_i7.p1,0.249713356611802
TRINITY_DN2913_c0_g1_i4.p1,0.126850269984445
TRINITY_DN32849_c0_g1_i1.p1,-0.256479120793202
TRINITY_DN3586_c1_g2_i1.p1,-0.217054400583357
TRINITY_DN46483_c0_g1_i5.p1,-0.153118285555726
TRINITY_DN5390_c0_g1_i34.p1,0.297159095678358
TRINITY_DN5413_c0_g1_i5.p1,0.109684337671524
TRINITY_DN681_c0_g1_i22.p1,0.124376712653055
TRINITY_DN8893_c7_g1_i1.p1,0.137257496172736
TRINITY_DN208_c0_g1_i2.p1,0.096931929112394
TRINITY_DN330_c1_g1_i1.p1,0.15281660783017
TRINITY_DN8553_c0_g1_i1.p1,-0.052157037249126
TRINITY_DN7103_c1_g1_i4.p1,-0.0784451504649307
TRINITY_DN4810_c0_g1_i26.p1,-0.153185635463379
TRINITY_DN11438_c1_g1_i1.p1,-0.182813786845919
TRINITY_DN12849_c0_g1_i2.p1,0.0969213816387442
TRINITY_DN1719_c1_g1_i16.p1,0.156858440145496
TRINITY_DN17676_c0_g1_i4.p1,0.155022629735089
TRINITY_DN17959_c1_g1_i1.p1,-0.206292108679915
TRINITY_DN180162_c0_g1_i1.p1,-0.0675084158880013
TRINITY_DN19086_c1_g3_i1.p1,0.256788135247449
TRINITY_DN20636_c0_g1_i2.p1,0.26483407117065
TRINITY_DN3039_c0_g1_i4.p1,0.0998365018006988
TRINITY_DN3205_c0_g2_i9.p1,0.21583480764741
TRINITY_DN32217_c0_g1_i1.p1,0.206704539159036
TRINITY_DN3432_c0_g1_i4.p1,-0.205793525191493
TRINITY_DN35704_c0_g1_i2.p1,-0.130540129093127
TRINITY_DN3667_c4_g1_i1.p1,0.0941158021212807
TRINITY_DN37773_c0_g1_i2.p1,-0.0896030025059602
TRINITY_DN381_c0_g1_i4.p1,0.159131877399541
TRINITY_DN3849_c0_g1_i8.p1,0.175159996113026
TRINITY_DN40110_c0_g1_i1.p1,-0.233654119380463
TRINITY_DN551_c0_g1_i2.p1,-0.0951947845477839
TRINITY_DN5713_c0_g1_i5.p1,0.131336589937443
TRINITY_DN6124_c1_g1_i2.p1,0.116405388290102
TRINITY_DN6610_c0_g1_i3.p1,-0.246349764144715
TRINITY_DN6987_c0_g1_i10.p1,0.163052436969604
TRINITY_DN8182_c0_g1_i1.p1,-0.207652109477582
TRINITY_DN8271_c0_g1_i4.p1,0.158781754832487
TRINITY_DN864_c1_g1_i1.p1,0.074602356650147
TRINITY_DN2337_c19_g1_i1.p1,-0.11714812604562
TRINITY_DN3865_c0_g1_i3.p1,0.119182608905031
TRINITY_DN134_c0_g1_i10.p1,0.341492792219089
TRINITY_DN12012_c0_g1_i11.p1,0.191819101070661
TRINITY_DN24481_c0_g1_i1.p1,-0.202551528990071
TRINITY_DN27306_c0_g1_i2.p1,-0.120240869230943
TRINITY_DN29305_c0_g1_i14.p1,-0.230193580657642
TRINITY_DN4562_c0_g1_i3.p1,0.189804487588103
TRINITY_DN590_c0_g1_i10.p1,-0.167446120553082
TRINITY_DN7068_c0_g1_i3.p1,0.0955277579331232
TRINITY_DN7735_c0_g1_i2.p1,-0.234914270715546
TRINITY_DN773_c2_g1_i3.p1,0.0514588508986914
TRINITY_DN10181_c0_g1_i1.p1,-0.0688129024119242
TRINITY_DN131898_c0_g1_i1.p1,0.087445397044752
TRINITY_DN1510_c0_g1_i1.p1,0.133288758039624
TRINITY_DN170_c4_g1_i1.p1,-0.148739873166792
TRINITY_DN178_c4_g1_i16.p1,-0.07369047727762
TRINITY_DN21746_c1_g1_i5.p1,-0.328720278813411
TRINITY_DN2749_c1_g1_i1.p1,-0.254534232391492
TRINITY_DN31171_c0_g1_i4.p1,0.199845234687624
TRINITY_DN33699_c0_g1_i87.p1,0.206871230341035
TRINITY_DN3954_c0_g1_i2.p1,0.117537437086968
TRINITY_DN12026_c0_g1_i1.p1,-0.120686835872403
TRINITY_DN170_c1_g1_i1.p1,-0.229706631822449
TRINITY_DN13948_c0_g3_i2.p1,0.162900587807516
TRINITY_DN15259_c0_g1_i1.p1,-0.266819338467524
TRINITY_DN2507_c0_g1_i41.p1,0.238392813669174
TRINITY_DN368_c0_g1_i34.p1,0.345493698975425
TRINITY_DN6638_c0_g2_i10.p1,-0.167948152059493
TRINITY_DN8850_c0_g1_i3.p1,0.234855073472485
TRINITY_DN27919_c0_g1_i1.p1,-0.0973103289214775
TRINITY_DN11714_c0_g1_i1.p1,0.0698644065287657
TRINITY_DN10362_c0_g1_i6.p1,-0.187268049249437
TRINITY_DN4879_c0_g1_i2.p1,0.202465301183572
TRINITY_DN6540_c1_g1_i4.p1,-0.136770005468299
TRINITY_DN881_c0_g1_i1.p1,0.104458905282174
TRINITY_DN708_c0_g1_i4.p1,0.106507614219357
TRINITY_DN7329_c1_g2_i1.p1,-0.107057842099763
TRINITY_DN144863_c0_g1_i2.p1,-0.148912509480926
TRINITY_DN1470_c0_g2_i3.p1,0.278889879798734
TRINITY_DN26768_c0_g1_i7.p1,-0.239450275876783
TRINITY_DN5470_c2_g1_i1.p2,0.21874268002891
TRINITY_DN8321_c2_g1_i2.p1,-0.303643991423766
TRINITY_DN1590_c0_g1_i3.p1,-0.178332079675254
TRINITY_DN8944_c0_g1_i1.p1,-0.137295211346376
TRINITY_DN11950_c0_g1_i4.p1,-0.226027453798194
TRINITY_DN5274_c0_g1_i3.p1,0.152137822999043
TRINITY_DN20422_c0_g2_i1.p1,-0.134140547485655
TRINITY_DN2196_c3_g1_i1.p1,0.107555649121495
TRINITY_DN3263_c0_g2_i5.p1,0.165895020266652
TRINITY_DN36519_c0_g1_i2.p1,-0.0819980059039576
TRINITY_DN4666_c1_g1_i6.p1,-0.146228164998431
TRINITY_DN579_c2_g1_i3.p1,0.872849223829433
TRINITY_DN7568_c0_g1_i33.p1,0.276503344282398
TRINITY_DN4953_c0_g1_i2.p1,-0.190390253273747
TRINITY_DN11144_c0_g1_i11.p1,-0.259754196376755
TRINITY_DN1094_c1_g1_i7.p1,0.259469553664575
TRINITY_DN1191_c0_g1_i1.p1,-0.30455560369807
TRINITY_DN598_c0_g4_i1.p1,0.0837832852800565
TRINITY_DN3230_c0_g1_i3.p1,-0.21812493947015
TRINITY_DN817_c1_g1_i26.p1,-0.203423290546265
TRINITY_DN1636_c0_g1_i9.p1,-0.147560071427248
TRINITY_DN7504_c0_g1_i2.p1,-0.240928659594256
TRINITY_DN11505_c0_g1_i3.p1,-0.133865021385801
TRINITY_DN1322_c0_g1_i1.p1,0.19738850571892
TRINITY_DN1402_c2_g1_i1.p1,0.159973673255477
TRINITY_DN1468_c0_g1_i13.p1,0.296651887362487
TRINITY_DN16314_c0_g1_i2.p1,0.140089861074712
TRINITY_DN1675_c0_g1_i2.p1,0.212105518603239
TRINITY_DN1825_c0_g1_i3.p1,0.186583266810993
TRINITY_DN18740_c0_g1_i2.p1,0.0861488310578028
TRINITY_DN2055_c0_g2_i4.p1,-0.262133531792277
TRINITY_DN22704_c0_g1_i1.p1,-0.117102276495036
TRINITY_DN26647_c0_g1_i5.p1,0.0744502990741255
TRINITY_DN27731_c0_g1_i1.p1,0.16231290547905
TRINITY_DN277_c0_g2_i1.p1,-0.160440688847137
TRINITY_DN3530_c0_g1_i1.p1,0.0849883164682183
TRINITY_DN37189_c0_g1_i1.p1,-0.145930193483688
TRINITY_DN38301_c0_g1_i1.p1,0.0735692433840829
TRINITY_DN38751_c0_g1_i3.p1,0.291066655107962
TRINITY_DN434_c0_g1_i4.p1,-0.242100559941518
TRINITY_DN47734_c1_g1_i1.p1,-0.0707340735837237
TRINITY_DN496_c1_g1_i1.p1,0.172484424949823
TRINITY_DN924_c0_g1_i4.p1,-0.312895723163243
TRINITY_DN10470_c0_g1_i3.p1,-0.251457333481024
TRINITY_DN1089_c0_g1_i3.p1,0.150231170531537
TRINITY_DN165366_c0_g1_i2.p1,-0.210661077329525
TRINITY_DN37257_c2_g1_i12.p1,0.280102003634927
TRINITY_DN12493_c5_g1_i1.p1,0.251232394813917
TRINITY_DN12564_c0_g1_i5.p1,0.231518027483437
TRINITY_DN145768_c0_g1_i1.p1,-0.0825428177642685
TRINITY_DN1959_c1_g1_i1.p1,-0.128954916465406
TRINITY_DN26106_c0_g1_i3.p1,0.24208863046408
TRINITY_DN26308_c0_g2_i3.p1,-0.224369472357062
TRINITY_DN37438_c0_g1_i1.p1,-0.14609610570927
TRINITY_DN40198_c1_g1_i5.p1,0.219614847859247
TRINITY_DN4073_c1_g1_i2.p1,0.0555618488142737
TRINITY_DN5129_c0_g1_i1.p2,-0.440120705744951
TRINITY_DN53566_c0_g1_i1.p1,-0.104234391620739
TRINITY_DN56720_c0_g1_i5.p1,0.0821801395909007
TRINITY_DN6429_c0_g1_i4.p1,0.217955179130067
TRINITY_DN7440_c0_g1_i2.p1,-0.24027338937361
TRINITY_DN8246_c0_g1_i14.p1,0.273070113120865
TRINITY_DN8384_c1_g2_i4.p1,0.172113772841437
TRINITY_DN876_c0_g1_i1.p1,0.0950528292777065
TRINITY_DN8790_c0_g1_i2.p1,-0.172876238966472
TRINITY_DN9339_c0_g1_i3.p1,-0.0642990106217146
TRINITY_DN96117_c0_g1_i3.p1,0.197503592439626
TRINITY_DN14819_c2_g1_i1.p1,0.106280598794901
TRINITY_DN2052_c7_g1_i1.p1,0.1341974704368
TRINITY_DN22606_c0_g3_i1.p1,-0.237324322739708
TRINITY_DN25770_c0_g1_i5.p1,0.282578716148213
TRINITY_DN27391_c0_g1_i7.p1,-0.226475753252243
TRINITY_DN16089_c0_g2_i2.p1,0.39012905376053
TRINITY_DN1034_c1_g1_i2.p1,0.253140235246028
TRINITY_DN1265_c0_g1_i1.p1,0.100682663222241
TRINITY_DN29906_c0_g1_i1.p1,0.0938117024838884
TRINITY_DN4292_c1_g2_i4.p1,0.043444092031834
TRINITY_DN45575_c0_g1_i4.p1,0.184579470308528
TRINITY_DN11110_c0_g1_i1.p1,-0.1281883028678
TRINITY_DN11185_c0_g1_i1.p1,0.197085605652907
TRINITY_DN1186_c0_g2_i3.p1,-0.150161933141954
TRINITY_DN1464_c0_g1_i2.p1,0.0677585468740628
TRINITY_DN16025_c0_g1_i4.p1,-0.0817984927165994
TRINITY_DN18519_c0_g1_i2.p1,-0.0875337887718721
TRINITY_DN20649_c0_g1_i12.p1,-0.122642165378769
TRINITY_DN20921_c0_g1_i2.p1,-0.0746643836837012
TRINITY_DN2261_c0_g1_i7.p1,-0.213846240058231
TRINITY_DN32999_c4_g1_i3.p1,-0.10795056656157
TRINITY_DN3672_c3_g1_i2.p1,0.163710057279889
TRINITY_DN4435_c6_g1_i3.p1,-0.0776336676462737
TRINITY_DN45712_c0_g1_i1.p1,-0.168902211276468
TRINITY_DN7219_c0_g1_i7.p2,-0.260096626914745
TRINITY_DN7475_c1_g1_i16.p1,-0.0948834289882858
TRINITY_DN79_c10_g1_i6.p1,0.202902478963112
TRINITY_DN95913_c0_g1_i1.p1,0.0820820152369634
TRINITY_DN979_c0_g1_i7.p1,-0.125241372085602
TRINITY_DN3017_c0_g1_i4.p2,0.221510762440282
TRINITY_DN8890_c0_g1_i4.p1,-0.0906262909288502
TRINITY_DN1192_c1_g1_i1.p1,-0.0925532899955725
TRINITY_DN15124_c1_g3_i2.p1,0.283866773531345
TRINITY_DN1782_c0_g1_i1.p1,-0.284422300015489
TRINITY_DN43512_c3_g1_i1.p1,0.192920323781278
TRINITY_DN43848_c0_g1_i1.p1,-0.227975705313359
TRINITY_DN4952_c1_g3_i1.p1,-0.0858650962933648
TRINITY_DN792_c2_g1_i65.p1,-0.192441941676552
TRINITY_DN8265_c0_g1_i1.p1,0.678265048625707
TRINITY_DN1065_c0_g1_i15.p1,-0.181198098645287
TRINITY_DN17350_c0_g1_i3.p1,-0.217209717874077
TRINITY_DN10751_c0_g1_i1.p1,-0.0980400504206497
TRINITY_DN114782_c0_g1_i2.p1,0.239554427023575
TRINITY_DN12850_c0_g1_i10.p1,-0.714003852584912
TRINITY_DN15635_c0_g1_i1.p1,-0.0423303573070678
TRINITY_DN28169_c0_g2_i1.p1,0.243778086996251
TRINITY_DN5091_c0_g1_i2.p1,-0.0980754617649934
TRINITY_DN837_c0_g1_i16.p1,-0.118484792940455
TRINITY_DN9237_c0_g1_i1.p1,0.192709695494558
TRINITY_DN3788_c1_g1_i1.p1,0.0797165970377356
TRINITY_DN16439_c0_g1_i1.p1,0.182515261990387
TRINITY_DN13371_c0_g1_i1.p1,0.217335259037735
TRINITY_DN10893_c0_g1_i2.p1,-0.133114987050112
TRINITY_DN17216_c0_g1_i3.p1,0.298598803443318
TRINITY_DN7060_c0_g1_i19.p1,0.170529517472705
TRINITY_DN1604_c0_g1_i3.p1,0.14614364343153
TRINITY_DN20646_c0_g2_i2.p1,-0.352269984806377
TRINITY_DN21067_c0_g2_i1.p1,-0.194949950823596
TRINITY_DN3084_c2_g1_i4.p1,0.12032486550613
TRINITY_DN13811_c3_g1_i1.p1,-0.0973925239622323
TRINITY_DN16124_c0_g1_i1.p1,0.112982297077379
TRINITY_DN31746_c1_g1_i1.p1,1.36031470433906
TRINITY_DN1178_c1_g1_i1.p1,0.0632332326009194
TRINITY_DN17768_c0_g1_i2.p1,0.184724229705241
TRINITY_DN18105_c1_g1_i2.p1,0.0915787220951933
TRINITY_DN19333_c0_g2_i1.p1,-0.106688104683749
TRINITY_DN2065_c45_g1_i1.p1,-0.137477202762462
TRINITY_DN4645_c1_g1_i2.p1,-0.190682710490513
TRINITY_DN5383_c0_g1_i6.p1,0.274125252737227
TRINITY_DN5449_c0_g1_i1.p1,-0.108696799274535
TRINITY_DN580_c0_g2_i12.p1,0.141197083390921
TRINITY_DN6718_c1_g1_i1.p1,-0.0875208969650589
TRINITY_DN910_c0_g2_i2.p1,-0.0770516067858325
TRINITY_DN22915_c0_g1_i1.p1,0.0820676458612769
TRINITY_DN4328_c1_g2_i1.p1,-0.093218949114562
TRINITY_DN837_c0_g1_i27.p1,0.16419230858363
TRINITY_DN10362_c0_g1_i1.p1,-0.3605879850086
TRINITY_DN3021_c0_g1_i8.p1,0.35276876387737
TRINITY_DN14064_c1_g2_i5.p1,0.210877639764532
TRINITY_DN15567_c0_g1_i1.p1,0.225785766597993
TRINITY_DN178214_c0_g1_i1.p1,0.242636672363602
TRINITY_DN2344_c0_g1_i24.p1,-0.134092868927402
TRINITY_DN4047_c0_g4_i1.p1,0.182090548129999
TRINITY_DN5601_c0_g1_i7.p1,-0.509338305499276
TRINITY_DN65005_c0_g1_i4.p1,-0.259631433281821
TRINITY_DN6684_c0_g1_i3.p1,0.0758755865175768
TRINITY_DN7447_c0_g1_i3.p1,-0.217844716619264
TRINITY_DN745_c1_g1_i1.p1,-0.255348984249456
TRINITY_DN7471_c1_g1_i1.p1,-0.0296656345377038
TRINITY_DN7975_c0_g1_i1.p1,-0.0466316941786259
TRINITY_DN96062_c0_g1_i1.p1,0.0747582138203729
TRINITY_DN7619_c0_g1_i2.p3,-0.293996228096744
TRINITY_DN65005_c0_g1_i10.p1,-0.224730698688787
TRINITY_DN10063_c0_g1_i1.p1,-0.25603441717107
TRINITY_DN129630_c0_g1_i1.p1,-0.0651237318490261
TRINITY_DN13462_c1_g1_i2.p1,-0.142929671353702
TRINITY_DN2620_c1_g1_i2.p1,0.257826072604195
TRINITY_DN2739_c0_g1_i1.p1,-0.0647120774036004
TRINITY_DN27494_c0_g1_i4.p1,-0.188220228858076
TRINITY_DN32984_c0_g1_i3.p1,-0.138210656406852
TRINITY_DN3655_c1_g1_i1.p1,-0.0986920136703623
TRINITY_DN40368_c0_g1_i1.p1,0.204617091004436
TRINITY_DN427_c0_g1_i16.p1,-0.243307995937316
TRINITY_DN433_c2_g1_i8.p1,0.156476421969749
TRINITY_DN46972_c0_g1_i2.p1,-0.135782258093575
TRINITY_DN4975_c0_g1_i1.p1,-0.0997078529851979
TRINITY_DN5770_c0_g4_i1.p1,0.0948149464734218
TRINITY_DN59482_c1_g2_i18.p1,-0.0559164669339631
TRINITY_DN60640_c1_g2_i1.p1,-0.115269346141068
TRINITY_DN6150_c0_g1_i3.p1,0.14176949184789
TRINITY_DN87260_c2_g2_i3.p1,-0.178431053925605
TRINITY_DN9183_c0_g1_i2.p1,0.159067498286139
TRINITY_DN1116_c0_g1_i1.p1,0.175491045355049
TRINITY_DN18673_c0_g2_i1.p1,-0.0971974877593373
TRINITY_DN18980_c1_g1_i1.p1,-0.180785494023692
TRINITY_DN25158_c0_g1_i3.p1,0.0561158144861809
TRINITY_DN3832_c0_g1_i1.p1,0.0827341333004006
TRINITY_DN8790_c0_g1_i5.p1,0.106143078545285
TRINITY_DN2218_c0_g1_i3.p1,-0.112427312121839
TRINITY_DN4145_c0_g1_i1.p1,0.102418947703691
TRINITY_DN49721_c0_g1_i1.p1,0.155863799230461
TRINITY_DN6407_c0_g1_i1.p1,-0.240172805223424
TRINITY_DN67742_c0_g2_i1.p1,-0.0855561200014399
TRINITY_DN8907_c0_g1_i7.p1,-0.207292906582373
TRINITY_DN1637_c0_g1_i2.p1,-0.0820403774759578
TRINITY_DN4990_c0_g1_i1.p1,-0.173709686546372
TRINITY_DN10763_c0_g1_i2.p1,0.215696917846055
TRINITY_DN1296_c0_g1_i1.p1,-0.0847924871853284
TRINITY_DN1902_c2_g1_i3.p1,-0.190086191335786
TRINITY_DN34189_c0_g1_i1.p1,-0.0919591913428455
TRINITY_DN8112_c0_g1_i2.p1,0.0866843520640588
TRINITY_DN9598_c0_g1_i1.p1,0.0574429419201834
TRINITY_DN6348_c0_g1_i10.p1,0.117043578902619
TRINITY_DN14137_c0_g1_i1.p1,-0.0305588737841275
TRINITY_DN681_c0_g1_i20.p1,0.110847410944202
TRINITY_DN1921_c1_g1_i1.p1,0.128943106879076
TRINITY_DN2774_c0_g1_i8.p1,0.224743636004865
TRINITY_DN28902_c0_g1_i3.p1,0.203735193862656
TRINITY_DN29850_c0_g1_i1.p1,0.278040304048413
TRINITY_DN10950_c0_g1_i1.p1,0.139308781967255
TRINITY_DN10138_c1_g2_i1.p1,0.0387977112141572
TRINITY_DN16488_c0_g1_i1.p1,-0.120416558776766
TRINITY_DN1858_c0_g1_i1.p1,0.0677405022071232
TRINITY_DN6438_c0_g1_i2.p1,0.179384947412661
TRINITY_DN180_c1_g1_i12.p1,0.223538579367058
TRINITY_DN7344_c0_g1_i5.p1,-0.158875968636332
TRINITY_DN11700_c0_g1_i1.p1,-0.238736549509547
TRINITY_DN4084_c0_g1_i1.p1,0.236961461713526
TRINITY_DN12083_c0_g2_i6.p1,0.134491499345152
TRINITY_DN1380_c0_g1_i7.p1,0.22664899252231
TRINITY_DN1385_c0_g1_i14.p1,0.156814870396331
TRINITY_DN14904_c1_g5_i1.p1,-0.148138887397834
TRINITY_DN162255_c0_g1_i3.p1,0.16659209448023
TRINITY_DN17884_c0_g1_i1.p1,-0.0486658267807065
TRINITY_DN23346_c0_g1_i2.p1,-0.0535496978832264
TRINITY_DN34988_c0_g1_i2.p1,0.0605867001138699
TRINITY_DN4271_c0_g3_i1.p1,-0.0378170475608685
TRINITY_DN44710_c0_g1_i1.p1,-0.117488560820879
TRINITY_DN67_c2_g1_i1.p1,-0.0715565113030931
TRINITY_DN7932_c1_g1_i1.p1,-0.266131338571206
TRINITY_DN983_c1_g1_i4.p1,-0.226075926443556
TRINITY_DN10842_c0_g1_i1.p1,-0.136780152533272
TRINITY_DN7890_c0_g1_i2.p1,0.0976051453857672
TRINITY_DN41250_c0_g1_i1.p1,-0.0712037019922487
TRINITY_DN2742_c0_g1_i2.p1,0.14852792460296
TRINITY_DN29771_c0_g1_i2.p1,0.0762259242593517
TRINITY_DN8697_c0_g4_i2.p1,-0.256401194389149
TRINITY_DN1308_c0_g1_i32.p1,0.180391027096703
TRINITY_DN144761_c0_g1_i1.p1,-0.106547451338417
TRINITY_DN16492_c0_g1_i1.p1,0.163134010492621
TRINITY_DN22892_c1_g3_i11.p1,0.203557984938297
TRINITY_DN3242_c0_g1_i13.p1,0.0845642074475895
TRINITY_DN781_c0_g1_i12.p1,-0.157936948675081
TRINITY_DN885_c0_g1_i2.p1,0.0624333125780374
TRINITY_DN9630_c1_g1_i9.p1,0.133524273496548
TRINITY_DN4435_c1_g1_i7.p1,0.150530849805055
TRINITY_DN5218_c0_g1_i1.p1,0.159290866975575
TRINITY_DN11471_c1_g6_i1.p1,0.256389055505821
TRINITY_DN19937_c0_g1_i4.p1,-0.17948828328645
TRINITY_DN112_c10_g1_i1.p1,0.0840829689828562
TRINITY_DN15518_c0_g1_i1.p1,0.395496949465289
TRINITY_DN16787_c0_g2_i1.p1,0.0555883440963286
TRINITY_DN19257_c0_g1_i2.p1,0.165009830543789
TRINITY_DN2239_c0_g2_i1.p1,0.0443749500085791
TRINITY_DN2403_c1_g1_i1.p1,-0.107451967881848
TRINITY_DN26659_c0_g1_i1.p1,-0.0951569972486942
TRINITY_DN26736_c1_g3_i2.p1,0.17891369852774
TRINITY_DN3389_c0_g1_i3.p1,0.0948312651688265
TRINITY_DN6371_c1_g1_i2.p1,-0.0824678949981613
TRINITY_DN6925_c0_g1_i6.p1,0.0987090535631107
TRINITY_DN9989_c2_g1_i1.p1,-0.0433953189369828
TRINITY_DN16153_c1_g2_i1.p2,-0.162453984690041
TRINITY_DN3769_c0_g2_i1.p1,0.161759090855111
TRINITY_DN38737_c0_g1_i2.p1,-0.0696239760967284
TRINITY_DN112_c85_g1_i1.p1,-0.117704935567301
TRINITY_DN11675_c0_g1_i1.p1,-0.0813854547411764
TRINITY_DN2323_c0_g1_i12.p1,-0.152920516714902
TRINITY_DN3985_c0_g1_i3.p1,0.118682709202747
TRINITY_DN29265_c2_g1_i4.p1,-0.0703744530824897
TRINITY_DN1034_c0_g1_i42.p1,0.178046514996102
TRINITY_DN1038_c9_g4_i1.p1,0.28251394459933
TRINITY_DN1052_c2_g1_i1.p1,-0.299400409001107
TRINITY_DN112308_c0_g1_i1.p1,-0.10492183340209
TRINITY_DN11656_c0_g1_i1.p1,-0.233233472423361
TRINITY_DN12275_c0_g1_i1.p1,-0.0917214630868931
TRINITY_DN12540_c0_g1_i1.p1,0.0638331951086352
TRINITY_DN129520_c0_g1_i1.p1,0.207508335533457
TRINITY_DN132330_c0_g1_i1.p1,0.0974421962444695
TRINITY_DN15914_c0_g1_i2.p1,0.102330982220083
TRINITY_DN161491_c0_g1_i2.p1,0.620000234392223
TRINITY_DN16259_c1_g1_i24.p1,-0.235521742092948
TRINITY_DN16642_c0_g2_i1.p1,-0.0907918003121033
TRINITY_DN177834_c0_g1_i2.p1,-0.201552751721901
TRINITY_DN178538_c0_g1_i1.p1,0.114030397621372
TRINITY_DN178997_c0_g1_i1.p1,-0.0917152734030105
TRINITY_DN19698_c0_g1_i1.p1,-0.081571878345341
TRINITY_DN20404_c0_g1_i1.p1,-0.148434877731128
TRINITY_DN22428_c0_g1_i7.p1,0.180854071008345
TRINITY_DN2381_c0_g1_i6.p1,0.132942592673827
TRINITY_DN25005_c0_g1_i5.p1,0.197875434240914
TRINITY_DN2618_c0_g1_i5.p1,-0.213598292967614
TRINITY_DN26675_c0_g1_i1.p1,-0.191320703966484
TRINITY_DN2759_c0_g1_i2.p1,0.117837051882431
TRINITY_DN28402_c0_g1_i1.p1,0.186732976149971
TRINITY_DN29670_c0_g1_i1.p1,-0.0691268217974822
TRINITY_DN29804_c0_g1_i2.p1,0.159474380503541
TRINITY_DN3415_c2_g3_i1.p1,-0.0663228441341123
TRINITY_DN40390_c2_g1_i3.p1,-0.204735898213885
TRINITY_DN4770_c0_g1_i11.p1,-0.239527410184489
TRINITY_DN479_c0_g1_i1.p1,0.100999278832575
TRINITY_DN5155_c1_g1_i1.p1,0.179910359486095
TRINITY_DN527_c0_g1_i2.p1,0.104512831066689
TRINITY_DN5323_c0_g2_i2.p1,-0.171674551620337
TRINITY_DN5861_c0_g1_i1.p1,-0.765055354854532
TRINITY_DN6092_c1_g1_i1.p1,-0.0878800953394936
TRINITY_DN6300_c0_g1_i27.p1,-0.106461932772844
TRINITY_DN671_c1_g1_i2.p1,-0.0676521849027209
TRINITY_DN68219_c0_g2_i1.p1,0.175369231720202
TRINITY_DN6854_c0_g1_i2.p1,0.178934011569826
TRINITY_DN693_c0_g1_i4.p1,-0.272316720733234
TRINITY_DN763_c0_g1_i7.p1,0.0523767027967386
TRINITY_DN7684_c2_g2_i1.p1,0.0676705222620275
TRINITY_DN844_c0_g1_i3.p1,-0.185140288158162
TRINITY_DN8532_c0_g1_i5.p1,0.193642912375617
TRINITY_DN989_c0_g1_i1.p1,-0.0890196234690174
TRINITY_DN11108_c0_g2_i3.p1,-0.170585302052622
TRINITY_DN16772_c0_g1_i1.p1,0.086774407798179
TRINITY_DN1976_c0_g1_i7.p1,0.293219818598068
TRINITY_DN2276_c0_g1_i14.p1,0.0956495471845059
TRINITY_DN2430_c1_g1_i10.p1,0.224361520857003
TRINITY_DN29913_c0_g2_i4.p1,0.21960061853434
TRINITY_DN103657_c0_g1_i1.p1,0.270759555027171
TRINITY_DN126_c0_g1_i7.p1,-0.0677978127633572
TRINITY_DN132923_c0_g1_i1.p1,-0.070166665771035
TRINITY_DN14670_c0_g3_i1.p2,0.192489988946403
TRINITY_DN146809_c0_g1_i1.p1,-0.16999512411227
TRINITY_DN1748_c0_g2_i1.p1,0.246043870569836
TRINITY_DN2369_c0_g1_i14.p1,-0.180248070351755
TRINITY_DN24555_c0_g1_i6.p1,-0.106390460214203
TRINITY_DN46525_c0_g2_i1.p1,0.187024575404663
TRINITY_DN56411_c0_g2_i2.p1,0.197171491029987
TRINITY_DN6605_c0_g1_i1.p1,0.23812399185671
TRINITY_DN6855_c0_g1_i4.p1,-0.116891385299972
TRINITY_DN7508_c0_g1_i12.p1,0.181368318615621
TRINITY_DN8246_c1_g1_i16.p1,0.15877234220066
TRINITY_DN8246_c1_g1_i2.p1,0.138535512748502
TRINITY_DN8293_c0_g1_i4.p1,-0.200319207831665
TRINITY_DN20834_c0_g1_i1.p1,0.12412752041302
TRINITY_DN5878_c1_g1_i18.p1,0.127658995470763
TRINITY_DN5298_c0_g1_i4.p1,0.177073922674869
TRINITY_DN7673_c0_g1_i1.p1,-0.067762178422318
TRINITY_DN129070_c0_g1_i1.p1,-0.058761478600203
TRINITY_DN1694_c0_g1_i35.p1,0.0955931493897068
TRINITY_DN20301_c0_g1_i2.p1,-0.160646661248778
TRINITY_DN2693_c0_g1_i1.p1,0.154899822737796
TRINITY_DN3039_c0_g1_i2.p1,-0.102220565105971
TRINITY_DN782_c1_g2_i2.p1,-0.109281696561435
TRINITY_DN15231_c0_g3_i1.p1,-0.147329242583857
TRINITY_DN184732_c0_g1_i1.p1,0.269537435896916
TRINITY_DN23379_c0_g1_i1.p1,-0.147101277541256
TRINITY_DN6497_c0_g1_i2.p1,0.121881143681783
TRINITY_DN92599_c0_g1_i1.p1,-0.058308735316038
TRINITY_DN69605_c0_g1_i1.p1,0.069670852278651
TRINITY_DN16284_c0_g1_i1.p1,-0.094348441786545
TRINITY_DN2732_c4_g1_i1.p1,-0.0952135128652514
TRINITY_DN11903_c0_g1_i1.p1,-0.118671395069906
TRINITY_DN11908_c0_g1_i1.p1,0.183390395214746
TRINITY_DN13955_c0_g1_i3.p1,0.789707403439382
TRINITY_DN1430_c0_g1_i22.p1,-0.225857706992615
TRINITY_DN15238_c0_g1_i7.p1,-0.163022857132305
TRINITY_DN16269_c0_g1_i2.p1,-0.184516192428785
TRINITY_DN164060_c0_g1_i2.p1,0.0780267208368618
TRINITY_DN18994_c0_g1_i4.p1,-0.218142633480338
TRINITY_DN1936_c4_g5_i2.p3,0.171303692418794
TRINITY_DN24310_c2_g1_i3.p1,-0.0988622166073209
TRINITY_DN271_c0_g1_i1.p1,0.217793608509512
TRINITY_DN280_c1_g1_i5.p1,0.158812706733285
TRINITY_DN303_c0_g1_i40.p1,-0.218056240604751
TRINITY_DN31067_c0_g1_i1.p1,0.0591462280277914
TRINITY_DN38742_c0_g1_i1.p1,-0.0535586258272782
TRINITY_DN3907_c0_g1_i6.p1,-0.149636131795699
TRINITY_DN4114_c0_g1_i7.p1,0.243229167430948
TRINITY_DN542_c0_g1_i15.p1,0.222332663439655
TRINITY_DN6137_c0_g1_i3.p1,0.164878634767133
TRINITY_DN6247_c5_g2_i2.p1,-0.0979746104990202
TRINITY_DN62594_c0_g3_i1.p1,-0.0732230940596602
TRINITY_DN7113_c18_g1_i3.p1,0.0709254451577651
TRINITY_DN7177_c0_g4_i1.p1,0.192061015988553
TRINITY_DN7251_c1_g1_i1.p1,0.0538561431491968
TRINITY_DN751_c0_g1_i1.p1,0.074557607686191
TRINITY_DN7943_c0_g1_i2.p1,-0.0800927358982607
TRINITY_DN82369_c0_g1_i2.p1,-0.206343534270881
TRINITY_DN84214_c0_g2_i1.p1,0.106256265089751
TRINITY_DN853_c0_g1_i9.p1,0.200026409295747
TRINITY_DN8664_c0_g1_i6.p1,0.133839345416425
TRINITY_DN9827_c0_g1_i3.p1,0.136261123089551
TRINITY_DN24961_c0_g1_i1.p1,0.15754846163236
TRINITY_DN2701_c0_g1_i1.p1,0.0762429302892151
TRINITY_DN279_c6_g1_i2.p1,-0.0903664795434106
TRINITY_DN3529_c0_g1_i10.p1,-0.169084638337977
TRINITY_DN7544_c0_g1_i1.p1,0.0945822330191866
TRINITY_DN537_c0_g1_i5.p1,0.127881075839659
TRINITY_DN60150_c0_g1_i1.p1,-0.154058974666843
TRINITY_DN182912_c0_g1_i1.p1,-0.0691221468698908
TRINITY_DN1832_c0_g1_i1.p1,0.0801243971099566
TRINITY_DN382_c0_g1_i8.p1,-0.122718227541349
TRINITY_DN39649_c0_g1_i1.p1,0.210674701072447
TRINITY_DN762_c1_g1_i1.p1,0.180726248390243
TRINITY_DN76785_c0_g1_i1.p2,0.225347803428845
TRINITY_DN6268_c1_g1_i1.p1,0.180991070158526
TRINITY_DN17127_c0_g1_i6.p1,-0.0895831111268891
TRINITY_DN1117_c1_g1_i66.p1,-0.152113043185306
TRINITY_DN26679_c1_g1_i2.p1,-0.121222918809366
TRINITY_DN41181_c0_g1_i1.p1,0.090788332035786
TRINITY_DN178558_c0_g1_i1.p1,-0.0638275571930943
TRINITY_DN23405_c0_g1_i1.p1,0.119307853666031
TRINITY_DN24215_c0_g1_i13.p1,-0.18389697742839
TRINITY_DN29636_c1_g1_i2.p1,0.139974439689048
TRINITY_DN49602_c0_g1_i2.p1,-0.260895234857679
TRINITY_DN871_c1_g2_i1.p1,0.0744830979524822
TRINITY_DN1285_c0_g2_i1.p1,-0.200938522289154
TRINITY_DN15281_c0_g1_i22.p1,-0.4521507200118
TRINITY_DN161585_c0_g1_i1.p1,-0.136501657024148
TRINITY_DN28571_c0_g1_i1.p1,-0.0834101202077848
TRINITY_DN47746_c0_g1_i3.p1,-0.267602785867521
TRINITY_DN29778_c0_g1_i1.p1,-0.11336049017442
TRINITY_DN1430_c0_g1_i20.p1,0.207515706962067
TRINITY_DN26819_c0_g2_i2.p1,-0.360144444478851
TRINITY_DN2776_c4_g1_i1.p1,0.0522588922079876
TRINITY_DN327_c0_g3_i1.p1,0.0763265866098039
TRINITY_DN453_c0_g1_i31.p1,0.137854653658314
TRINITY_DN1213_c1_g1_i32.p1,-0.116289689784003
TRINITY_DN271_c0_g1_i17.p1,-0.334352807935442
TRINITY_DN470_c0_g1_i7.p1,0.145293156733557
TRINITY_DN50820_c0_g1_i5.p1,-0.191640941409837
TRINITY_DN112396_c0_g1_i2.p1,-0.0596375145743875
TRINITY_DN27048_c0_g1_i1.p1,-0.0917331510021237
TRINITY_DN3082_c0_g1_i2.p1,0.110061026533291
TRINITY_DN10062_c0_g1_i1.p1,0.08402071575851
TRINITY_DN1379_c0_g3_i3.p2,0.261263494630658
TRINITY_DN170_c2_g1_i2.p1,0.185905617613295
TRINITY_DN3564_c0_g1_i5.p1,0.120632396560385
TRINITY_DN41070_c1_g1_i2.p1,-0.222172631189555
TRINITY_DN37359_c0_g2_i2.p1,0.0343327122598984
TRINITY_DN8750_c0_g1_i1.p1,-0.0983131937280679
TRINITY_DN1536_c0_g1_i4.p1,0.0991179245819071
TRINITY_DN23934_c0_g1_i3.p1,-0.0937039006957929
TRINITY_DN31_c2_g1_i5.p1,0.0824876219601467
TRINITY_DN963_c0_g1_i63.p1,0.112988018541363
TRINITY_DN6828_c0_g2_i3.p1,0.264274966848791
TRINITY_DN12369_c0_g2_i2.p1,0.136146264952314
TRINITY_DN542_c2_g1_i1.p1,-0.0677875864808348
TRINITY_DN10218_c0_g4_i2.p1,-0.0906375018920008
TRINITY_DN12231_c0_g2_i2.p1,0.20541796030286
TRINITY_DN1267_c0_g1_i2.p1,-0.0837096002716514
TRINITY_DN14472_c1_g1_i2.p1,0.17706242177321
TRINITY_DN15328_c0_g1_i1.p1,0.0974577819440887
TRINITY_DN1556_c2_g1_i6.p1,0.162380858911916
TRINITY_DN16398_c0_g2_i1.p1,-0.0609720335448107
TRINITY_DN2285_c2_g2_i7.p1,-0.102530594478917
TRINITY_DN2362_c2_g1_i10.p1,0.111492920477233
TRINITY_DN24115_c0_g1_i2.p1,0.163079195838384
TRINITY_DN2892_c0_g2_i1.p1,0.0929276786014957
TRINITY_DN3038_c0_g1_i7.p1,-0.346948140095295
TRINITY_DN3065_c0_g1_i1.p1,0.0501752256697009
TRINITY_DN41962_c0_g1_i1.p1,-0.0665781062140837
TRINITY_DN4920_c1_g1_i2.p1,-0.130306753188481
TRINITY_DN55112_c0_g2_i3.p1,0.112115483660394
TRINITY_DN5576_c0_g1_i7.p1,-0.0883122641735574
TRINITY_DN6855_c0_g1_i2.p1,0.136471503711914
TRINITY_DN97072_c0_g1_i1.p1,-0.0598245559485066
TRINITY_DN31672_c0_g1_i1.p1,0.041165001043746
TRINITY_DN8936_c0_g1_i1.p1,-0.0941191948801741
TRINITY_DN192_c0_g1_i11.p1,-0.218144619338014
TRINITY_DN4521_c0_g1_i28.p1,-0.236954188358939
TRINITY_DN4401_c2_g1_i1.p1,0.0622027570108097
TRINITY_DN146512_c0_g1_i1.p1,-0.10652917945107
TRINITY_DN19230_c4_g1_i1.p1,0.0961361390202512
TRINITY_DN3066_c0_g2_i1.p2,-0.20731520504534
TRINITY_DN36343_c0_g1_i1.p1,0.105674220798648
TRINITY_DN4561_c0_g1_i3.p1,-0.120675996855743
TRINITY_DN469_c2_g1_i1.p1,0.310333367377726
TRINITY_DN7015_c0_g1_i1.p1,0.0627539582652362
TRINITY_DN8049_c0_g1_i1.p1,0.0632993057651594
TRINITY_DN26353_c0_g2_i3.p1,-0.102888340607445
TRINITY_DN1162_c2_g2_i1.p1,-0.0866635172146165
TRINITY_DN1335_c0_g4_i1.p1,0.193878816642381
TRINITY_DN14269_c0_g1_i1.p1,-0.189859087746448
TRINITY_DN15210_c1_g1_i1.p1,-0.085171109054478
TRINITY_DN1740_c0_g1_i1.p1,0.0923407306103255
TRINITY_DN180919_c0_g1_i1.p1,0.132452168552767
TRINITY_DN19196_c1_g2_i4.p1,0.0921961802697723
TRINITY_DN2099_c0_g1_i2.p1,-0.211199618820533
TRINITY_DN21784_c0_g1_i11.p1,0.168838796159987
TRINITY_DN2376_c0_g2_i4.p1,0.114519859517646
TRINITY_DN2863_c1_g2_i1.p1,-0.0605013514625551
TRINITY_DN2927_c0_g1_i5.p1,0.124583861805235
TRINITY_DN2_c8_g1_i2.p1,0.0934238770385581
TRINITY_DN3294_c0_g1_i1.p1,0.0572361426206362
TRINITY_DN35738_c1_g1_i1.p1,0.172085623105662
TRINITY_DN37949_c0_g1_i1.p1,-0.0629880730427846
TRINITY_DN39005_c0_g1_i1.p1,-0.316050439169069
TRINITY_DN4326_c1_g2_i1.p1,-0.183816638627303
TRINITY_DN4858_c0_g1_i1.p1,0.221560559413422
TRINITY_DN501_c3_g1_i1.p1,0.140908986626517
TRINITY_DN5913_c0_g1_i2.p1,0.134676457244574
TRINITY_DN611_c3_g1_i2.p1,0.106499305479637
TRINITY_DN6717_c0_g1_i1.p1,0.0644527266752373
TRINITY_DN7_c0_g2_i1.p1,0.175048871197517
TRINITY_DN7_c1_g1_i1.p1,0.119643192708471
TRINITY_DN979_c0_g1_i1.p1,-0.207313213417972
TRINITY_DN9993_c1_g1_i1.p1,-0.180030249153469
TRINITY_DN33840_c0_g1_i1.p1,0.0662686270756883
TRINITY_DN733_c13_g1_i1.p1,-0.110731904459807
TRINITY_DN2714_c0_g1_i2.p1,0.322788110916874
TRINITY_DN13917_c0_g1_i2.p1,0.191663795006998
TRINITY_DN58986_c0_g1_i3.p1,-0.24592403262127
TRINITY_DN20479_c0_g1_i4.p1,0.221222048189726
TRINITY_DN211_c0_g1_i11.p1,-0.149452717533861
TRINITY_DN39361_c0_g1_i16.p1,0.186963632565142
TRINITY_DN113554_c0_g1_i1.p1,-0.273235369667978
TRINITY_DN12256_c0_g2_i8.p1,0.129255347543319
TRINITY_DN2180_c0_g1_i1.p1,0.0567020937682393
TRINITY_DN39007_c0_g1_i1.p1,0.139758267652397
TRINITY_DN3948_c0_g1_i4.p1,0.121398324326334
TRINITY_DN4496_c0_g2_i2.p1,0.0730387546000897
TRINITY_DN5179_c0_g1_i2.p1,-0.162961925634712
TRINITY_DN5207_c0_g1_i1.p1,0.177226553177459
TRINITY_DN6349_c0_g2_i2.p1,-0.0608724998869771
TRINITY_DN64069_c0_g2_i2.p1,0.203467660646684
TRINITY_DN11127_c0_g1_i35.p1,-0.170525535445148
TRINITY_DN368_c0_g1_i14.p1,-0.17690853647127
TRINITY_DN114018_c0_g1_i1.p1,0.0564878826418261
TRINITY_DN49532_c3_g1_i1.p1,-0.117986066248451
TRINITY_DN19369_c0_g2_i1.p1,-0.0468830966802803
TRINITY_DN24743_c0_g1_i1.p1,-0.24642253832906
TRINITY_DN1064_c0_g1_i2.p1,0.125250874002137
TRINITY_DN13888_c0_g1_i1.p1,0.115649482123235
TRINITY_DN145099_c0_g1_i1.p1,-0.0513677783914172
TRINITY_DN1630_c3_g1_i1.p1,-0.0774035019775278
TRINITY_DN1792_c0_g1_i7.p1,0.0682170248806179
TRINITY_DN18154_c0_g1_i2.p1,0.211312464342602
TRINITY_DN25546_c0_g1_i1.p1,-0.111181009717317
TRINITY_DN3825_c0_g1_i2.p1,-0.162255860106185
TRINITY_DN4428_c0_g1_i9.p1,-0.120717789165612
TRINITY_DN4447_c5_g1_i1.p1,0.0881814605021513
TRINITY_DN4580_c0_g2_i3.p1,0.275057975986013
TRINITY_DN4644_c0_g1_i1.p1,0.176935936600781
TRINITY_DN4695_c0_g1_i22.p1,0.114548794062386
TRINITY_DN62748_c0_g1_i3.p1,-0.062290940860223
TRINITY_DN861_c0_g1_i19.p1,0.236604157450696
TRINITY_DN20412_c0_g2_i2.p1,-0.217897931011467
TRINITY_DN2615_c1_g3_i2.p1,-0.144301499485836
TRINITY_DN36958_c0_g1_i1.p1,-0.175819356748047
TRINITY_DN396_c0_g3_i4.p1,0.0569332190429091
TRINITY_DN860_c0_g1_i4.p1,-0.28880786105607
TRINITY_DN12764_c0_g2_i1.p1,0.154026875764327
TRINITY_DN2807_c1_g1_i1.p1,-0.133020882684856
TRINITY_DN4666_c4_g1_i2.p1,0.186133812881721
TRINITY_DN2142_c6_g1_i1.p1,0.0662886895676849
TRINITY_DN2452_c3_g2_i2.p1,-0.232418602435278
TRINITY_DN60850_c0_g1_i4.p1,0.166391347926251
TRINITY_DN1644_c0_g1_i8.p1,-0.265579781320313
TRINITY_DN2515_c0_g1_i9.p1,-0.13971669619405
TRINITY_DN78066_c0_g1_i2.p1,-0.290472899089091
TRINITY_DN3288_c0_g1_i23.p1,0.155154526791885
TRINITY_DN7553_c0_g1_i2.p1,-0.176053994688917
TRINITY_DN1021_c0_g1_i4.p1,0.226045207727193
TRINITY_DN550_c0_g1_i99.p1,-0.186596444280166
TRINITY_DN20705_c0_g1_i2.p1,-0.100558467152059
TRINITY_DN25804_c0_g1_i10.p1,-0.188585680266537
TRINITY_DN4512_c0_g1_i1.p1,0.0721986035705916
TRINITY_DN2141_c0_g1_i30.p1,0.143031059501809
TRINITY_DN2483_c0_g1_i11.p1,-0.0970579047019089
TRINITY_DN27528_c0_g1_i2.p1,-0.0835508101927067
TRINITY_DN32899_c0_g1_i3.p1,-0.161046995195802
TRINITY_DN74507_c0_g1_i1.p1,-0.226846603555084
TRINITY_DN7870_c0_g1_i3.p1,-0.0498680355631759
TRINITY_DN9730_c0_g1_i1.p1,-0.0735261765265442
TRINITY_DN289_c15_g1_i1.p1,-0.100074398987207
TRINITY_DN3044_c0_g1_i2.p1,-0.152891574339693
TRINITY_DN27826_c0_g1_i1.p1,-0.194842211314477
TRINITY_DN88807_c0_g1_i3.p1,0.14219537997627
TRINITY_DN5812_c0_g1_i3.p1,-0.159961351162124
TRINITY_DN1445_c1_g1_i1.p1,0.0490313313432233
TRINITY_DN145124_c0_g1_i1.p1,0.0616839922323638
TRINITY_DN20363_c1_g1_i1.p1,0.142299231394328
TRINITY_DN23529_c0_g1_i2.p1,-0.131711625082467
TRINITY_DN2600_c0_g1_i1.p2,0.165246025263292
TRINITY_DN3149_c1_g1_i2.p1,0.0981839169731536
TRINITY_DN2141_c0_g1_i32.p1,0.167897477404285
TRINITY_DN4639_c0_g1_i6.p1,0.167852936494686
TRINITY_DN8666_c0_g1_i1.p1,-0.12831977988674
TRINITY_DN42307_c0_g1_i1.p1,-0.197899859152238
TRINITY_DN53077_c2_g1_i2.p1,-0.169653340567919
TRINITY_DN6610_c0_g1_i6.p1,0.0827433958662264
TRINITY_DN589_c0_g1_i40.p1,-0.159708767944886
TRINITY_DN11127_c0_g1_i15.p1,-0.194898148040627
TRINITY_DN28109_c0_g1_i1.p1,-0.157437798575033
TRINITY_DN9369_c0_g1_i3.p1,-0.181377927915054
TRINITY_DN18673_c0_g1_i37.p1,0.196601520893528
TRINITY_DN4360_c0_g1_i4.p1,0.135460546350887
TRINITY_DN2492_c0_g2_i3.p1,-0.0810536616327146
TRINITY_DN502_c0_g2_i7.p1,0.100530873533937
TRINITY_DN3137_c0_g1_i1.p1,-0.134000120154891
TRINITY_DN6694_c0_g1_i7.p1,0.119747202740413
TRINITY_DN2392_c0_g1_i10.p1,0.232064970874037
TRINITY_DN1453_c0_g2_i11.p1,-0.0937641057788651
TRINITY_DN38253_c0_g1_i2.p1,-0.0637808833889948
TRINITY_DN61684_c0_g1_i1.p1,-0.219164448777528
TRINITY_DN1482_c0_g1_i1.p1,0.0932976992775217
TRINITY_DN177622_c0_g1_i1.p1,0.0716267994182715
TRINITY_DN22757_c0_g1_i1.p1,-0.0739946721202231
TRINITY_DN3592_c0_g1_i3.p1,0.104766219593188
TRINITY_DN37711_c0_g1_i1.p1,0.111959236007731
TRINITY_DN567_c0_g3_i1.p1,0.161745365548166
TRINITY_DN581_c0_g1_i5.p1,0.159137625012763
TRINITY_DN7578_c0_g1_i10.p1,-0.0780494887817859
TRINITY_DN780_c0_g1_i1.p1,-0.0436247439324859
TRINITY_DN83138_c1_g1_i1.p1,0.0621630469297242
TRINITY_DN1532_c3_g1_i9.p1,-0.111810975332233
TRINITY_DN58268_c0_g2_i2.p1,-0.14189685459949
TRINITY_DN7467_c0_g1_i1.p1,0.0817705126155793
TRINITY_DN1288_c0_g1_i5.p1,-0.117531188314429
TRINITY_DN7466_c0_g1_i2.p1,-0.0959857857470126
TRINITY_DN14088_c0_g1_i2.p1,0.150871982442599
TRINITY_DN8001_c0_g1_i3.p1,-0.0937458576983071
TRINITY_DN2140_c0_g1_i1.p1,0.181593180577344
TRINITY_DN24550_c4_g1_i1.p1,0.0723742874978052
TRINITY_DN1033_c0_g1_i12.p1,0.123383655729041
TRINITY_DN11127_c0_g1_i16.p1,-0.214401615820273
TRINITY_DN22965_c0_g1_i1.p1,-0.090973621916171
TRINITY_DN29230_c0_g1_i3.p1,-0.247857700836301
TRINITY_DN4420_c0_g2_i1.p1,0.148563440821439
TRINITY_DN8020_c1_g1_i3.p1,0.10755163449562
TRINITY_DN21505_c0_g1_i5.p1,-0.183198716729662
TRINITY_DN8473_c0_g1_i1.p1,-0.0392357537463117
TRINITY_DN912_c1_g1_i2.p1,0.178845628043232
TRINITY_DN15705_c0_g1_i1.p1,0.072202166610123
TRINITY_DN84830_c2_g1_i1.p1,-0.210123054161184
TRINITY_DN9936_c0_g1_i7.p1,0.108730953002252
TRINITY_DN11365_c2_g1_i1.p1,0.194816307766939
TRINITY_DN114204_c0_g1_i1.p1,0.0528181285539458
TRINITY_DN1176_c0_g2_i1.p1,0.13827220786818
TRINITY_DN12550_c0_g1_i1.p1,-0.108067605596312
TRINITY_DN1418_c1_g1_i4.p1,0.106744549262236
TRINITY_DN1457_c0_g1_i5.p1,-0.0916200258925985
TRINITY_DN15603_c8_g1_i1.p2,-0.225073526792324
TRINITY_DN1810_c0_g1_i15.p1,0.108978058116774
TRINITY_DN18158_c0_g1_i1.p1,-0.0571704626215038
TRINITY_DN21813_c0_g1_i3.p1,-0.0615119557156336
TRINITY_DN23518_c0_g1_i2.p1,-0.16621235624765
TRINITY_DN27417_c2_g2_i1.p1,-0.159998121373922
TRINITY_DN30706_c3_g1_i1.p1,-0.0792986187120034
TRINITY_DN31463_c0_g1_i1.p1,0.0475335265830158
TRINITY_DN3200_c0_g1_i18.p1,-0.086945509648664
TRINITY_DN35324_c1_g2_i1.p1,0.175244567069669
TRINITY_DN38988_c0_g1_i2.p1,-0.088480414914249
TRINITY_DN39096_c1_g1_i10.p1,0.216899605948023
TRINITY_DN5328_c1_g1_i2.p1,0.0947495647860191
TRINITY_DN5565_c0_g1_i124.p1,0.202551986598418
TRINITY_DN6271_c1_g2_i1.p1,0.0797891800588033
TRINITY_DN6513_c0_g2_i2.p1,-0.0683491344346553
TRINITY_DN74111_c1_g1_i1.p1,-0.0456239917542572
TRINITY_DN9109_c0_g1_i1.p1,-0.111775209596127
TRINITY_DN965_c2_g1_i1.p1,0.212640557012922
TRINITY_DN9995_c0_g1_i1.p1,-0.177192414219662
TRINITY_DN12426_c0_g1_i27.p1,0.125102327389856
TRINITY_DN128840_c0_g1_i1.p1,-0.0960793301746723
TRINITY_DN1344_c0_g1_i2.p1,-0.06978003660445
TRINITY_DN13789_c0_g1_i1.p1,0.0872454673326507
TRINITY_DN162437_c0_g1_i1.p1,0.175056383087385
TRINITY_DN16439_c0_g1_i3.p1,0.120450838372587
TRINITY_DN1795_c0_g1_i7.p1,-0.14818749264804
TRINITY_DN19728_c0_g1_i1.p1,0.0609884436968821
TRINITY_DN20501_c0_g1_i2.p1,-0.0591512829911861
TRINITY_DN20585_c14_g1_i1.p1,-0.141893600303434
TRINITY_DN23742_c0_g1_i18.p1,-0.0932949917277352
TRINITY_DN2740_c0_g1_i21.p1,0.0941574423977294
TRINITY_DN3392_c0_g1_i1.p1,-0.0715733374902336
TRINITY_DN3432_c0_g1_i2.p1,-0.177482610500132
TRINITY_DN3469_c0_g1_i31.p1,-0.242003844898339
TRINITY_DN39389_c0_g1_i6.p1,-0.152923028221947
TRINITY_DN43137_c0_g2_i2.p1,0.163542723247876
TRINITY_DN43158_c0_g2_i6.p1,-0.157709655733097
TRINITY_DN5731_c0_g2_i1.p1,-0.0508422076562247
TRINITY_DN6762_c1_g3_i1.p1,0.198982214665728
TRINITY_DN8202_c3_g1_i5.p1,-0.196638167146659
TRINITY_DN92_c10_g1_i4.p1,-0.0779525497921797
TRINITY_DN96746_c0_g1_i1.p1,0.135448286968028
TRINITY_DN1618_c0_g1_i12.p1,-0.0843093377848452
TRINITY_DN28474_c1_g1_i1.p1,-0.050563637748127
TRINITY_DN8121_c0_g2_i6.p1,0.119239394074549
TRINITY_DN14804_c0_g1_i1.p1,0.121656195999452
TRINITY_DN3645_c0_g1_i3.p1,0.222370402142518
TRINITY_DN1452_c0_g2_i8.p1,-0.234060622228443
TRINITY_DN16769_c0_g2_i2.p1,0.0812069776795393
TRINITY_DN16949_c0_g1_i1.p1,0.0489392365603835
TRINITY_DN2476_c1_g1_i8.p1,0.185865567240765
TRINITY_DN2546_c0_g3_i1.p1,0.177108698154988
TRINITY_DN580_c3_g1_i1.p1,-0.16647799404447
TRINITY_DN681_c0_g1_i17.p1,-0.158675541885268
TRINITY_DN10572_c0_g2_i3.p1,0.166367026480509
TRINITY_DN112143_c0_g1_i1.p1,-0.0789140265625613
TRINITY_DN11261_c0_g1_i2.p1,0.100538804938909
TRINITY_DN128657_c0_g1_i1.p1,0.0588733313683614
TRINITY_DN13069_c1_g2_i1.p1,-0.166078710571018
TRINITY_DN1342_c0_g1_i2.p1,-0.0834121988714058
TRINITY_DN1344_c1_g2_i1.p1,0.12485311096119
TRINITY_DN14448_c0_g2_i2.p1,-0.218627314209391
TRINITY_DN144901_c0_g1_i1.p1,-0.0760345781250145
TRINITY_DN16665_c0_g1_i6.p1,-0.220090417797175
TRINITY_DN16975_c0_g1_i22.p1,0.238277656029771
TRINITY_DN1697_c0_g1_i31.p1,0.111082732581496
TRINITY_DN17321_c0_g2_i2.p1,0.0851478143172498
TRINITY_DN1820_c0_g1_i1.p1,-0.0759543216430088
TRINITY_DN18836_c0_g1_i2.p1,0.204818757291453
TRINITY_DN19752_c0_g1_i2.p1,-0.249872948817429
TRINITY_DN20617_c0_g2_i1.p1,-0.178766106695898
TRINITY_DN21718_c0_g1_i1.p1,-0.105265982893742
TRINITY_DN2200_c0_g1_i1.p1,-0.0409800336952228
TRINITY_DN2336_c0_g1_i22.p1,0.0923567188045989
TRINITY_DN24581_c0_g1_i2.p1,-0.0715427876138723
TRINITY_DN26704_c0_g1_i1.p1,0.0861841977472545
TRINITY_DN303_c0_g4_i1.p1,-0.0467980152371641
TRINITY_DN3285_c1_g2_i1.p1,0.160043015395375
TRINITY_DN34501_c0_g2_i2.p1,0.0457187968530943
TRINITY_DN37013_c0_g2_i2.p1,0.100160998978866
TRINITY_DN38748_c0_g1_i1.p1,-0.051567069489954
TRINITY_DN39076_c0_g1_i3.p1,0.0910466023859087
TRINITY_DN4111_c1_g1_i1.p1,-0.113376868229261
TRINITY_DN4174_c0_g1_i2.p1,0.189274421018816
TRINITY_DN42762_c0_g1_i14.p1,-0.210776451765207
TRINITY_DN45141_c7_g1_i1.p1,-0.0505364067709985
TRINITY_DN4561_c0_g1_i1.p1,0.122690058044365
TRINITY_DN48856_c0_g1_i12.p1,0.129075783717428
TRINITY_DN5499_c2_g1_i2.p1,-0.0776487680403532
TRINITY_DN55552_c0_g1_i1.p1,0.0577117752933907
TRINITY_DN55_c3_g1_i1.p1,-0.184440902138601
TRINITY_DN58733_c0_g1_i1.p1,0.1737278795182
TRINITY_DN6038_c0_g1_i2.p1,0.198955880063827
TRINITY_DN6348_c0_g1_i7.p1,-0.0722296640111932
TRINITY_DN6679_c0_g1_i10.p1,-0.0770148875590206
TRINITY_DN8893_c3_g2_i2.p1,0.118496049080105
TRINITY_DN903_c0_g2_i1.p1,0.141886683293486
TRINITY_DN13861_c0_g1_i1.p1,-0.143810609791654
TRINITY_DN14431_c0_g1_i1.p1,0.068825782954295
TRINITY_DN4420_c0_g2_i10.p1,0.0860597139212213
TRINITY_DN6324_c0_g1_i1.p1,-0.0520610841662496
TRINITY_DN7271_c0_g1_i1.p1,0.0587282691050304
TRINITY_DN10976_c1_g1_i1.p1,0.264464196877566
TRINITY_DN10926_c0_g1_i1.p1,0.179181366359842
TRINITY_DN21728_c0_g1_i1.p1,-0.111274039201112
TRINITY_DN1008_c8_g3_i2.p1,0.0895493302810463
TRINITY_DN10459_c0_g1_i2.p1,-0.0952463520556702
TRINITY_DN11050_c0_g1_i1.p1,0.133140725916443
TRINITY_DN1265_c0_g1_i3.p1,0.165494270549964
TRINITY_DN12791_c1_g1_i4.p1,-0.117655331153502
TRINITY_DN129253_c0_g1_i1.p1,-0.132466627198349
TRINITY_DN13162_c0_g1_i1.p1,-0.13085938465389
TRINITY_DN133062_c0_g1_i1.p1,-0.0593548860553185
TRINITY_DN1380_c0_g1_i14.p1,0.228745866823841
TRINITY_DN14329_c0_g1_i19.p1,0.160907037899726
TRINITY_DN14614_c0_g1_i12.p1,0.119469384665076
TRINITY_DN15631_c1_g1_i1.p1,-0.150648131134678
TRINITY_DN15694_c1_g1_i8.p1,-0.110981132117738
TRINITY_DN16316_c0_g1_i1.p1,-0.0754744888473418
TRINITY_DN16500_c0_g1_i7.p1,0.0891679060945537
TRINITY_DN1884_c0_g1_i38.p1,-0.104985242625107
TRINITY_DN1997_c1_g1_i1.p1,-0.0724872086990036
TRINITY_DN20392_c0_g1_i2.p1,0.0559811160537755
TRINITY_DN20730_c1_g1_i8.p1,-0.175551021563507
TRINITY_DN2384_c0_g1_i5.p1,-0.122197602940178
TRINITY_DN2483_c0_g3_i2.p1,-0.0448139030347345
TRINITY_DN27109_c0_g1_i1.p1,0.064601043660418
TRINITY_DN39289_c0_g2_i1.p1,-0.170896883494533
TRINITY_DN4140_c0_g1_i1.p1,0.0488237373220055
TRINITY_DN42169_c0_g1_i1.p1,0.122936447029122
TRINITY_DN425_c0_g1_i5.p1,0.175309087054572
TRINITY_DN53570_c0_g1_i3.p1,0.213798477100542
TRINITY_DN55504_c0_g1_i1.p1,-0.186718079850976
TRINITY_DN579_c2_g1_i1.p1,-0.208186596488096
TRINITY_DN587_c11_g1_i2.p1,-0.17739723334525
TRINITY_DN7185_c0_g4_i1.p1,-0.148330855852994
TRINITY_DN78570_c1_g1_i2.p1,0.123141099620907
TRINITY_DN816_c0_g1_i2.p1,0.108790418693887
TRINITY_DN9161_c0_g1_i1.p1,-0.110778749390985
TRINITY_DN9228_c0_g1_i2.p1,-0.0723524033111189
TRINITY_DN9269_c0_g1_i2.p1,-0.0588554777578247
TRINITY_DN11032_c1_g1_i7.p1,0.169669008584871
TRINITY_DN3617_c0_g2_i8.p1,0.0823340956298985
TRINITY_DN47_c1_g1_i2.p1,0.138782296693478
TRINITY_DN5106_c0_g1_i1.p1,-0.200793163952948
TRINITY_DN24104_c2_g1_i2.p1,-0.205829252593717
TRINITY_DN25440_c0_g1_i1.p1,0.0857529308375004
TRINITY_DN28998_c1_g1_i1.p1,-0.114453863436884
TRINITY_DN6563_c1_g1_i2.p1,-0.0619743582816829
TRINITY_DN6601_c1_g1_i1.p1,0.151512793507365
TRINITY_DN3285_c1_g1_i7.p1,0.174171866475466
TRINITY_DN155_c0_g1_i8.p1,-0.155195580020941
TRINITY_DN16260_c0_g2_i1.p1,0.125462699128957
TRINITY_DN3209_c0_g1_i2.p1,-0.17879674798164
TRINITY_DN114867_c0_g1_i1.p1,-0.187410471847655
TRINITY_DN13066_c0_g1_i1.p1,-0.094376347974002
TRINITY_DN16181_c1_g1_i1.p1,0.195288408416927
TRINITY_DN18493_c2_g1_i1.p1,-0.040087413344795
TRINITY_DN22086_c0_g1_i1.p1,0.125366991085503
TRINITY_DN24015_c1_g1_i1.p1,0.131769038558213
TRINITY_DN41117_c0_g1_i1.p1,-0.19929717471572
TRINITY_DN6846_c4_g1_i1.p1,-0.108230968094821
TRINITY_DN8751_c0_g1_i1.p1,-0.0614352020886495
TRINITY_DN9671_c0_g1_i1.p1,0.32264257968605
TRINITY_DN9823_c0_g1_i1.p1,-0.163001968612004
TRINITY_DN7364_c3_g1_i1.p1,0.135100841765816
TRINITY_DN46556_c0_g1_i1.p1,-0.240697631423938
TRINITY_DN61880_c0_g1_i1.p1,0.0805080255733435
TRINITY_DN6432_c0_g1_i31.p1,0.231956691173994
TRINITY_DN6143_c0_g2_i2.p1,-0.058160185862694
TRINITY_DN35_c7_g1_i5.p1,0.0893786050213949
TRINITY_DN5436_c0_g1_i13.p1,-0.173854056513319
TRINITY_DN13819_c0_g2_i1.p1,0.228322824607454
TRINITY_DN141_c8_g1_i1.p1,0.0869470667753161
TRINITY_DN32922_c0_g1_i1.p1,-0.219808164327836
TRINITY_DN376_c0_g1_i66.p1,-0.158812315652037
TRINITY_DN5436_c0_g1_i28.p1,0.202217746410897
TRINITY_DN8523_c0_g1_i2.p1,-0.0903445051305269
TRINITY_DN56329_c1_g1_i1.p1,0.189011927049558
TRINITY_DN12367_c2_g1_i1.p1,0.161346925427008
TRINITY_DN64142_c0_g1_i1.p1,-0.235413666909542
TRINITY_DN8907_c0_g1_i5.p1,0.102687419917251
TRINITY_DN19160_c0_g1_i3.p1,0.141855877151821
TRINITY_DN6768_c0_g1_i1.p1,0.216563748705166
TRINITY_DN1884_c0_g1_i19.p1,-0.183977940031547
TRINITY_DN96_c0_g1_i22.p1,-0.150886050448427
TRINITY_DN10010_c0_g1_i2.p1,-0.0935378157680219
TRINITY_DN10055_c0_g1_i2.p1,0.13705905160403
TRINITY_DN12687_c0_g1_i4.p1,0.132739149915989
TRINITY_DN16309_c0_g1_i1.p1,0.111793170305244
TRINITY_DN2350_c19_g1_i1.p1,-0.0531299534651143
TRINITY_DN33666_c0_g1_i1.p1,-0.0602571422426865
TRINITY_DN383_c0_g2_i1.p1,-0.201734156766327
TRINITY_DN43344_c0_g2_i2.p1,-0.146676400642693
TRINITY_DN5397_c0_g2_i3.p1,0.0763630098086168
TRINITY_DN55346_c0_g1_i2.p1,0.0522745965554378
TRINITY_DN573_c5_g1_i1.p1,0.14429269931979
TRINITY_DN587_c4_g1_i1.p1,-0.145041816055818
TRINITY_DN837_c0_g1_i20.p1,-0.150693065882542
TRINITY_DN9302_c0_g1_i2.p1,0.149266976233525
TRINITY_DN9672_c0_g1_i7.p1,-0.078881365149343
TRINITY_DN96_c0_g1_i27.p1,-0.131506266821501
TRINITY_DN7475_c1_g1_i1.p1,0.155729095895917
TRINITY_DN21436_c0_g1_i6.p1,-0.0521891669697983
TRINITY_DN3775_c0_g1_i1.p1,0.106996937104988
TRINITY_DN3775_c0_g1_i2.p1,0.185056232278283
TRINITY_DN3873_c0_g1_i3.p1,0.127065907086591
TRINITY_DN913_c0_g1_i19.p1,-0.204963487598142
TRINITY_DN1053_c0_g1_i9.p1,0.108073801805046
TRINITY_DN113550_c0_g1_i1.p1,0.141788148210618
TRINITY_DN11789_c0_g3_i1.p1,0.0486760293096048
TRINITY_DN12187_c9_g1_i1.p1,-0.114404173113596
TRINITY_DN12557_c0_g1_i2.p1,0.133775485416216
TRINITY_DN13667_c0_g1_i1.p1,-0.0447168296702392
TRINITY_DN148112_c0_g1_i1.p1,-0.160858101191295
TRINITY_DN14904_c2_g1_i2.p1,-0.16534733108915
TRINITY_DN15513_c0_g1_i8.p1,-0.121046902393539
TRINITY_DN1564_c0_g1_i8.p1,-0.182000956303489
TRINITY_DN16492_c0_g2_i1.p2,-0.172077517623498
TRINITY_DN18027_c0_g1_i18.p1,-0.0660863722814025
TRINITY_DN1876_c0_g1_i1.p1,-0.0978357005099318
TRINITY_DN1931_c0_g1_i2.p1,0.100311891743422
TRINITY_DN2119_c1_g1_i29.p1,-0.136652157200072
TRINITY_DN2268_c4_g1_i1.p1,-0.0768663112135625
TRINITY_DN2794_c8_g1_i1.p1,-0.269160235911942
TRINITY_DN29279_c0_g1_i5.p1,-0.238278857846012
TRINITY_DN2947_c2_g1_i3.p1,0.0991691718698159
TRINITY_DN3238_c0_g7_i1.p1,0.0974478131497782
TRINITY_DN3353_c0_g1_i3.p1,0.128927316347114
TRINITY_DN3739_c1_g1_i4.p1,-0.203183974695123
TRINITY_DN3866_c0_g1_i6.p1,-0.107226644867542
TRINITY_DN4586_c0_g1_i3.p1,0.350393371601091
TRINITY_DN4851_c0_g1_i1.p1,-0.0781290209526163
TRINITY_DN5303_c1_g1_i1.p1,-0.0753929679275387
TRINITY_DN57745_c0_g1_i1.p1,-0.125835805584697
TRINITY_DN5909_c0_g1_i2.p1,-0.0550406814038446
TRINITY_DN6353_c3_g1_i2.p1,-0.123870178573989
TRINITY_DN746_c0_g1_i17.p1,0.144222396897527
TRINITY_DN790_c0_g1_i7.p1,0.173071367149477
TRINITY_DN87176_c4_g1_i1.p1,-0.130829013414898
TRINITY_DN9098_c0_g1_i2.p1,-0.0846764708096859
TRINITY_DN9446_c0_g2_i2.p1,-0.0592757843088081
TRINITY_DN16043_c0_g3_i1.p1,-0.124646876274371
TRINITY_DN1913_c4_g1_i1.p1,0.0974128964486105
TRINITY_DN2344_c0_g1_i42.p1,0.126218768921506
TRINITY_DN4590_c0_g2_i1.p1,-0.0548646575969432
TRINITY_DN4595_c0_g2_i1.p1,-0.0967748340611022
TRINITY_DN47593_c0_g2_i1.p1,0.0591379521465594
TRINITY_DN10697_c0_g1_i1.p1,-0.126058777527022
TRINITY_DN3224_c0_g1_i2.p1,0.134964957238964
TRINITY_DN366_c1_g1_i2.p1,0.211333298428545
TRINITY_DN3800_c0_g2_i18.p1,0.0992852442509608
TRINITY_DN4785_c2_g2_i2.p1,0.166091617268863
TRINITY_DN5495_c0_g1_i7.p1,0.080020484636001
TRINITY_DN11132_c0_g1_i6.p1,-0.100053008109579
TRINITY_DN13090_c0_g3_i1.p1,-0.0788257557747611
TRINITY_DN17086_c0_g4_i4.p1,-0.115477696802371
TRINITY_DN178779_c0_g1_i1.p1,0.0490244824443408
TRINITY_DN18627_c1_g1_i3.p1,0.0893476510752957
TRINITY_DN2763_c0_g1_i3.p1,0.148467055853574
TRINITY_DN31536_c0_g2_i3.p1,0.0927113401841689
TRINITY_DN3508_c1_g2_i1.p1,-0.190140133018344
TRINITY_DN375_c0_g1_i2.p1,-0.171134363517442
TRINITY_DN4307_c0_g3_i1.p1,0.0367858324454862
TRINITY_DN44140_c0_g1_i4.p1,-0.0673326747352511
TRINITY_DN4900_c0_g1_i4.p1,0.191623729799283
TRINITY_DN8381_c0_g2_i12.p1,-0.159816462748468
TRINITY_DN9538_c0_g2_i3.p1,-0.118843844274256
TRINITY_DN9723_c0_g1_i2.p1,0.10833704598475
TRINITY_DN387_c0_g1_i2.p1,0.0527807459096176
TRINITY_DN20306_c0_g1_i5.p1,-0.0742236512619109
TRINITY_DN21655_c0_g1_i1.p1,-0.146070530900674
TRINITY_DN271_c0_g1_i7.p1,1.18126595489576
TRINITY_DN4052_c0_g1_i3.p1,0.185849099448972
TRINITY_DN5341_c0_g1_i1.p1,0.0461877374759792
TRINITY_DN43215_c0_g1_i2.p1,0.108371372024699
TRINITY_DN11297_c0_g1_i1.p1,-0.109920542737681
TRINITY_DN14285_c0_g1_i1.p1,-0.165809013362127
TRINITY_DN26923_c0_g2_i1.p1,0.140920944786795
TRINITY_DN36241_c1_g3_i2.p1,0.0755829589599746
TRINITY_DN3661_c0_g2_i1.p1,0.0737467237405394
TRINITY_DN37013_c0_g2_i8.p1,0.0789987822321231
TRINITY_DN41297_c0_g2_i3.p1,-0.189933863433237
TRINITY_DN4325_c1_g1_i1.p1,-0.0591503128670957
TRINITY_DN4580_c0_g2_i4.p1,-0.220993836477232
TRINITY_DN501_c2_g1_i2.p1,0.1106042520656
TRINITY_DN6592_c0_g1_i6.p1,0.0815303289552625
TRINITY_DN6869_c0_g1_i5.p1,-0.118395567051945
TRINITY_DN7915_c0_g3_i1.p1,-0.135746270578722
TRINITY_DN7974_c0_g1_i5.p1,0.145333010220876
TRINITY_DN39463_c0_g1_i10.p1,-0.108885194154393
TRINITY_DN376_c0_g1_i9.p1,0.237448516547792
TRINITY_DN6168_c0_g1_i5.p1,0.123447573678206
TRINITY_DN7412_c0_g2_i2.p1,-0.113883641388488
TRINITY_DN7392_c5_g1_i1.p1,-0.0844589037039436
TRINITY_DN2276_c0_g1_i13.p1,-0.119301130921598
TRINITY_DN1470_c0_g2_i1.p1,-0.19928431778965
TRINITY_DN1166_c1_g1_i2.p1,-0.0880847912455645
TRINITY_DN4561_c0_g1_i24.p1,-0.126037052131125
TRINITY_DN45863_c0_g1_i1.p1,-0.179524390088504
TRINITY_DN12231_c0_g2_i6.p1,-0.066653802388679
TRINITY_DN30090_c0_g1_i2.p1,-0.104994017096982
TRINITY_DN8433_c0_g1_i1.p1,-0.208920891101816
TRINITY_DN1330_c0_g1_i1.p1,-0.561118985807993
TRINITY_DN11328_c0_g1_i1.p1,0.232396580766256
TRINITY_DN15005_c0_g1_i1.p1,-0.0815562989279767
TRINITY_DN18073_c1_g1_i3.p1,-0.0748251260320213
TRINITY_DN20629_c0_g1_i2.p1,0.139353077547098
TRINITY_DN2518_c4_g1_i1.p1,0.0403818886752539
TRINITY_DN3891_c0_g1_i2.p1,-0.207779281005048
TRINITY_DN41483_c1_g1_i1.p1,-0.169028964258472
TRINITY_DN4402_c0_g2_i3.p1,0.0979965753654953
TRINITY_DN49661_c0_g1_i1.p1,-0.14376015624023
TRINITY_DN54129_c0_g2_i2.p1,-0.146115312470233
TRINITY_DN542_c0_g1_i12.p1,0.11977115544999
TRINITY_DN6677_c2_g1_i1.p1,0.0825060290613487
TRINITY_DN6831_c0_g2_i1.p1,-0.113786232031696
TRINITY_DN774_c13_g1_i2.p1,-0.0786769475999139
TRINITY_DN9267_c0_g1_i1.p1,0.119976505675954
TRINITY_DN9672_c0_g1_i5.p1,0.109376617699415
TRINITY_DN8862_c0_g1_i5.p1,0.102287029262325
TRINITY_DN1322_c3_g1_i25.p1,0.187086901667921
TRINITY_DN16516_c0_g1_i1.p2,0.185103866010335
TRINITY_DN34096_c1_g1_i1.p1,-0.0443778678923076
TRINITY_DN8566_c0_g1_i36.p1,0.19891028730028
TRINITY_DN1680_c0_g1_i4.p1,0.117444850764212
TRINITY_DN20535_c0_g1_i1.p1,0.0776185816082898
TRINITY_DN49727_c0_g1_i1.p1,0.137500813736031
TRINITY_DN2893_c1_g1_i1.p1,-0.075133111161
TRINITY_DN20288_c0_g1_i1.p1,-0.112253622681811
TRINITY_DN2103_c2_g1_i2.p1,-0.14059131700833
TRINITY_DN25434_c0_g2_i3.p1,-0.143437615389933
TRINITY_DN383_c0_g2_i2.p1,0.0685004590580165
TRINITY_DN706_c13_g1_i1.p1,-0.181927740189027
TRINITY_DN7564_c0_g1_i1.p1,0.0628306489468443
TRINITY_DN884_c0_g1_i1.p1,-0.162771718028804
TRINITY_DN97826_c0_g1_i1.p1,-0.109704880996429
TRINITY_DN18876_c0_g1_i4.p1,0.107126088410982
TRINITY_DN23474_c0_g1_i19.p1,-0.176291996522163
TRINITY_DN2803_c0_g1_i1.p1,-0.0503764756447317
TRINITY_DN40515_c0_g1_i18.p1,-0.141989145132551
TRINITY_DN79235_c0_g1_i4.p1,-0.0835336548590299
TRINITY_DN382_c1_g1_i8.p1,0.143358656221838
TRINITY_DN436_c0_g1_i2.p1,0.054945638289316
TRINITY_DN1640_c0_g1_i22.p1,0.138291261373682
TRINITY_DN4812_c0_g2_i3.p1,-0.117588828029626
TRINITY_DN6566_c0_g1_i1.p1,-0.0785858005973913
TRINITY_DN48383_c0_g1_i7.p1,0.0837833718710101
TRINITY_DN1021_c0_g1_i2.p1,-0.15982471473976
TRINITY_DN11186_c0_g1_i1.p1,-0.139440741374987
TRINITY_DN1217_c0_g1_i6.p1,0.108643851295173
TRINITY_DN128809_c0_g1_i1.p1,-0.0658081823142745
TRINITY_DN14973_c0_g1_i2.p1,-0.128595947634857
TRINITY_DN2039_c0_g1_i1.p1,0.203816433615839
TRINITY_DN28082_c0_g2_i1.p1,0.0682993848876945
TRINITY_DN8286_c0_g1_i3.p1,0.0703929217325667
TRINITY_DN11562_c0_g2_i1.p2,-0.171592726115744
TRINITY_DN1542_c0_g1_i4.p1,0.0820687378901515
TRINITY_DN12225_c3_g1_i1.p1,0.178354322659266
TRINITY_DN11756_c1_g2_i1.p2,0.18169547123972
TRINITY_DN151_c0_g1_i11.p1,-0.308415108109219
TRINITY_DN16007_c0_g6_i1.p1,0.146453081312026
TRINITY_DN2198_c1_g2_i1.p1,0.105639217040444
TRINITY_DN2303_c0_g1_i4.p1,0.162300033229288
TRINITY_DN2369_c0_g1_i21.p1,-0.171012336617436
TRINITY_DN2968_c0_g1_i1.p1,0.0365271289757055
TRINITY_DN3016_c0_g2_i6.p1,-0.115792870179976
TRINITY_DN39297_c0_g1_i2.p1,0.0584394929513238
TRINITY_DN3955_c0_g1_i1.p1,-0.445279271741293
TRINITY_DN4022_c0_g1_i8.p1,-0.211102938588475
TRINITY_DN5375_c0_g3_i2.p1,0.0910823063346499
TRINITY_DN6630_c0_g1_i2.p1,0.116594662664765
TRINITY_DN7823_c0_g2_i1.p1,-0.0900596754762951
TRINITY_DN79_c3_g1_i1.p1,-0.127791042029442
TRINITY_DN9406_c0_g1_i1.p1,-0.0383585232423403
TRINITY_DN2637_c0_g2_i3.p1,-0.10140826515592
TRINITY_DN4231_c1_g1_i1.p1,0.098896102836142
TRINITY_DN22132_c0_g1_i1.p1,-0.202366311646496
TRINITY_DN40835_c1_g1_i1.p1,0.0942139530632242
TRINITY_DN178437_c0_g1_i1.p1,0.0580992010106111
TRINITY_DN10012_c0_g1_i3.p1,-0.139832509909502
TRINITY_DN100_c1_g2_i1.p1,-0.0907872520287499
TRINITY_DN11032_c2_g1_i1.p1,-0.0376236679830479
TRINITY_DN11483_c0_g2_i1.p1,-0.169595085093504
TRINITY_DN12012_c0_g1_i29.p1,0.0739968217887157
TRINITY_DN12135_c0_g1_i1.p1,-0.149042342472839
TRINITY_DN13636_c4_g1_i1.p1,-0.153279338482809
TRINITY_DN170_c4_g1_i3.p1,-0.174970691032339
TRINITY_DN17681_c1_g1_i2.p1,0.143918041222508
TRINITY_DN23091_c0_g1_i1.p1,0.0663470340798056
TRINITY_DN2901_c1_g1_i1.p1,-0.0560602569971295
TRINITY_DN2975_c0_g1_i5.p1,-0.281512846704968
TRINITY_DN31870_c0_g1_i1.p1,0.116456354772487
TRINITY_DN3391_c0_g1_i9.p1,0.179238026011693
TRINITY_DN4852_c0_g1_i2.p1,-0.116251677187518
TRINITY_DN5933_c0_g1_i1.p1,0.335674521385412
TRINITY_DN66400_c0_g3_i1.p2,-0.174596973526573
TRINITY_DN6869_c0_g1_i2.p1,0.0895291911375857
TRINITY_DN8616_c0_g1_i2.p1,-0.108728184897381
TRINITY_DN18452_c0_g1_i1.p1,0.128872224727402
TRINITY_DN4420_c0_g2_i4.p1,-0.0957077334611194
TRINITY_DN6873_c0_g2_i1.p1,-0.178630631413905
TRINITY_DN65345_c0_g1_i12.p1,0.163042264584252
TRINITY_DN10852_c0_g1_i4.p1,-0.0966617757469307
TRINITY_DN17098_c0_g2_i2.p1,0.0627391697942053
TRINITY_DN20271_c2_g1_i1.p1,-0.0508614354972502
TRINITY_DN9519_c0_g1_i1.p1,-0.059852605212659
TRINITY_DN955_c0_g1_i40.p1,-0.165989712755556
TRINITY_DN11532_c0_g1_i1.p1,0.0488338810095363
TRINITY_DN12984_c0_g1_i1.p1,0.0376926665510797
TRINITY_DN190_c0_g1_i15.p1,0.0940499311806732
TRINITY_DN21247_c0_g1_i1.p1,-0.181196846953497
TRINITY_DN44667_c0_g1_i1.p1,0.0542561635864439
TRINITY_DN7332_c1_g1_i1.p1,0.147320979895463
TRINITY_DN1650_c0_g1_i2.p1,-0.0473006341834522
TRINITY_DN129141_c0_g1_i1.p1,0.0531741012652917
TRINITY_DN11568_c0_g1_i1.p1,-0.0780901283676266
TRINITY_DN4075_c0_g3_i4.p2,0.120620992410221
TRINITY_DN19085_c0_g1_i1.p1,0.0642490464070854
TRINITY_DN3196_c1_g1_i1.p1,0.120821014192188
TRINITY_DN10213_c0_g1_i4.p1,-0.138192580625902
TRINITY_DN27476_c0_g1_i1.p1,0.191509780833746
TRINITY_DN39657_c0_g1_i7.p1,0.0731827695414929
TRINITY_DN4329_c0_g1_i6.p1,-0.103792893250529
TRINITY_DN6009_c9_g2_i1.p1,0.102971117264601
TRINITY_DN7627_c2_g1_i1.p1,0.0816196200101808
TRINITY_DN1124_c0_g1_i2.p1,-0.588852413991476
TRINITY_DN11835_c0_g2_i5.p1,0.161530434427305
TRINITY_DN1322_c0_g1_i3.p1,-0.229365134355789
TRINITY_DN14046_c0_g4_i7.p1,-0.166943290039701
TRINITY_DN14382_c0_g1_i2.p1,-0.0788129388838364
TRINITY_DN146520_c0_g1_i1.p1,0.0467667853300258
TRINITY_DN14773_c0_g1_i3.p1,-0.148441916033504
TRINITY_DN147876_c0_g1_i1.p1,0.0747094871889253
TRINITY_DN15776_c0_g1_i1.p1,-0.0686173312284549
TRINITY_DN1646_c0_g3_i1.p1,-0.025366835305212
TRINITY_DN16516_c0_g1_i11.p1,0.169155071391118
TRINITY_DN17546_c0_g1_i1.p1,-0.123459752447828
TRINITY_DN2062_c0_g1_i1.p1,0.0940583343763245
TRINITY_DN22728_c0_g1_i8.p1,0.133608180729307
TRINITY_DN2518_c3_g1_i1.p1,-0.179916755329897
TRINITY_DN2806_c0_g1_i1.p1,0.048950343979871
TRINITY_DN2979_c0_g1_i3.p1,-0.171966147465254
TRINITY_DN3289_c0_g1_i5.p1,-0.0665616301644365
TRINITY_DN34276_c0_g1_i1.p1,0.0590376300475575
TRINITY_DN39344_c0_g1_i1.p1,0.132325006583095
TRINITY_DN3947_c0_g3_i2.p1,0.0752662401954333
TRINITY_DN4743_c0_g1_i11.p1,0.320239367635239
TRINITY_DN5375_c0_g3_i4.p1,-0.138523272580796
TRINITY_DN555_c1_g1_i1.p1,0.162116496388289
TRINITY_DN5824_c0_g1_i10.p1,0.0818429721046001
TRINITY_DN6405_c0_g1_i7.p1,0.14527550231018
TRINITY_DN6491_c0_g1_i1.p1,-0.0459043413472385
TRINITY_DN716_c5_g1_i10.p1,-0.103043168166928
TRINITY_DN730_c0_g1_i6.p1,0.0610184465282308
TRINITY_DN7571_c17_g1_i1.p1,-0.0399211364516185
TRINITY_DN958_c0_g1_i17.p1,-0.0501549211370312
TRINITY_DN21336_c2_g1_i1.p1,0.0722287079158837
TRINITY_DN4184_c0_g1_i9.p1,0.110738803377418
TRINITY_DN1738_c0_g1_i12.p1,0.0845114870791752
TRINITY_DN12771_c0_g1_i17.p1,0.146294694473425
TRINITY_DN134466_c0_g1_i2.p1,-0.1689726571729
TRINITY_DN1360_c2_g1_i1.p2,0.108211404736313
TRINITY_DN14191_c0_g1_i3.p1,0.136472499775719
TRINITY_DN19003_c0_g1_i1.p1,-0.0665799805911775
TRINITY_DN2731_c0_g2_i1.p1,0.0294352194311045
TRINITY_DN3003_c3_g1_i1.p1,-0.147147034274837
TRINITY_DN3104_c0_g1_i3.p1,-0.0589701776179792
TRINITY_DN32320_c0_g1_i2.p1,-0.0563896762073435
TRINITY_DN42_c0_g1_i9.p2,0.0767248097238447
TRINITY_DN58587_c0_g1_i30.p1,-0.164519785978994
TRINITY_DN5998_c0_g1_i2.p1,0.0465975260608857
TRINITY_DN7900_c0_g1_i1.p1,0.0532115010366521
TRINITY_DN871_c1_g1_i2.p1,-0.0840069810220156
TRINITY_DN6219_c0_g2_i5.p1,0.0434885492541993
TRINITY_DN11210_c0_g2_i4.p1,0.183216908158257
TRINITY_DN3585_c0_g1_i10.p1,-0.110692587037274
TRINITY_DN160_c0_g1_i2.p1,0.189175735676031
TRINITY_DN2339_c0_g1_i2.p1,0.173448932091424
TRINITY_DN26695_c0_g1_i2.p1,0.07297486633508
TRINITY_DN9631_c1_g3_i2.p1,0.112483670581295
TRINITY_DN96303_c0_g1_i1.p1,-0.0872174654499933
TRINITY_DN14125_c0_g4_i1.p1,0.176159964662769
TRINITY_DN28789_c0_g1_i1.p1,0.0867160715551746
TRINITY_DN3800_c0_g2_i13.p1,-0.173244940139457
TRINITY_DN1630_c8_g1_i1.p1,-0.0654759061188105
TRINITY_DN4261_c0_g1_i3.p1,0.114692305923308
TRINITY_DN4755_c0_g1_i16.p2,0.119191850341091
TRINITY_DN58376_c1_g1_i1.p1,-0.0853077816043994
TRINITY_DN64781_c0_g1_i10.p1,-0.13643431147656
TRINITY_DN20089_c0_g1_i1.p1,0.0680407136335929
TRINITY_DN2224_c0_g1_i2.p1,-0.105687406973953
TRINITY_DN9471_c0_g1_i4.p1,0.0881131530969171
TRINITY_DN12870_c3_g5_i1.p1,0.110596863769793
TRINITY_DN222_c1_g1_i1.p1,-0.175394889322933
TRINITY_DN39815_c0_g1_i1.p1,-0.11788379879793
TRINITY_DN1078_c0_g1_i11.p1,0.472922296284409
TRINITY_DN4057_c0_g2_i1.p1,0.0405573254043603
TRINITY_DN12625_c0_g1_i6.p1,0.104434591914038
TRINITY_DN21375_c0_g1_i1.p1,0.0569801266341676
TRINITY_DN15694_c1_g1_i11.p1,-0.148687620083699
TRINITY_DN2340_c0_g1_i62.p1,0.0826046110546108
TRINITY_DN19665_c0_g1_i1.p1,-0.0606722985223352
TRINITY_DN3796_c4_g1_i1.p1,0.0922943580163174
TRINITY_DN178323_c0_g1_i1.p1,0.166993747354294
TRINITY_DN3058_c0_g1_i29.p1,-0.118381045251915
TRINITY_DN440_c0_g1_i8.p1,-0.11528810759509
TRINITY_DN15673_c0_g2_i1.p1,0.0576564006012459
TRINITY_DN41808_c2_g3_i1.p1,0.0557857421426337
TRINITY_DN5310_c0_g1_i2.p1,-0.0914330989256907
TRINITY_DN6414_c1_g1_i1.p1,0.187639734515699
TRINITY_DN11326_c0_g1_i1.p1,0.14071305951852
TRINITY_DN11999_c0_g1_i2.p1,0.192767563714965
TRINITY_DN14185_c0_g1_i1.p1,-0.0913361946523842
TRINITY_DN42_c0_g1_i1.p1,-0.0817147566356075
TRINITY_DN1149_c0_g1_i16.p1,0.109568055576651
TRINITY_DN2782_c0_g1_i3.p1,0.0718997045716209
TRINITY_DN28370_c1_g1_i3.p2,-0.133372615710985
TRINITY_DN406_c189_g1_i1.p1,-0.174962686751835
TRINITY_DN903_c0_g1_i7.p1,0.157945615526513
TRINITY_DN96015_c0_g1_i2.p1,0.175154606389362
TRINITY_DN5456_c0_g1_i1.p1,0.0457899389568543
TRINITY_DN35_c1_g1_i1.p1,-0.0498483599013319
TRINITY_DN34503_c0_g1_i5.p1,-0.112290661940435
TRINITY_DN1225_c1_g2_i1.p1,-0.117237192049625
TRINITY_DN33082_c0_g1_i3.p1,0.147539300992704
TRINITY_DN17883_c0_g1_i17.p1,-0.071798529458771
TRINITY_DN19894_c0_g1_i4.p1,-0.17099747288459
TRINITY_DN11373_c0_g1_i1.p1,0.119797822899904
TRINITY_DN30122_c0_g1_i1.p1,0.111296422951571
TRINITY_DN3343_c0_g1_i4.p1,-0.0951621826307764
TRINITY_DN2196_c0_g1_i3.p1,0.167209922601228
TRINITY_DN62_c9_g1_i1.p1,0.0461081654876655
TRINITY_DN92728_c0_g1_i1.p1,-0.272452174366513
TRINITY_DN22165_c0_g1_i1.p1,-0.12382416605012
TRINITY_DN36773_c1_g1_i1.p1,0.150268606838078
TRINITY_DN11795_c2_g1_i4.p1,0.101994721612224
TRINITY_DN114409_c0_g1_i1.p1,-0.0553030625333997
TRINITY_DN115002_c0_g1_i1.p1,0.0407919420881834
TRINITY_DN1280_c0_g1_i31.p1,-0.0957047173764883
TRINITY_DN14158_c0_g1_i1.p1,-0.0798588589004802
TRINITY_DN15170_c0_g1_i1.p1,-0.121559090771128
TRINITY_DN178215_c0_g1_i1.p1,-0.0696313770819355
TRINITY_DN2259_c7_g1_i1.p1,0.0376563760194232
TRINITY_DN23851_c0_g1_i1.p1,-0.107476642008164
TRINITY_DN25619_c0_g1_i1.p1,-0.130525758874024
TRINITY_DN278_c0_g1_i1.p1,0.0475879646243434
TRINITY_DN3146_c1_g1_i1.p1,-0.138232224148759
TRINITY_DN39_c3_g1_i1.p1,0.0587239089138566
TRINITY_DN687_c1_g1_i1.p1,0.055042059944628
TRINITY_DN9579_c0_g1_i3.p2,-0.17573860962349
TRINITY_DN96457_c0_g1_i1.p1,0.0383892869226771
TRINITY_DN9692_c1_g1_i1.p1,-0.118315012518285
TRINITY_DN99994_c0_g1_i1.p1,-0.0589564165717937
TRINITY_DN1027_c0_g1_i1.p1,-0.145811395525803
TRINITY_DN10295_c0_g2_i3.p1,-0.0985828843009726
TRINITY_DN12083_c0_g2_i5.p1,-0.0569965235965663
TRINITY_DN12545_c0_g1_i13.p1,0.136424386685055
TRINITY_DN14837_c0_g1_i10.p1,-0.15446407812888
TRINITY_DN17885_c0_g1_i1.p1,-0.0858015553291528
TRINITY_DN2426_c0_g2_i1.p1,-0.148557660724886
TRINITY_DN2718_c0_g1_i2.p1,0.0742494455030191
TRINITY_DN29253_c0_g1_i2.p1,-0.357861356221184
TRINITY_DN3263_c0_g2_i1.p1,0.144699955509436
TRINITY_DN365_c0_g1_i1.p1,0.265894849683671
TRINITY_DN380_c0_g1_i6.p1,-0.138048884822663
TRINITY_DN41829_c1_g1_i2.p1,0.184865003197793
TRINITY_DN4666_c4_g1_i3.p1,-0.143840212413731
TRINITY_DN47579_c2_g1_i3.p1,0.0672767404979572
TRINITY_DN505_c0_g1_i42.p1,0.142321261719435
TRINITY_DN5206_c0_g1_i2.p1,-0.106342834099638
TRINITY_DN7132_c2_g1_i1.p1,-0.155599177118627
TRINITY_DN730_c0_g1_i120.p1,-0.147319844160037
TRINITY_DN775_c0_g1_i10.p1,0.127975762329971
TRINITY_DN9634_c1_g1_i1.p1,-0.0451144113160339
TRINITY_DN9758_c0_g1_i1.p1,0.10661460683585
TRINITY_DN15149_c0_g2_i1.p2,-0.0561289749014639
TRINITY_DN2801_c0_g1_i49.p1,0.193820861749932
TRINITY_DN33727_c0_g1_i3.p1,-0.0478367614970855
TRINITY_DN6247_c4_g1_i1.p1,-0.0603576508871146
TRINITY_DN5887_c5_g1_i1.p1,-0.0491822592419831
TRINITY_DN730_c0_g1_i25.p1,0.0776749875983972
TRINITY_DN12004_c2_g1_i2.p1,0.0431483519565063
TRINITY_DN12881_c1_g1_i1.p1,0.0421633849012443
TRINITY_DN10730_c1_g1_i1.p1,-0.17621218438684
TRINITY_DN12408_c0_g1_i2.p1,0.0501373629991443
TRINITY_DN128509_c0_g1_i1.p1,0.0488706033748837
TRINITY_DN14578_c0_g1_i1.p1,-1.04700273386685
TRINITY_DN14950_c0_g1_i1.p1,-0.0268417765040366
TRINITY_DN18458_c0_g3_i4.p1,0.168336646467859
TRINITY_DN23573_c0_g1_i3.p1,-0.163459028706024
TRINITY_DN2505_c0_g1_i6.p1,-0.0729647988757635
TRINITY_DN29377_c0_g1_i1.p1,-0.202852713172907
TRINITY_DN37196_c0_g1_i1.p1,0.0605389696622144
TRINITY_DN52626_c0_g1_i1.p1,-0.136896113415781
TRINITY_DN5274_c0_g1_i7.p1,0.18614603141229
TRINITY_DN6306_c0_g1_i3.p1,-0.0388412714715749
TRINITY_DN73359_c0_g1_i1.p1,0.164365822970057
TRINITY_DN11316_c1_g1_i1.p1,0.165269944441281
TRINITY_DN136_c0_g1_i9.p1,-0.111441326994866
TRINITY_DN30586_c0_g1_i6.p1,0.154832672612371
TRINITY_DN478_c0_g1_i22.p1,0.0778834563562953
TRINITY_DN74_c1_g1_i2.p1,0.0768402553555978
TRINITY_DN1549_c0_g1_i3.p1,-0.143628749019198
TRINITY_DN6168_c0_g1_i1.p1,0.113882035613349
TRINITY_DN13588_c0_g1_i1.p1,0.0603664267753195
TRINITY_DN16813_c0_g1_i1.p1,0.0618197867132873
TRINITY_DN18474_c0_g1_i2.p1,0.0692495233797839
TRINITY_DN7_c0_g1_i20.p1,0.142466511013538
TRINITY_DN888_c3_g1_i2.p1,-0.053057142792333
TRINITY_DN91428_c0_g2_i5.p1,0.153124039003581
TRINITY_DN9219_c0_g2_i4.p1,0.135734242472042
TRINITY_DN9282_c0_g1_i3.p1,-0.159393782280431
TRINITY_DN1177_c4_g1_i1.p1,0.0857404726419395
TRINITY_DN1640_c0_g1_i14.p1,0.104519974973512
TRINITY_DN2212_c0_g1_i1.p1,-0.181101199573554
TRINITY_DN3586_c1_g2_i2.p1,0.149793473506309
TRINITY_DN5473_c0_g1_i3.p1,0.104428111542283
TRINITY_DN66361_c0_g1_i7.p1,0.0368822615750501
TRINITY_DN742_c0_g1_i101.p1,-0.166904722497358
TRINITY_DN9016_c0_g1_i1.p1,0.0391350453110246
TRINITY_DN13851_c0_g1_i2.p1,0.0980283589706909
TRINITY_DN2090_c0_g2_i3.p1,-0.203109948399412
TRINITY_DN453_c0_g1_i29.p1,-0.18013751839108
TRINITY_DN488_c2_g1_i1.p1,-0.0421257388895391
TRINITY_DN84921_c0_g1_i3.p1,0.13003198675383
TRINITY_DN10046_c0_g1_i1.p1,-0.0556460097171029
TRINITY_DN1494_c0_g1_i1.p1,-0.103044680687054
TRINITY_DN228_c1_g1_i3.p1,0.109591381726043
TRINITY_DN2330_c0_g1_i1.p1,-0.0381573720245979
TRINITY_DN41475_c1_g1_i1.p1,-0.0736202272373585
TRINITY_DN6942_c0_g2_i1.p1,0.147889941767089
TRINITY_DN7829_c0_g2_i1.p1,-0.0779101896224158
TRINITY_DN5039_c0_g1_i1.p1,-0.0804210488410468
TRINITY_DN75046_c0_g1_i1.p1,0.153553173005015
TRINITY_DN2413_c8_g1_i1.p1,-0.0398409705650817
TRINITY_DN12005_c1_g1_i2.p1,-0.0510548894248475
TRINITY_DN1369_c2_g1_i9.p1,0.123001021953166
TRINITY_DN147500_c0_g1_i1.p1,-0.205772448526832
TRINITY_DN19724_c0_g2_i3.p1,0.0657630362121282
TRINITY_DN2407_c0_g3_i5.p1,0.108933846116602
TRINITY_DN31178_c0_g2_i3.p1,-0.0325847068183016
TRINITY_DN6970_c0_g1_i1.p1,0.0414734262653027
TRINITY_DN77534_c1_g2_i1.p1,0.169892066585776
TRINITY_DN279_c2_g1_i4.p1,-0.0888138621983561
TRINITY_DN5225_c0_g1_i18.p1,0.163472043000975
TRINITY_DN9450_c0_g1_i1.p1,0.0613888248258215
TRINITY_DN5436_c0_g1_i12.p1,0.170489691833494
TRINITY_DN15769_c0_g1_i6.p1,0.0925440715807465
TRINITY_DN76549_c0_g1_i2.p1,0.0766287523950789
TRINITY_DN496_c0_g1_i26.p1,0.169771182487681
TRINITY_DN11438_c3_g1_i1.p1,0.0479344376533424
TRINITY_DN12364_c0_g1_i7.p1,0.0508379496130082
TRINITY_DN3529_c0_g1_i47.p1,-0.058950485050168
TRINITY_DN5054_c0_g1_i1.p1,-0.0501506639970139
TRINITY_DN7044_c0_g1_i2.p1,0.0332227198407843
TRINITY_DN19391_c1_g1_i2.p1,-0.0291642960376042
TRINITY_DN6392_c0_g1_i2.p1,0.0619644243097877
TRINITY_DN1027_c4_g2_i1.p1,0.0733602574065819
TRINITY_DN10547_c0_g1_i1.p1,0.0872072288367374
TRINITY_DN112521_c0_g1_i2.p1,-0.255898647075495
TRINITY_DN1430_c0_g1_i17.p2,0.127275768861306
TRINITY_DN16384_c2_g2_i1.p1,0.106956112574314
TRINITY_DN17086_c0_g4_i3.p1,-0.0662723702490594
TRINITY_DN1725_c0_g1_i9.p1,-0.0910931590777947
TRINITY_DN17601_c0_g1_i2.p1,-0.0825871614073833
TRINITY_DN180175_c0_g1_i1.p1,-0.111762855012567
TRINITY_DN180688_c0_g1_i1.p1,0.0767248355533614
TRINITY_DN1951_c0_g1_i4.p1,-0.113045843779916
TRINITY_DN19627_c0_g1_i1.p1,0.0363205926944793
TRINITY_DN19909_c0_g1_i1.p1,0.0805621031924026
TRINITY_DN21776_c0_g2_i1.p1,-0.031550652974619
TRINITY_DN2194_c0_g1_i3.p1,-0.177479490143775
TRINITY_DN2263_c0_g1_i8.p1,-0.0710623708370819
TRINITY_DN2285_c0_g1_i44.p1,0.0994197399187366
TRINITY_DN30680_c0_g2_i1.p1,-0.0424004518762735
TRINITY_DN3214_c0_g1_i2.p1,0.624754168221355
TRINITY_DN33258_c0_g2_i1.p1,-0.269351994901545
TRINITY_DN3529_c2_g4_i2.p1,-0.0619585272332333
TRINITY_DN3612_c2_g1_i1.p1,-0.114102394332251
TRINITY_DN36216_c0_g1_i1.p1,-0.0435095426657366
TRINITY_DN38751_c0_g1_i4.p1,-0.0807729077158969
TRINITY_DN484_c0_g1_i11.p1,0.0578440434337663
TRINITY_DN4_c1_g1_i1.p1,0.133755110939524
TRINITY_DN5028_c0_g1_i6.p1,-0.0972028186569583
TRINITY_DN511_c0_g1_i23.p1,0.0818923128306877
TRINITY_DN55504_c0_g1_i3.p2,0.13896854566244
TRINITY_DN693_c0_g1_i6.p1,-0.0604899829206283
TRINITY_DN7276_c0_g2_i1.p1,-0.138682850043726
TRINITY_DN7406_c1_g2_i1.p1,0.0742174194886853
TRINITY_DN827_c0_g2_i3.p1,-0.0909002598239252
TRINITY_DN9617_c0_g1_i1.p1,-0.0356114443859138
TRINITY_DN10176_c0_g1_i4.p1,0.140033471434064
TRINITY_DN20420_c4_g1_i1.p1,-0.0500084550841003
TRINITY_DN21870_c1_g1_i1.p1,-0.0991330295183406
TRINITY_DN55_c6_g1_i1.p1,0.0652493651239925
TRINITY_DN49134_c1_g1_i1.p1,0.0619591480408261
TRINITY_DN17981_c2_g1_i1.p1,-0.135919436915975
TRINITY_DN5412_c0_g1_i2.p1,0.127809221109937
TRINITY_DN114077_c0_g1_i1.p1,0.0387107324097932
TRINITY_DN209_c2_g1_i3.p1,-0.130849016923053
TRINITY_DN28499_c3_g1_i1.p1,0.0483170779391398
TRINITY_DN37140_c0_g1_i1.p1,0.0356188082272262
TRINITY_DN61505_c0_g1_i2.p1,-0.0623626736347458
TRINITY_DN147104_c0_g1_i1.p1,0.0637347028277735
TRINITY_DN5644_c0_g1_i3.p1,-0.0903049977048047
TRINITY_DN128945_c0_g1_i2.p1,-0.104151283606851
TRINITY_DN14256_c0_g1_i1.p1,0.046195575933941
TRINITY_DN1484_c6_g1_i1.p1,0.0713935545949503
TRINITY_DN15293_c0_g1_i3.p1,-0.175498055977593
TRINITY_DN1853_c1_g1_i4.p1,-0.089473894196594
TRINITY_DN1951_c0_g1_i18.p1,-0.0981069553627064
TRINITY_DN2271_c1_g6_i1.p1,-0.140239631448528
TRINITY_DN30334_c0_g1_i1.p1,0.037271829023476
TRINITY_DN6216_c0_g1_i2.p1,-0.0886316821770403
TRINITY_DN63342_c0_g1_i2.p1,-0.0846120401573338
TRINITY_DN7045_c0_g1_i1.p1,0.0799097395311096
TRINITY_DN8850_c0_g1_i4.p1,0.0637786470367614
TRINITY_DN16366_c0_g1_i1.p1,-0.126936347894481
TRINITY_DN7652_c0_g1_i7.p1,-0.0759265334692535
TRINITY_DN1048_c34_g1_i1.p1,-0.094243928510868
TRINITY_DN10714_c0_g1_i1.p1,0.0440738253466994
TRINITY_DN10770_c0_g1_i2.p1,0.177790735766931
TRINITY_DN12985_c0_g1_i1.p1,0.0568218293849053
TRINITY_DN1467_c0_g2_i1.p1,0.0813786193803295
TRINITY_DN1484_c1_g1_i2.p2,0.0982054830972591
TRINITY_DN15021_c0_g2_i1.p1,0.0492731732176627
TRINITY_DN15252_c0_g1_i3.p1,0.146067593664634
TRINITY_DN1558_c0_g2_i1.p2,-0.153953196314721
TRINITY_DN17237_c0_g3_i1.p1,0.134291063904056
TRINITY_DN18284_c0_g3_i2.p1,0.0440644450013198
TRINITY_DN18588_c0_g2_i2.p1,0.0750887381127508
TRINITY_DN19547_c0_g1_i3.p1,-0.0696259201335042
TRINITY_DN19925_c0_g1_i2.p1,0.0594934381642322
TRINITY_DN20178_c1_g1_i2.p1,-0.13606711235067
TRINITY_DN23122_c0_g1_i1.p1,-0.147918961488649
TRINITY_DN2322_c0_g2_i1.p1,-0.150396195238381
TRINITY_DN23249_c1_g1_i5.p1,-0.0854534899243764
TRINITY_DN2337_c20_g1_i1.p1,-0.101530840236598
TRINITY_DN25777_c0_g1_i4.p1,0.120270074750094
TRINITY_DN280_c1_g1_i8.p1,-0.106534121219764
TRINITY_DN28176_c0_g1_i2.p1,-0.098496787295071
TRINITY_DN28823_c0_g1_i2.p1,0.0793926716450161
TRINITY_DN30073_c1_g1_i6.p1,-0.0787577489354952
TRINITY_DN3215_c11_g1_i1.p2,-0.143850557067437
TRINITY_DN3312_c0_g1_i4.p1,0.123991673887189
TRINITY_DN3391_c0_g1_i16.p1,0.12662103929075
TRINITY_DN34676_c0_g2_i2.p1,-0.143020235390807
TRINITY_DN3586_c1_g4_i1.p1,0.0664966652196467
TRINITY_DN359_c0_g1_i15.p1,-0.0666469891371368
TRINITY_DN42416_c1_g1_i3.p1,0.0399730076177281
TRINITY_DN4248_c0_g1_i1.p1,0.0511357367502532
TRINITY_DN46282_c0_g1_i5.p1,-0.14948103425488
TRINITY_DN4666_c6_g1_i6.p1,-0.0171050498660671
TRINITY_DN4941_c0_g2_i2.p1,-0.105388449940526
TRINITY_DN5121_c0_g1_i5.p1,0.123784679284299
TRINITY_DN5528_c3_g1_i1.p1,-0.0631748413368122
TRINITY_DN57925_c0_g1_i2.p1,-0.131758313742312
TRINITY_DN69184_c0_g1_i1.p1,0.136223270738237
TRINITY_DN7442_c0_g1_i8.p1,-0.145037961185628
TRINITY_DN7722_c4_g1_i1.p1,0.0701949706320615
TRINITY_DN7981_c0_g1_i2.p1,-0.0592994177819632
TRINITY_DN7988_c0_g1_i1.p1,0.114348724648856
TRINITY_DN155_c0_g1_i2.p1,-0.137502764679625
TRINITY_DN4477_c0_g1_i5.p1,0.200612302739446
TRINITY_DN4521_c0_g1_i29.p1,-0.178068895549152
TRINITY_DN112_c18_g1_i2.p1,-0.120777998892845
TRINITY_DN1209_c0_g1_i2.p1,0.0608348183873501
TRINITY_DN128912_c0_g1_i1.p1,-0.0460393567629858
TRINITY_DN13438_c0_g1_i1.p1,-0.0798429619710135
TRINITY_DN163967_c0_g1_i1.p1,-0.0536975573842788
TRINITY_DN18520_c0_g2_i3.p1,0.117237740719131
TRINITY_DN1898_c0_g1_i6.p1,-0.14379015342583
TRINITY_DN24870_c0_g1_i1.p1,-0.0685693406153497
TRINITY_DN25456_c0_g1_i2.p1,-0.136113109540556
TRINITY_DN537_c0_g1_i9.p1,-0.0706964481479926
TRINITY_DN5436_c0_g1_i15.p1,0.0756996186595314
TRINITY_DN55090_c0_g1_i7.p1,0.0911892248483082
TRINITY_DN8736_c1_g1_i48.p1,0.0998768214645614
TRINITY_DN971_c0_g1_i4.p1,0.0779729045199297
TRINITY_DN2302_c0_g1_i19.p1,0.146870875573984
TRINITY_DN179544_c0_g1_i1.p1,0.0588784501246528
TRINITY_DN2291_c0_g1_i8.p1,-0.176501919627692
TRINITY_DN2340_c0_g1_i103.p1,0.14647667463261
TRINITY_DN250_c0_g1_i53.p1,0.109387305943358
TRINITY_DN5547_c0_g1_i1.p1,-0.0422988486578488
TRINITY_DN10121_c1_g2_i1.p1,-0.131706609792637
TRINITY_DN54939_c0_g1_i1.p1,-0.104573711148174
TRINITY_DN7188_c0_g1_i2.p1,-0.0535842971584113
TRINITY_DN7823_c0_g4_i2.p1,0.111464373354231
TRINITY_DN936_c0_g1_i1.p1,0.0982759189566668
TRINITY_DN85486_c2_g1_i1.p1,0.128058187400316
TRINITY_DN11399_c1_g1_i1.p1,-0.108635850050133
TRINITY_DN12534_c0_g1_i2.p1,-0.04799453298276
TRINITY_DN21945_c0_g1_i2.p1,-0.0714310681425875
TRINITY_DN10127_c0_g2_i1.p1,0.0452424446819789
TRINITY_DN13464_c0_g1_i13.p2,-0.125497106169586
TRINITY_DN16149_c0_g1_i3.p1,-0.0290998947704227
TRINITY_DN590_c0_g1_i16.p1,0.0957390453256433
TRINITY_DN33764_c2_g1_i1.p1,0.0579668477347608
TRINITY_DN49695_c0_g1_i4.p1,-0.0566549965923933
TRINITY_DN15829_c0_g1_i1.p1,0.0616302216748298
TRINITY_DN17774_c0_g1_i14.p1,-0.0650729844808635
TRINITY_DN2598_c10_g1_i2.p1,0.0794213862112028
TRINITY_DN43_c1_g1_i2.p1,0.0767028131646946
TRINITY_DN8838_c0_g1_i3.p1,0.0946834740660312
TRINITY_DN9869_c0_g1_i1.p1,-0.0533265317095135
TRINITY_DN749_c0_g1_i8.p1,0.12420195854735
TRINITY_DN7_c0_g1_i18.p1,0.126152191949743
TRINITY_DN24634_c0_g1_i7.p1,-0.0425073833736183
TRINITY_DN1142_c2_g1_i1.p1,0.0452659585625953
TRINITY_DN3391_c0_g1_i13.p1,-0.134412665894813
TRINITY_DN459_c0_g1_i2.p1,-0.14556269592056
TRINITY_DN21473_c0_g1_i1.p1,0.0510411148292158
TRINITY_DN2568_c0_g1_i9.p1,0.138411076247102
TRINITY_DN407_c0_g2_i1.p1,0.105854058585666
TRINITY_DN10117_c1_g1_i1.p1,0.0563596301325269
TRINITY_DN12071_c1_g1_i1.p1,0.0576571188885107
TRINITY_DN1232_c0_g2_i2.p1,0.0290654882641274
TRINITY_DN13052_c3_g1_i15.p1,-0.14237510571612
TRINITY_DN145429_c0_g1_i1.p1,0.0354235984586038
TRINITY_DN15372_c0_g1_i1.p1,-0.0485555928244245
TRINITY_DN164030_c0_g1_i1.p1,0.0612850945859247
TRINITY_DN2050_c0_g1_i3.p1,-0.0996026382075595
TRINITY_DN20779_c1_g1_i1.p1,-0.077540365027429
TRINITY_DN3278_c0_g1_i3.p1,0.138324996970957
TRINITY_DN3540_c2_g1_i3.p1,-0.13786164199332
TRINITY_DN41189_c0_g1_i2.p1,-0.0559992365998265
TRINITY_DN3391_c0_g1_i19.p1,-0.156290072024363
TRINITY_DN46556_c0_g1_i2.p1,0.070743482531868
TRINITY_DN64314_c1_g1_i6.p1,0.101486551043547
TRINITY_DN57821_c0_g1_i3.p1,0.100431354436068
TRINITY_DN100_c1_g1_i7.p1,0.02999905213064
TRINITY_DN1205_c0_g1_i4.p1,-0.148237175617346
TRINITY_DN18697_c1_g1_i3.p1,-0.0712262356294697
TRINITY_DN20858_c0_g1_i2.p1,-0.0599874003449051
TRINITY_DN4995_c6_g1_i1.p1,-0.0717677234026193
TRINITY_DN9621_c0_g1_i1.p1,0.0461040901063833
TRINITY_DN979_c0_g1_i4.p1,0.118617831134993
TRINITY_DN1136_c0_g1_i2.p1,-0.0825939152819473
TRINITY_DN1140_c1_g1_i1.p1,0.0806811915355581
TRINITY_DN11469_c0_g1_i2.p1,0.143029449513217
TRINITY_DN11760_c0_g2_i1.p1,0.139884594568438
TRINITY_DN12406_c0_g1_i1.p1,0.0695800003977284
TRINITY_DN128813_c0_g1_i1.p1,0.0403919954415723
TRINITY_DN13209_c0_g1_i1.p1,0.0421557162830409
TRINITY_DN1379_c0_g2_i1.p1,0.0563915118390516
TRINITY_DN14141_c0_g1_i1.p1,0.0682149953871013
TRINITY_DN14350_c0_g1_i5.p1,0.164163867239083
TRINITY_DN165458_c0_g1_i1.p1,-0.0956164334109959
TRINITY_DN17215_c0_g1_i2.p1,-0.123308958385732
TRINITY_DN1810_c0_g1_i12.p1,-0.0802062243740121
TRINITY_DN18683_c1_g1_i3.p1,0.0523912978278762
TRINITY_DN19365_c0_g1_i1.p1,0.0665313814723268
TRINITY_DN20263_c0_g2_i1.p1,-0.0690294878591464
TRINITY_DN2165_c0_g1_i3.p1,-0.181309694526682
TRINITY_DN21776_c0_g1_i5.p1,-0.145577451936802
TRINITY_DN22151_c0_g1_i1.p1,0.0802173353500758
TRINITY_DN23283_c0_g2_i1.p1,0.135632983702605
TRINITY_DN24694_c3_g1_i1.p1,0.181544757604486
TRINITY_DN26099_c0_g1_i1.p1,-0.0375628967060629
TRINITY_DN2715_c0_g1_i12.p1,0.0990335121121039
TRINITY_DN27991_c2_g1_i1.p1,0.165259261016029
TRINITY_DN2856_c0_g1_i3.p1,0.110406843306143
TRINITY_DN28767_c0_g1_i2.p1,0.0340714646769721
TRINITY_DN31_c2_g1_i4.p1,0.141703539739304
TRINITY_DN3271_c0_g3_i1.p1,-0.0726015695834379
TRINITY_DN33699_c0_g1_i53.p1,-0.155036618458924
TRINITY_DN37205_c1_g1_i1.p1,-0.0774445941322879
TRINITY_DN3935_c0_g1_i1.p1,0.114091658036146
TRINITY_DN41150_c0_g1_i2.p1,0.0238697212939278
TRINITY_DN41582_c0_g1_i2.p1,0.039013656531705
TRINITY_DN4394_c0_g2_i4.p1,-0.0940099152381468
TRINITY_DN50697_c0_g1_i1.p1,-0.0352063676217385
TRINITY_DN528_c9_g1_i6.p1,-0.0799196917458615
TRINITY_DN550_c0_g1_i102.p1,-0.146561397309667
TRINITY_DN564_c0_g1_i2.p1,-0.0860896919352317
TRINITY_DN5711_c0_g1_i3.p1,0.0729741172794027
TRINITY_DN6353_c0_g2_i1.p1,0.145029551547208
TRINITY_DN64781_c0_g1_i1.p1,-0.0783053062017169
TRINITY_DN66400_c0_g3_i2.p2,0.1223768030191
TRINITY_DN7177_c0_g1_i5.p1,-0.0683726597773325
TRINITY_DN88563_c0_g2_i1.p1,0.0432700651134715
TRINITY_DN9030_c0_g2_i2.p1,-0.138404128943225
TRINITY_DN713_c0_g1_i5.p1,0.0277831614934641
TRINITY_DN179227_c0_g1_i1.p1,0.0315040439994
TRINITY_DN14655_c1_g1_i2.p1,0.129481070680489
TRINITY_DN1008_c7_g1_i1.p1,-0.0243720831680421
TRINITY_DN12218_c0_g1_i4.p1,0.080807113767743
TRINITY_DN1444_c0_g1_i3.p1,0.109011974162808
TRINITY_DN17069_c0_g1_i4.p1,0.0642844899806729
TRINITY_DN1719_c1_g1_i15.p1,0.158963183580868
TRINITY_DN18092_c0_g1_i10.p1,0.0616650694003325
TRINITY_DN20033_c0_g1_i2.p1,-0.0371590427177462
TRINITY_DN2073_c4_g1_i2.p1,-0.0783400901182088
TRINITY_DN2613_c2_g1_i1.p1,-0.0313621594035999
TRINITY_DN29868_c0_g2_i1.p1,-0.048066940169093
TRINITY_DN32153_c1_g1_i1.p1,0.13250826697863
TRINITY_DN325_c0_g1_i7.p1,0.052987712789811
TRINITY_DN4009_c1_g1_i7.p1,-0.0773706813135555
TRINITY_DN43512_c0_g2_i2.p1,-0.098803601348252
TRINITY_DN484_c0_g1_i29.p1,0.119062319051283
TRINITY_DN5010_c0_g1_i16.p1,0.130273163993973
TRINITY_DN6563_c1_g1_i1.p1,0.0734888445891568
TRINITY_DN7445_c0_g1_i3.p1,0.0432629521959736
TRINITY_DN844_c0_g1_i5.p1,-0.0815383747023552
TRINITY_DN96_c0_g1_i13.p1,0.0415110733221894
TRINITY_DN9911_c1_g1_i4.p1,-0.0783943314078544
TRINITY_DN2994_c0_g1_i7.p1,-0.119533152213002
TRINITY_DN8546_c3_g1_i1.p1,0.0993671984972237
TRINITY_DN101_c0_g1_i1.p1,-0.12706991663206
TRINITY_DN104155_c0_g1_i1.p1,0.0473580781319013
TRINITY_DN10795_c0_g1_i1.p1,0.0598901051791766
TRINITY_DN10943_c0_g1_i2.p1,0.0735929643357721
TRINITY_DN1103_c4_g1_i1.p1,0.0350887321701197
TRINITY_DN110_c0_g1_i4.p1,0.0901503450474616
TRINITY_DN1163_c0_g1_i26.p1,0.0929536009837283
TRINITY_DN117491_c0_g1_i2.p1,0.147052715677165
TRINITY_DN1247_c0_g1_i8.p1,-0.0523608920388414
TRINITY_DN12727_c4_g1_i1.p1,0.0513741061380831
TRINITY_DN14380_c0_g3_i2.p1,-0.0626458304998628
TRINITY_DN145020_c0_g1_i1.p1,-0.0472802983559149
TRINITY_DN1564_c0_g1_i10.p1,0.0669021343983888
TRINITY_DN161632_c0_g1_i1.p1,0.0350717084580672
TRINITY_DN162738_c0_g1_i1.p1,0.0676489890242995
TRINITY_DN17432_c0_g1_i6.p1,0.0809094549118231
TRINITY_DN17777_c0_g1_i1.p1,-0.0674537536552433
TRINITY_DN177958_c0_g1_i1.p1,0.116079569323262
TRINITY_DN178_c3_g1_i1.p1,-0.0208726745365102
TRINITY_DN18452_c0_g1_i2.p1,0.0481296174605368
TRINITY_DN18800_c0_g1_i1.p2,-0.148141234934835
TRINITY_DN2037_c0_g4_i1.p1,-0.0787661601337383
TRINITY_DN20922_c0_g1_i1.p1,0.128790589776957
TRINITY_DN2113_c0_g1_i9.p1,-0.0536299817957454
TRINITY_DN21787_c2_g2_i2.p1,-0.0827262899927064
TRINITY_DN21959_c4_g1_i1.p1,-0.102762582877398
TRINITY_DN2234_c0_g1_i4.p1,0.0986783446754601
TRINITY_DN2362_c0_g1_i1.p1,0.115615680628374
TRINITY_DN26923_c0_g2_i11.p1,0.146626591562652
TRINITY_DN277_c1_g1_i2.p1,0.05700926034855
TRINITY_DN2877_c2_g1_i5.p1,-0.112096732454945
TRINITY_DN28806_c0_g1_i3.p1,-0.108219484385226
TRINITY_DN2_c2_g1_i2.p1,-0.140344881687423
TRINITY_DN3391_c0_g1_i5.p1,-0.0973115696088267
TRINITY_DN3492_c0_g1_i2.p1,-0.0468364056607768
TRINITY_DN36090_c0_g1_i2.p1,-0.0675125826767519
TRINITY_DN36412_c0_g1_i1.p1,0.137202349728175
TRINITY_DN3660_c0_g1_i2.p1,0.0464669603386256
TRINITY_DN38350_c0_g1_i1.p1,0.106042500821929
TRINITY_DN3851_c0_g1_i2.p1,0.0819128294458031
TRINITY_DN3963_c0_g1_i5.p1,-0.124202340243876
TRINITY_DN4009_c0_g1_i5.p1,-0.132386148890798
TRINITY_DN412_c0_g1_i10.p1,-0.110730856228095
TRINITY_DN41553_c0_g1_i5.p1,0.340804951660621
TRINITY_DN417_c0_g1_i37.p1,-0.0810839180756004
TRINITY_DN41893_c0_g1_i37.p1,0.145521709770483
TRINITY_DN4247_c0_g1_i1.p1,-0.0500214429086004
TRINITY_DN428_c0_g1_i5.p1,-0.152442804005804
TRINITY_DN434_c0_g1_i2.p1,-0.0967170418768511
TRINITY_DN4420_c0_g2_i11.p1,-0.140010364252204
TRINITY_DN4447_c0_g1_i3.p1,0.0574186731874225
TRINITY_DN44796_c0_g1_i5.p1,-0.0701256049505858
TRINITY_DN47423_c0_g1_i3.p1,-0.145879882908396
TRINITY_DN476_c1_g1_i8.p1,0.102751218858185
TRINITY_DN49930_c3_g1_i10.p1,0.116317359496925
TRINITY_DN501_c3_g1_i2.p1,-0.0965108300332112
TRINITY_DN507_c0_g1_i3.p1,0.0867237840205728
TRINITY_DN5329_c0_g2_i1.p1,0.0396611618672339
TRINITY_DN5340_c0_g1_i1.p2,0.10086660308581
TRINITY_DN5507_c1_g1_i1.p2,-0.0768486210715598
TRINITY_DN5708_c0_g1_i19.p1,-0.0976071620536751
TRINITY_DN5824_c1_g2_i1.p1,-0.0397415172812846
TRINITY_DN59240_c2_g2_i2.p1,0.0468418013413148
TRINITY_DN6069_c0_g2_i1.p1,0.0692697115826225
TRINITY_DN6380_c0_g1_i6.p1,0.184330141191722
TRINITY_DN6843_c0_g2_i2.p1,-0.143339922806558
TRINITY_DN6869_c3_g1_i1.p1,-0.0403028104848686
TRINITY_DN745_c0_g1_i1.p1,-0.0916272524014788
TRINITY_DN762_c1_g1_i9.p1,-0.0580450213160699
TRINITY_DN7774_c0_g1_i18.p1,0.118481386591002
TRINITY_DN8127_c0_g1_i1.p1,0.064608003052842
TRINITY_DN8466_c0_g1_i1.p2,0.123575158022169
TRINITY_DN8528_c0_g1_i4.p1,0.0683053305588869
TRINITY_DN8736_c1_g1_i40.p1,-0.154943659932209
TRINITY_DN9036_c0_g1_i4.p1,-0.0654213964829857
TRINITY_DN9093_c0_g1_i1.p1,-0.0298931619167882
TRINITY_DN9157_c0_g1_i4.p1,0.0601611324299433
TRINITY_DN929_c2_g1_i2.p1,-0.154555629491006
TRINITY_DN9353_c0_g2_i4.p1,0.0921872008245105
TRINITY_DN96447_c0_g1_i1.p1,0.0453804689457355
TRINITY_DN974_c0_g1_i4.p1,0.0764485878226243
TRINITY_DN987_c1_g1_i1.p1,-0.0935132232946916
TRINITY_DN1192_c4_g1_i1.p1,-0.137136102817431
TRINITY_DN3039_c0_g1_i7.p1,0.0521699254197955
TRINITY_DN24311_c0_g1_i1.p1,0.0457334313092038
TRINITY_DN3036_c0_g1_i7.p1,0.0533060861311052
TRINITY_DN4456_c0_g1_i3.p1,-0.104415570841265
TRINITY_DN5313_c3_g1_i2.p1,0.0810249465509471
TRINITY_DN849_c0_g1_i11.p1,-0.143053167096652
TRINITY_DN1976_c0_g1_i37.p1,0.077123909494673
TRINITY_DN14568_c0_g1_i2.p1,0.114967818530635
TRINITY_DN1532_c3_g1_i5.p1,-0.0634419508032046
TRINITY_DN7928_c0_g1_i4.p1,0.124872296434716
TRINITY_DN1187_c0_g1_i2.p1,-0.123165826052393
TRINITY_DN13639_c0_g1_i1.p1,0.101726593974351
TRINITY_DN1802_c0_g1_i2.p1,-0.0564697439360525
TRINITY_DN18649_c0_g1_i3.p1,0.0508877655232336
TRINITY_DN2507_c0_g1_i66.p1,-0.142153526507663
TRINITY_DN2943_c0_g2_i8.p1,-0.224457531197824
TRINITY_DN2_c1_g1_i42.p1,-0.0873104296738417
TRINITY_DN3288_c0_g1_i10.p1,0.108753072758382
TRINITY_DN37904_c0_g1_i1.p1,0.0280638466650197
TRINITY_DN4214_c1_g5_i1.p1,-0.107637119514702
TRINITY_DN4264_c0_g1_i3.p1,0.0552222871418659
TRINITY_DN6264_c0_g1_i1.p1,0.04703110814969
TRINITY_DN1608_c0_g1_i6.p1,-0.116530997496276
TRINITY_DN178295_c0_g1_i1.p1,0.0629534561364623
TRINITY_DN2261_c0_g1_i11.p1,0.13025343815981
TRINITY_DN26658_c0_g1_i1.p1,-0.118500029651994
TRINITY_DN3975_c0_g1_i1.p1,-0.0247960072410224
TRINITY_DN5073_c0_g1_i1.p1,0.063776331774131
TRINITY_DN8491_c0_g1_i6.p1,-0.128817772060334
TRINITY_DN34152_c5_g1_i1.p1,0.0437746454383458
TRINITY_DN10214_c0_g1_i2.p1,-0.142003738672403
TRINITY_DN1322_c3_g1_i16.p1,-0.0652135236981136
TRINITY_DN13426_c0_g1_i1.p1,0.0570387951771231
TRINITY_DN4252_c0_g1_i7.p1,-0.100524296062789
TRINITY_DN7018_c0_g1_i1.p1,0.0625383797914437
TRINITY_DN11928_c0_g2_i2.p1,0.0852300939450328
TRINITY_DN4308_c0_g1_i3.p1,0.140558500937027
TRINITY_DN442_c0_g1_i1.p1,0.0977253673995246
TRINITY_DN2224_c0_g1_i3.p1,0.11007909636405
TRINITY_DN354_c1_g1_i4.p1,0.0901712537243323
TRINITY_DN1035_c0_g1_i4.p1,-0.0734949772047705
TRINITY_DN11201_c0_g1_i3.p1,0.0733285563450248
TRINITY_DN15987_c0_g1_i1.p1,-0.143693309755243
TRINITY_DN161892_c0_g1_i1.p1,0.12442785362163
TRINITY_DN1740_c0_g1_i4.p1,-0.0975316757307986
TRINITY_DN18511_c0_g1_i1.p1,0.0571168642752835
TRINITY_DN23605_c2_g1_i1.p1,0.0435827234861413
TRINITY_DN37593_c0_g3_i1.p1,-0.140448826938863
TRINITY_DN703_c0_g1_i3.p1,0.142765074823851
TRINITY_DN90403_c0_g1_i1.p1,-0.134369960616531
TRINITY_DN11785_c0_g2_i2.p1,0.138679853061905
TRINITY_DN12285_c0_g1_i1.p1,0.0539028829352817
TRINITY_DN15743_c0_g1_i22.p1,-0.0659405610233774
TRINITY_DN3482_c0_g1_i3.p1,0.0587813513265466
TRINITY_DN358_c0_g1_i74.p1,0.0734591958168072
TRINITY_DN38743_c1_g1_i1.p1,-0.0424940761816211
TRINITY_DN7282_c0_g1_i2.p1,-0.0784672827498564
TRINITY_DN1149_c0_g1_i22.p1,-0.13038428183014
TRINITY_DN251_c1_g1_i2.p1,-0.0831235909061309
TRINITY_DN9823_c0_g1_i4.p1,-0.0712051003758471
TRINITY_DN14319_c0_g1_i1.p1,0.0417350126189395
TRINITY_DN17988_c0_g1_i2.p1,-0.13398282848172
TRINITY_DN39780_c0_g1_i4.p1,-0.0603906160831887
TRINITY_DN58411_c2_g1_i2.p1,-0.0531523498787474
TRINITY_DN7449_c0_g1_i5.p1,0.145110075740608
TRINITY_DN13412_c0_g1_i1.p1,0.121484933352232
TRINITY_DN25005_c0_g1_i2.p1,-0.113081670425996
TRINITY_DN52742_c0_g1_i24.p1,0.0791190194997199
TRINITY_DN7604_c0_g1_i2.p1,-0.0579391448003963
TRINITY_DN12851_c0_g1_i4.p1,0.0911097498489603
TRINITY_DN13976_c1_g1_i1.p1,0.0455967139860594
TRINITY_DN14767_c0_g1_i1.p1,0.1385069049652
TRINITY_DN16216_c0_g2_i4.p1,0.0549969650529988
TRINITY_DN16525_c0_g1_i1.p1,0.0377773711536145
TRINITY_DN1766_c0_g1_i11.p1,-0.20526139049936
TRINITY_DN26405_c4_g1_i1.p1,0.115750667899059
TRINITY_DN2764_c0_g1_i7.p1,0.162286585789209
TRINITY_DN3445_c5_g2_i1.p1,0.119502739269671
TRINITY_DN44070_c0_g1_i7.p1,0.108635328368025
TRINITY_DN49641_c0_g1_i1.p1,-0.0938016085181692
TRINITY_DN49810_c0_g1_i1.p1,-0.137665313695571
TRINITY_DN630_c1_g1_i10.p1,-0.131194431778096
TRINITY_DN6527_c0_g1_i1.p1,0.0375454409830722
TRINITY_DN1030_c13_g1_i3.p1,0.136378582221239
TRINITY_DN162687_c0_g1_i1.p1,0.0495101652981579
TRINITY_DN17832_c0_g1_i2.p1,0.0995137546277766
TRINITY_DN17897_c0_g1_i2.p1,-0.1997108396946
TRINITY_DN1918_c0_g1_i1.p1,0.135338797097607
TRINITY_DN21505_c0_g1_i6.p1,-0.131172826969413
TRINITY_DN24_c1_g1_i1.p1,-0.0701037575842525
TRINITY_DN30136_c0_g1_i6.p1,0.0658933964002097
TRINITY_DN32226_c0_g1_i2.p1,-0.154450888619841
TRINITY_DN3603_c0_g1_i2.p1,-0.0877735727842787
TRINITY_DN382_c1_g1_i26.p1,0.0925475650407656
TRINITY_DN4538_c0_g1_i1.p1,0.131300116337931
TRINITY_DN4666_c0_g1_i16.p1,0.13621805806594
TRINITY_DN5983_c0_g1_i1.p1,0.0424039631715939
TRINITY_DN7177_c0_g1_i6.p1,-0.0914817922385435
TRINITY_DN7466_c0_g2_i3.p1,0.0831908024774265
TRINITY_DN90685_c0_g1_i3.p1,-0.0947921433566458
TRINITY_DN91706_c1_g1_i1.p1,-0.0704792290543016
TRINITY_DN96499_c0_g1_i1.p1,-0.0860122405751727
TRINITY_DN9849_c0_g2_i2.p1,0.14439820004141
TRINITY_DN21787_c2_g2_i6.p1,-0.1464847755133
TRINITY_DN502_c0_g1_i3.p1,0.0578081749142402
TRINITY_DN59387_c0_g1_i1.p1,-0.0448105038982307
TRINITY_DN72100_c1_g1_i1.p1,0.0613315661043629
TRINITY_DN10222_c0_g1_i3.p1,0.076637100043597
TRINITY_DN10325_c0_g1_i3.p1,0.0619271846590277
TRINITY_DN11999_c0_g1_i1.p1,-0.057610424474808
TRINITY_DN12013_c0_g1_i5.p1,-0.081314048218949
TRINITY_DN2403_c0_g1_i43.p1,-0.0564272161287684
TRINITY_DN27151_c0_g1_i1.p1,-0.05382485689208
TRINITY_DN27442_c0_g1_i1.p1,-0.0494229102614546
TRINITY_DN43639_c0_g1_i1.p1,-0.148816543347094
TRINITY_DN51560_c0_g1_i1.p1,-0.1774439039157
TRINITY_DN5713_c0_g1_i3.p1,-0.075543391657413
TRINITY_DN601_c0_g1_i4.p1,-0.0850398276393233
TRINITY_DN613_c1_g1_i2.p2,0.0675335075211828
TRINITY_DN7848_c0_g3_i2.p1,-0.135948287179137
TRINITY_DN9659_c0_g1_i2.p1,0.222006468230674
TRINITY_DN9691_c0_g1_i1.p1,0.0353755725731712
TRINITY_DN100644_c0_g1_i1.p1,-0.0496155271839392
TRINITY_DN103_c5_g1_i1.p1,-0.364635816849956
TRINITY_DN15110_c0_g1_i2.p1,0.476049366632596
TRINITY_DN2234_c0_g1_i3.p1,-0.064823080495742
TRINITY_DN31729_c0_g1_i2.p1,0.168140284607815
TRINITY_DN53197_c0_g1_i2.p1,0.0513233875913157
TRINITY_DN58381_c1_g2_i2.p1,-0.122764442567324
TRINITY_DN6645_c0_g1_i1.p1,-0.0346145194579844
TRINITY_DN642_c0_g1_i7.p1,0.0846839947875249
TRINITY_DN408_c2_g2_i1.p1,0.0463442675714371
TRINITY_DN41359_c0_g1_i1.p1,0.0754370216887736
TRINITY_DN16327_c2_g1_i1.p1,0.0615309408049228
TRINITY_DN9214_c0_g1_i4.p1,-0.0885493174441554
TRINITY_DN2155_c0_g1_i1.p1,-0.0402662225294628
TRINITY_DN10359_c0_g1_i3.p1,-0.109656853083795
TRINITY_DN10288_c0_g1_i2.p1,-0.0925928409295586
TRINITY_DN1577_c0_g1_i1.p1,0.0298589866768734
TRINITY_DN10343_c0_g1_i1.p1,-0.0954132956619295
TRINITY_DN115_c2_g1_i1.p1,-0.0735131181505438
TRINITY_DN15393_c1_g1_i1.p1,0.0839433809206389
TRINITY_DN217_c1_g1_i1.p1,-0.0918694483258488
TRINITY_DN2_c1_g1_i11.p1,-0.0982200721687178
TRINITY_DN3528_c0_g1_i3.p1,-0.12792773517164
TRINITY_DN42102_c0_g1_i2.p1,0.13671786227784
TRINITY_DN74106_c0_g1_i1.p1,0.0881727212807267
TRINITY_DN8938_c0_g1_i13.p1,-0.077546102795913
TRINITY_DN18543_c0_g1_i2.p1,-0.121499671331725
TRINITY_DN38452_c0_g1_i2.p1,-0.0966750236652378
TRINITY_DN27875_c0_g1_i1.p1,0.128774584138501
TRINITY_DN6591_c0_g1_i3.p1,0.273776676060201
TRINITY_DN13615_c0_g1_i1.p1,-0.0507141163274336
TRINITY_DN112_c64_g3_i1.p1,0.102703856297379
TRINITY_DN18538_c0_g1_i5.p1,-0.089551487222694
TRINITY_DN18918_c1_g1_i1.p1,0.0787205857612837
TRINITY_DN20618_c0_g1_i1.p1,-0.0426291924475087
TRINITY_DN2638_c0_g1_i2.p1,0.0557451380101084
TRINITY_DN356_c2_g1_i2.p1,0.110840026717722
TRINITY_DN3666_c0_g1_i19.p1,-0.154869423526289
TRINITY_DN3755_c1_g1_i2.p1,-0.111282625409389
TRINITY_DN4989_c0_g1_i19.p1,-0.0981725716214345
TRINITY_DN506_c0_g1_i8.p1,-0.124606255745914
TRINITY_DN6940_c0_g1_i2.p1,0.0792324480295051
TRINITY_DN7555_c0_g1_i12.p1,0.136536135477924
TRINITY_DN10243_c0_g1_i1.p1,-0.049166827735284
TRINITY_DN151327_c0_g1_i1.p1,-0.0307104713531571
TRINITY_DN18027_c0_g1_i13.p1,0.0417524335519591
TRINITY_DN61579_c0_g3_i1.p1,0.0971519782814928
TRINITY_DN627_c0_g1_i2.p1,-0.10377695221754
TRINITY_DN20383_c1_g1_i2.p2,-0.0961424796807759
TRINITY_DN4027_c0_g2_i4.p1,-0.0712612198924463
TRINITY_DN1308_c0_g1_i17.p1,-0.0963332231262585
TRINITY_DN22_c0_g2_i20.p1,-0.0409769499678864
TRINITY_DN29729_c0_g1_i14.p1,0.0860204550379359
TRINITY_DN40172_c0_g1_i1.p1,0.46823778532746
TRINITY_DN1454_c1_g1_i18.p1,-0.158814338164966
TRINITY_DN14638_c0_g2_i4.p1,-0.0607009762383878
TRINITY_DN26679_c0_g1_i1.p1,0.0938925796528599
TRINITY_DN32109_c0_g1_i1.p1,0.034691735254061
TRINITY_DN5601_c0_g1_i2.p1,0.0763231418357927
TRINITY_DN24233_c0_g1_i1.p1,0.0908322896980195
TRINITY_DN4942_c0_g1_i22.p1,0.150764196943631
TRINITY_DN8612_c5_g1_i1.p1,-0.0441379487818779
TRINITY_DN8764_c0_g1_i83.p1,0.0860310925466644
TRINITY_DN14170_c0_g1_i1.p1,0.0403031469950211
TRINITY_DN34822_c0_g1_i2.p1,-0.0771996982790344
TRINITY_DN7396_c0_g1_i5.p1,-0.028691948040323
TRINITY_DN6746_c7_g1_i1.p1,0.0975270145297524
TRINITY_DN163987_c0_g1_i1.p1,-0.0355685931631301
TRINITY_DN19497_c0_g1_i1.p1,0.0566952579587602
TRINITY_DN49737_c0_g1_i1.p1,-0.101289540914241
TRINITY_DN6485_c0_g2_i1.p1,0.0775783404751005
TRINITY_DN7479_c0_g1_i1.p1,0.0326232169248231
TRINITY_DN89848_c0_g1_i2.p1,0.205296854583323
TRINITY_DN15395_c0_g2_i2.p1,-0.0618285705646805
TRINITY_DN511_c0_g1_i1.p1,-0.0732062346506967
TRINITY_DN1940_c0_g1_i1.p1,-0.0608121324882724
TRINITY_DN10038_c0_g1_i1.p1,-0.0241881112552977
TRINITY_DN1038_c0_g4_i1.p1,-0.0488794318115749
TRINITY_DN12413_c5_g1_i1.p1,0.0518090763798668
TRINITY_DN163408_c0_g1_i1.p1,-0.0628040610730976
TRINITY_DN1640_c0_g1_i25.p1,0.10199011242984
TRINITY_DN1671_c0_g2_i1.p1,-0.115152008399537
TRINITY_DN27335_c0_g1_i6.p1,-0.0848386471345533
TRINITY_DN2_c8_g1_i4.p1,0.194012980394352
TRINITY_DN33471_c0_g1_i1.p1,0.0593418113750623
TRINITY_DN358_c0_g1_i18.p1,-0.0854906349563722
TRINITY_DN5168_c1_g1_i2.p1,0.0921094739575461
TRINITY_DN589_c0_g1_i27.p1,0.113014081489343
TRINITY_DN9347_c0_g2_i1.p1,-0.121448133681271
TRINITY_DN526_c0_g1_i18.p1,-0.100969792101402
TRINITY_DN172_c0_g1_i33.p1,0.0495369887183302
TRINITY_DN18995_c2_g1_i1.p1,0.0964594286300955
TRINITY_DN41786_c0_g1_i1.p1,0.104961210295231
TRINITY_DN4432_c6_g1_i1.p1,-0.127416278311835
TRINITY_DN52450_c0_g1_i3.p1,-0.114614439881501
TRINITY_DN54081_c0_g1_i1.p1,0.125104850698528
TRINITY_DN129355_c0_g1_i1.p1,-0.0421584633968887
TRINITY_DN16271_c0_g2_i1.p1,-0.105755615804546
TRINITY_DN2459_c0_g1_i1.p1,0.214640791607106
TRINITY_DN38365_c0_g1_i1.p1,-0.0345922735734972
TRINITY_DN3948_c0_g1_i7.p1,0.0518035309558264
TRINITY_DN542_c0_g1_i7.p1,0.0845149647341299
TRINITY_DN69392_c1_g1_i1.p1,-0.0273552970756409
TRINITY_DN6986_c0_g1_i4.p1,0.0474945127690537
TRINITY_DN7177_c0_g6_i1.p1,0.0539707231810288
TRINITY_DN10743_c1_g1_i1.p1,0.119023413048565
TRINITY_DN11683_c0_g1_i19.p1,0.0750856118065492
TRINITY_DN14407_c0_g1_i7.p1,0.0433058230963583
TRINITY_DN14529_c1_g1_i4.p1,-0.0963503281158655
TRINITY_DN15624_c0_g1_i1.p1,-0.0449912458915517
TRINITY_DN16547_c0_g1_i1.p1,-0.0441744750310376
TRINITY_DN21349_c0_g1_i2.p1,0.122614745652009
TRINITY_DN2918_c0_g1_i6.p1,-0.121646016157839
TRINITY_DN3582_c5_g1_i1.p1,-0.0281818075968238
TRINITY_DN3773_c0_g1_i5.p1,-0.0852442445399952
TRINITY_DN42547_c0_g1_i1.p1,0.0432518817916827
TRINITY_DN4308_c0_g1_i5.p1,0.101097322968162
TRINITY_DN46782_c0_g1_i1.p1,-0.115668205670551
TRINITY_DN66361_c0_g1_i5.p1,0.0682435458442161
TRINITY_DN6961_c0_g1_i1.p1,-0.0917443005046781
TRINITY_DN7028_c0_g1_i5.p1,-0.150109842866462
TRINITY_DN804_c1_g3_i1.p1,0.026701573812826
TRINITY_DN81109_c0_g1_i2.p1,-0.114957969416513
TRINITY_DN857_c1_g1_i3.p1,0.0459894185918896
TRINITY_DN903_c0_g1_i1.p1,0.0800015352484109
TRINITY_DN9399_c0_g1_i1.p1,-0.0304970027995144
TRINITY_DN13134_c0_g1_i3.p1,-0.0835429040707785
TRINITY_DN2816_c0_g1_i1.p1,-0.0542356051103385
TRINITY_DN3136_c3_g2_i3.p1,0.0460539081837497
TRINITY_DN426_c0_g1_i2.p1,-0.0342788113854611
TRINITY_DN9672_c0_g1_i6.p1,0.102063713022709
TRINITY_DN25594_c1_g1_i1.p1,-0.0428300953251334
TRINITY_DN112_c394_g1_i1.p1,0.0286814036564476
TRINITY_DN12147_c4_g1_i1.p1,0.096649402834924
TRINITY_DN14457_c0_g1_i2.p1,0.0225842558573479
TRINITY_DN14881_c2_g5_i1.p1,0.0907799957458323
TRINITY_DN14904_c3_g1_i1.p1,0.04345846644985
TRINITY_DN160_c0_g1_i5.p1,0.0763393613809933
TRINITY_DN17934_c0_g1_i1.p1,-0.469584298724873
TRINITY_DN18598_c0_g1_i1.p1,-0.0368219580045737
TRINITY_DN2270_c1_g1_i2.p1,-0.0875562874463154
TRINITY_DN359_c0_g1_i18.p1,-0.0559936740723036
TRINITY_DN4009_c0_g1_i2.p1,-0.0476380642275544
TRINITY_DN439_c0_g1_i18.p1,-0.105464896200761
TRINITY_DN440_c0_g1_i12.p1,0.0569193147556192
TRINITY_DN792_c2_g1_i70.p1,0.12932238931626
TRINITY_DN9064_c0_g1_i2.p1,0.0580178117659634
TRINITY_DN11598_c1_g1_i5.p1,-0.0649983892680093
TRINITY_DN1509_c0_g1_i9.p1,-0.0927041626175583
TRINITY_DN9681_c0_g1_i1.p1,-0.0406501411839841
TRINITY_DN1185_c0_g1_i75.p1,0.101603231447838
TRINITY_DN27120_c0_g1_i1.p1,-0.0286748923055362
TRINITY_DN4654_c0_g1_i5.p1,-0.0447854476384404
TRINITY_DN11003_c0_g1_i5.p1,0.103585327544194
TRINITY_DN12426_c0_g1_i7.p1,0.0741663411211577
TRINITY_DN24829_c1_g2_i2.p1,0.0296538485105074
TRINITY_DN1053_c0_g1_i3.p1,-0.055563730968058
TRINITY_DN10743_c1_g1_i4.p1,0.0772308754053924
TRINITY_DN11202_c0_g1_i1.p1,-0.053854999319283
TRINITY_DN12012_c0_g1_i19.p1,0.0356689421377192
TRINITY_DN14297_c0_g1_i3.p1,-0.0866590035290736
TRINITY_DN1453_c0_g2_i9.p1,-0.0550073106309808
TRINITY_DN16108_c0_g1_i10.p1,0.081730385791064
TRINITY_DN1788_c0_g1_i4.p1,0.0415959638621873
TRINITY_DN178_c4_g1_i10.p1,-0.0923255604564783
TRINITY_DN22035_c1_g4_i2.p1,-0.0217096110989592
TRINITY_DN2563_c2_g1_i1.p1,-0.0428567270677554
TRINITY_DN258_c0_g1_i12.p1,-0.0763427567417587
TRINITY_DN32888_c0_g1_i1.p1,-0.0420363891154787
TRINITY_DN42809_c0_g1_i5.p1,-0.125697741414277
TRINITY_DN4988_c0_g1_i4.p1,0.0939422550748137
TRINITY_DN50597_c0_g1_i2.p1,0.0699077618719845
TRINITY_DN50_c1_g1_i3.p1,-0.0500684647771555
TRINITY_DN5375_c3_g1_i3.p1,-0.0551464584469779
TRINITY_DN542_c0_g1_i14.p1,-0.0776967582530592
TRINITY_DN5588_c0_g1_i4.p1,-0.200047229543103
TRINITY_DN642_c0_g1_i13.p1,0.0787450069803989
TRINITY_DN7710_c0_g3_i3.p2,-0.121968980916431
TRINITY_DN7902_c0_g1_i9.p1,0.0438866792082226
TRINITY_DN8246_c2_g3_i2.p1,0.0688821204400171
TRINITY_DN8256_c0_g2_i1.p1,0.0982470630485452
TRINITY_DN963_c0_g1_i21.p1,-0.0752725459421933
TRINITY_DN96657_c0_g1_i1.p1,-0.0729986588965282
TRINITY_DN9665_c0_g1_i6.p1,-0.045759720381464
TRINITY_DN20952_c0_g1_i1.p1,0.0515185111131408
TRINITY_DN1256_c0_g1_i5.p1,0.0863337119335952
TRINITY_DN18929_c1_g1_i3.p1,0.0676722902266345
TRINITY_DN2965_c0_g1_i10.p1,0.0443278781831358
TRINITY_DN5219_c0_g1_i3.p1,-0.125709883408933
TRINITY_DN9413_c4_g1_i2.p1,-0.0424409067219535
TRINITY_DN11278_c0_g1_i4.p1,0.0773874690050984
TRINITY_DN31353_c1_g2_i1.p2,-0.111071172827459
TRINITY_DN42_c0_g1_i8.p1,0.144854572989834
TRINITY_DN8747_c0_g1_i2.p1,0.0232607578254338
TRINITY_DN366_c1_g1_i8.p1,0.228625535425583
TRINITY_DN12315_c0_g1_i1.p1,-0.0488182323184171
TRINITY_DN3794_c0_g1_i8.p1,-0.101841585257595
TRINITY_DN12502_c0_g1_i2.p1,0.0347088834773958
TRINITY_DN1306_c1_g1_i1.p1,0.0360464484222748
TRINITY_DN1337_c1_g1_i7.p1,-0.125422245662226
TRINITY_DN13729_c2_g1_i2.p1,-0.0447813750300918
TRINITY_DN1976_c0_g1_i16.p1,-0.0575292551665526
TRINITY_DN2323_c0_g1_i24.p1,-0.110319691157859
TRINITY_DN2392_c0_g1_i1.p1,0.134082848592103
TRINITY_DN25735_c0_g1_i1.p1,0.0334853435656692
TRINITY_DN278_c1_g1_i10.p1,0.371763347292626
TRINITY_DN28783_c0_g2_i2.p1,0.057073066829907
TRINITY_DN3824_c1_g1_i3.p1,-0.0537688855048514
TRINITY_DN5227_c0_g1_i9.p1,0.0651621752652663
TRINITY_DN6088_c0_g1_i1.p1,0.0474783732094113
TRINITY_DN6622_c0_g1_i2.p1,-0.029292632962224
TRINITY_DN7384_c0_g1_i1.p1,-0.0375562379765186
TRINITY_DN84296_c0_g2_i1.p1,-0.0742470124025032
TRINITY_DN8580_c0_g1_i12.p1,-0.0900302644188674
TRINITY_DN40247_c0_g1_i1.p1,0.0611240256210228
TRINITY_DN5903_c0_g1_i1.p1,-0.0679035138932925
TRINITY_DN9954_c0_g1_i1.p1,-0.0982219628693357
TRINITY_DN3312_c4_g1_i1.p1,0.0567673410526753
TRINITY_DN7100_c0_g1_i1.p1,0.0471151286176086
TRINITY_DN21850_c0_g1_i1.p1,0.229534602352464
TRINITY_DN113094_c0_g1_i2.p1,0.0515975146039156
TRINITY_DN22_c0_g2_i22.p1,-0.0648710421480887
TRINITY_DN29163_c0_g1_i2.p1,0.052228341265849
TRINITY_DN382_c1_g1_i6.p1,0.0537987721750586
TRINITY_DN7158_c0_g1_i6.p1,-0.101021033355252
TRINITY_DN2637_c0_g2_i18.p1,-0.0327322722030036
TRINITY_DN10782_c3_g1_i1.p1,0.0780112240435934
TRINITY_DN1117_c0_g1_i15.p1,0.0420711236116562
TRINITY_DN24785_c2_g1_i1.p1,-0.0363548866840048
TRINITY_DN113181_c0_g1_i1.p1,-0.021016180836009
TRINITY_DN8949_c0_g1_i8.p1,0.0970149756541963
TRINITY_DN1049_c0_g1_i7.p1,-0.11774542762998
TRINITY_DN12158_c0_g1_i1.p1,0.0802576179356776
TRINITY_DN145956_c0_g1_i1.p1,0.0291131896684547
TRINITY_DN3012_c0_g1_i4.p1,-0.0950723522238127
TRINITY_DN35901_c0_g1_i4.p1,0.0855453226928089
TRINITY_DN3741_c0_g1_i2.p1,0.0456101776196068
TRINITY_DN5383_c0_g1_i1.p1,-0.096170143789477
TRINITY_DN5431_c1_g1_i1.p1,-0.0680657841547826
TRINITY_DN73946_c0_g2_i1.p1,0.0328424103092798
TRINITY_DN747_c0_g1_i1.p1,0.151421302275541
TRINITY_DN78893_c0_g1_i2.p1,-0.0331044723394151
TRINITY_DN9507_c0_g1_i1.p1,0.023676538091577
TRINITY_DN96333_c1_g1_i1.p1,-0.053601855694382
TRINITY_DN13462_c1_g1_i4.p1,-0.090556119434171
TRINITY_DN251_c0_g1_i4.p1,0.0264184046514459
TRINITY_DN96160_c0_g1_i1.p1,0.0234957738733584
TRINITY_DN329_c9_g1_i1.p1,0.092273243770346
TRINITY_DN14788_c0_g1_i2.p1,-0.0548854265804276
TRINITY_DN31019_c0_g1_i2.p1,-0.0416653193997981
TRINITY_DN5011_c0_g2_i2.p1,-0.0528746432209987
TRINITY_DN6752_c0_g2_i1.p1,0.0483947306019947
TRINITY_DN9056_c4_g3_i2.p1,-0.0733220920658786
TRINITY_DN2267_c0_g1_i4.p1,0.10142049073717
TRINITY_DN12576_c0_g1_i1.p1,0.0523906987528739
TRINITY_DN14533_c0_g2_i3.p1,0.0392294607677999
TRINITY_DN26242_c0_g1_i1.p1,0.0397902048284974
TRINITY_DN3900_c0_g1_i1.p1,-0.0273727549282996
TRINITY_DN4561_c0_g1_i18.p1,-0.108882361282502
TRINITY_DN62965_c0_g2_i10.p1,-0.08735231520789
TRINITY_DN13872_c0_g1_i3.p1,-0.106097979271535
TRINITY_DN146561_c0_g1_i1.p1,-0.135254234052085
TRINITY_DN25730_c0_g1_i1.p1,-0.0314346138787783
TRINITY_DN22_c0_g1_i5.p1,-0.0374611869278039
TRINITY_DN5599_c0_g1_i17.p1,0.0319155013664662
TRINITY_DN8213_c1_g1_i3.p1,0.0740335830263524
TRINITY_DN5164_c0_g1_i2.p1,-0.10986849608678
TRINITY_DN687_c7_g1_i1.p1,0.0606781045309435
TRINITY_DN1129_c2_g1_i5.p1,0.0696398749010503
TRINITY_DN13015_c1_g1_i16.p1,-0.0637570238140877
TRINITY_DN20753_c0_g1_i1.p1,-0.0306302512529392
TRINITY_DN2131_c0_g1_i7.p1,0.0730767732199986
TRINITY_DN3414_c1_g1_i1.p1,0.0661644167242344
TRINITY_DN3529_c0_g1_i27.p1,0.134829699978711
TRINITY_DN4709_c0_g1_i3.p1,0.0884042220348709
TRINITY_DN523_c0_g1_i1.p1,0.0559008491636176
TRINITY_DN56449_c0_g1_i2.p1,-0.0765885375903439
TRINITY_DN8537_c0_g1_i2.p1,0.070490231692888
TRINITY_DN9704_c0_g1_i1.p1,0.0594692841705556
TRINITY_DN3044_c0_g1_i1.p1,0.0537738262223314
TRINITY_DN10590_c0_g1_i4.p1,0.0251126512898755
TRINITY_DN19526_c0_g1_i8.p1,0.0593111750417571
TRINITY_DN19796_c0_g1_i1.p1,-0.0356126367349957
TRINITY_DN3594_c0_g1_i3.p1,0.160673907979556
TRINITY_DN39686_c0_g1_i2.p1,0.0757408920353949
TRINITY_DN4434_c1_g1_i5.p1,-0.101508192522143
TRINITY_DN751_c0_g1_i2.p1,0.0500884998716471
TRINITY_DN2600_c1_g2_i1.p1,0.0545658459760817
TRINITY_DN129177_c0_g1_i1.p1,-0.0382664834041232
TRINITY_DN2637_c0_g2_i22.p1,0.0524612430637708
TRINITY_DN3444_c0_g1_i17.p1,0.11626235356262
TRINITY_DN687_c0_g3_i1.p1,0.0396016936022113
TRINITY_DN29639_c0_g1_i1.p1,0.0979134525702484
TRINITY_DN5516_c17_g2_i5.p1,0.0507624060171863
TRINITY_DN68283_c0_g2_i1.p1,-0.0401382882328451
TRINITY_DN10316_c0_g1_i2.p1,-0.0560996594135262
TRINITY_DN11426_c0_g1_i1.p1,-0.0535248765840247
TRINITY_DN26895_c0_g1_i1.p1,-0.0339707451303822
TRINITY_DN10230_c0_g1_i7.p1,0.0509540058668663
TRINITY_DN10542_c0_g1_i8.p1,0.0894581088046729
TRINITY_DN11284_c0_g3_i1.p1,0.0972940789028299
TRINITY_DN12781_c1_g4_i1.p1,0.0504686658669478
TRINITY_DN1304_c0_g1_i109.p1,0.0769506658633698
TRINITY_DN1367_c0_g1_i4.p1,-0.0749159071770324
TRINITY_DN1385_c0_g1_i11.p1,-0.0863173195358262
TRINITY_DN177766_c0_g1_i1.p1,-0.0349051084200484
TRINITY_DN19843_c1_g1_i2.p1,0.0361391139012842
TRINITY_DN2039_c0_g1_i3.p1,0.098239971560857
TRINITY_DN2193_c0_g1_i1.p1,0.0238750909746089
TRINITY_DN2364_c0_g1_i5.p1,-0.036571758862635
TRINITY_DN25202_c4_g1_i1.p1,-0.0290238056493023
TRINITY_DN26708_c0_g3_i5.p1,-0.0749643664091856
TRINITY_DN3652_c0_g1_i3.p1,0.0976214949208599
TRINITY_DN39410_c0_g3_i2.p1,-0.0677880329140009
TRINITY_DN3948_c0_g1_i13.p1,-0.0546779631364902
TRINITY_DN4202_c0_g1_i1.p1,0.0955872514995592
TRINITY_DN50988_c0_g1_i2.p1,0.0417795381590158
TRINITY_DN57324_c0_g1_i2.p1,-0.0867875831903848
TRINITY_DN5824_c0_g2_i1.p1,0.0299573709720516
TRINITY_DN5856_c0_g1_i1.p1,0.0376074713994828
TRINITY_DN60321_c0_g1_i2.p1,0.0746876553279501
TRINITY_DN61533_c0_g1_i1.p1,0.0623958571450928
TRINITY_DN6840_c0_g2_i1.p1,0.148614960832464
TRINITY_DN7048_c0_g2_i1.p1,-0.0936393019842463
TRINITY_DN7112_c0_g1_i1.p1,0.029135922958958
TRINITY_DN7258_c0_g1_i1.p1,-0.0885236931270733
TRINITY_DN753_c2_g1_i7.p1,0.0931085104142765
TRINITY_DN9412_c7_g1_i1.p1,0.0926743578716792
TRINITY_DN95916_c0_g1_i2.p1,0.0461220083481709
TRINITY_DN149178_c0_g1_i1.p1,0.0886154845740653
TRINITY_DN15476_c0_g1_i1.p1,-0.0835953179529771
TRINITY_DN3334_c0_g1_i2.p1,-0.0192577373776575
TRINITY_DN4022_c0_g1_i14.p1,0.0228159230459866
TRINITY_DN5250_c2_g1_i2.p1,0.0313564885327635
TRINITY_DN6236_c0_g2_i10.p1,0.094087286654838
TRINITY_DN13872_c0_g1_i24.p1,0.076227468377018
TRINITY_DN15529_c0_g1_i1.p1,-0.0641892931453917
TRINITY_DN36179_c1_g1_i1.p1,0.050419266051308
TRINITY_DN7936_c0_g1_i4.p1,-0.079485164415336
TRINITY_DN10197_c0_g3_i2.p1,0.0870161939021868
TRINITY_DN16816_c0_g1_i4.p1,0.0733269049572037
TRINITY_DN9869_c0_g1_i17.p1,-0.0735116594534491
TRINITY_DN1053_c0_g1_i4.p1,0.0630006397463788
TRINITY_DN21261_c0_g1_i1.p1,0.0453140107994826
TRINITY_DN23102_c2_g1_i2.p1,-0.0273982372998519
TRINITY_DN23202_c0_g1_i1.p1,0.0442781304931939
TRINITY_DN23_c16_g1_i1.p1,0.0944390667657281
TRINITY_DN24188_c2_g3_i1.p1,-0.0982037934233388
TRINITY_DN27748_c0_g1_i3.p1,0.0485573407824502
TRINITY_DN2935_c5_g1_i2.p1,0.0310681673257636
TRINITY_DN39591_c0_g1_i1.p1,-0.0609854791992879
TRINITY_DN7_c0_g1_i7.p1,0.0908072891346978
TRINITY_DN9826_c0_g1_i7.p1,0.0527089282273349
TRINITY_DN129358_c0_g1_i1.p1,0.110039591025271
TRINITY_DN18468_c0_g1_i2.p1,0.0728669888118706
TRINITY_DN2172_c0_g1_i1.p1,0.0260100680241854
TRINITY_DN32504_c0_g1_i3.p1,-0.0881624068117504
TRINITY_DN37673_c0_g1_i5.p1,-0.0985674046856622
TRINITY_DN4420_c0_g2_i2.p1,0.0674138115510425
TRINITY_DN5222_c0_g1_i3.p1,0.0708916503720727
TRINITY_DN5601_c0_g1_i6.p1,-0.0764389438168979
TRINITY_DN7098_c0_g1_i2.p1,-0.0448404210101153
TRINITY_DN8160_c1_g1_i1.p1,-0.0329855990187463
TRINITY_DN97359_c0_g1_i1.p1,0.0671063206299116
TRINITY_DN15273_c0_g1_i1.p1,-0.125346062583552
TRINITY_DN37338_c0_g1_i4.p1,-0.0814913156869465
TRINITY_DN2482_c0_g1_i1.p1,0.0246664919073562
TRINITY_DN13797_c0_g2_i1.p1,-0.0287214026086233
TRINITY_DN2999_c0_g1_i3.p1,0.0527569378709985
TRINITY_DN39714_c0_g1_i7.p1,-0.11987743067142
TRINITY_DN41194_c0_g1_i1.p1,0.0237970371910094
TRINITY_DN6140_c0_g3_i2.p1,0.07137872286386
TRINITY_DN6576_c0_g1_i1.p1,0.0262101633507667
TRINITY_DN7529_c0_g1_i5.p1,-0.0999267314256401
TRINITY_DN8491_c0_g1_i8.p1,0.0340878273575067
TRINITY_DN342_c0_g1_i42.p1,-0.0471450682948897
TRINITY_DN2448_c2_g1_i1.p1,0.0377590390903724
TRINITY_DN60850_c0_g1_i6.p1,0.0950951717554999
TRINITY_DN14981_c0_g1_i3.p1,0.0642440810289168
TRINITY_DN17959_c2_g1_i3.p1,-0.0276939527996206
TRINITY_DN2323_c0_g1_i7.p1,0.0465204473240669
TRINITY_DN23797_c0_g1_i4.p1,0.0423574695689745
TRINITY_DN25611_c0_g1_i20.p1,0.0540097558763085
TRINITY_DN38044_c0_g1_i2.p1,0.0259326241276518
TRINITY_DN8263_c0_g1_i1.p1,-0.109830072639394
TRINITY_DN2964_c1_g1_i5.p1,-0.0732482516863576
TRINITY_DN16737_c0_g1_i1.p1,0.0286659941783994
TRINITY_DN35425_c0_g1_i1.p1,-0.0296161921620373
TRINITY_DN48039_c0_g1_i2.p1,-0.0508499425559082
TRINITY_DN5739_c2_g1_i1.p1,-0.0477595553308838
TRINITY_DN11486_c1_g1_i1.p1,-0.0944131396898711
TRINITY_DN14697_c0_g1_i1.p1,0.0348496440447134
TRINITY_DN3075_c5_g1_i3.p1,-0.0792802922412503
TRINITY_DN5708_c0_g1_i6.p1,-0.058716106420227
TRINITY_DN8502_c0_g1_i1.p1,0.0321704259506476
TRINITY_DN36968_c0_g1_i2.p1,0.0700373243501325
TRINITY_DN10613_c0_g1_i3.p1,0.0360955747202175
TRINITY_DN11598_c1_g1_i2.p1,0.0754825221549616
TRINITY_DN158_c4_g1_i1.p1,-0.0370646811943207
TRINITY_DN3674_c0_g1_i1.p1,-0.0291093515561013
TRINITY_DN4164_c0_g1_i1.p1,-0.116624417688456
TRINITY_DN4942_c0_g1_i15.p1,-0.0995694921060031
TRINITY_DN6168_c0_g1_i8.p1,-0.116507062190692
TRINITY_DN6348_c0_g1_i13.p1,-0.0990200425882206
TRINITY_DN643_c0_g1_i17.p1,0.0409593078555774
TRINITY_DN8515_c0_g1_i4.p1,-0.104358938639219
TRINITY_DN958_c0_g1_i6.p1,0.0342199728446408
TRINITY_DN9903_c1_g1_i5.p1,-0.0718720785649503
TRINITY_DN14551_c0_g2_i1.p1,-0.0355545371568034
TRINITY_DN1793_c0_g2_i4.p1,-0.0782796771708969
TRINITY_DN675_c0_g3_i4.p1,-0.0833874222422525
TRINITY_DN8651_c0_g1_i2.p1,-0.0744357752337492
TRINITY_DN10385_c0_g1_i1.p1,0.062783795615142
TRINITY_DN145506_c0_g1_i1.p1,-0.0408039064499822
TRINITY_DN1888_c2_g2_i3.p1,-0.0798529645166942
TRINITY_DN20414_c1_g1_i2.p1,-0.0850676939840963
TRINITY_DN29160_c1_g1_i2.p1,0.0362107129421007
TRINITY_DN4083_c0_g2_i4.p1,-0.123510109889832
TRINITY_DN6479_c0_g2_i1.p1,0.078180093438042
TRINITY_DN3736_c1_g1_i1.p1,0.0375818874360782
TRINITY_DN113060_c0_g1_i1.p1,-0.0240920723469518
TRINITY_DN13195_c0_g1_i2.p1,-0.0765810872885751
TRINITY_DN6348_c0_g1_i1.p1,0.0615043613129935
TRINITY_DN433_c1_g1_i1.p1,-0.0276992567406784
TRINITY_DN14071_c0_g1_i4.p1,-0.0268067316566664
TRINITY_DN1427_c0_g1_i2.p1,0.0265799138039622
TRINITY_DN14686_c0_g3_i1.p1,0.0340911767708742
TRINITY_DN15999_c0_g1_i14.p1,0.0851591989258038
TRINITY_DN17437_c0_g1_i2.p1,0.0359318932799452
TRINITY_DN1918_c0_g1_i2.p1,-0.0800143770709222
TRINITY_DN22035_c1_g4_i1.p1,-0.105104744532848
TRINITY_DN23058_c0_g1_i6.p1,-0.0318322591197918
TRINITY_DN32346_c0_g1_i1.p1,-0.0251422857910452
TRINITY_DN1270_c0_g1_i2.p1,0.102301912732472
TRINITY_DN25032_c0_g2_i1.p1,0.065331465609901
TRINITY_DN32192_c0_g1_i1.p1,-0.0525689167278496
TRINITY_DN14795_c0_g1_i4.p1,-0.0340099060923479
TRINITY_DN27883_c0_g1_i2.p2,-0.105067917483549
TRINITY_DN7849_c0_g1_i6.p1,0.0749702159386692
TRINITY_DN1419_c0_g1_i3.p1,0.0362943339353456
TRINITY_DN1470_c0_g1_i5.p1,0.0726949642657497
TRINITY_DN25130_c0_g1_i2.p1,-0.0361066706496485
TRINITY_DN391_c5_g1_i1.p1,0.0381825675464538
TRINITY_DN4265_c0_g1_i1.p1,0.0521180889488121
TRINITY_DN5812_c0_g1_i10.p1,0.07484678129186
TRINITY_DN1064_c0_g1_i1.p1,-0.0499298718133046
TRINITY_DN1162_c3_g1_i1.p1,0.0672252963751001
TRINITY_DN1894_c0_g1_i35.p1,-0.0769563181909047
TRINITY_DN19617_c0_g1_i11.p1,-0.0338082417726342
TRINITY_DN22919_c3_g4_i2.p1,-0.0965071762945469
TRINITY_DN28362_c0_g1_i1.p1,0.0455209309478484
TRINITY_DN30638_c0_g2_i9.p2,0.0868553202102859
TRINITY_DN42223_c0_g1_i1.p1,-0.0916089153755482
TRINITY_DN770_c0_g1_i4.p1,-0.0512007724882102
TRINITY_DN775_c0_g1_i9.p1,0.102413917725615
TRINITY_DN16292_c0_g2_i1.p1,0.0312981538897363
TRINITY_DN12905_c0_g1_i1.p1,-0.313022155005337
TRINITY_DN5593_c0_g3_i7.p1,0.0985188990658774
TRINITY_DN7854_c0_g2_i2.p1,-0.0678984001964739
TRINITY_DN87_c21_g1_i2.p1,-0.0235319849824851
TRINITY_DN2706_c0_g1_i1.p1,0.0254980954264327
TRINITY_DN4084_c1_g1_i1.p1,0.0304205665341513
TRINITY_DN161964_c0_g1_i1.p1,-0.0206302605079626
TRINITY_DN25273_c0_g1_i2.p1,-0.0390654785317825
TRINITY_DN129911_c0_g1_i1.p1,-0.028139816077003
TRINITY_DN57016_c0_g1_i2.p1,-0.0870078119124222
TRINITY_DN662_c1_g3_i1.p1,-0.0913857798682388
TRINITY_DN753_c0_g1_i4.p1,0.0767505455919843
TRINITY_DN113419_c0_g1_i1.p1,0.0316066028357052
TRINITY_DN11659_c0_g2_i1.p1,-0.0647647967005494
TRINITY_DN12196_c0_g1_i20.p1,0.0912114045625006
TRINITY_DN1544_c1_g1_i1.p2,0.0584084878719128
TRINITY_DN16020_c0_g1_i2.p1,0.0173104685837997
TRINITY_DN1907_c3_g1_i1.p1,-0.0360713347373076
TRINITY_DN19667_c0_g1_i1.p1,-0.0438065228057707
TRINITY_DN2115_c0_g1_i1.p1,-0.124551596091138
TRINITY_DN2336_c0_g1_i19.p1,-0.0453956604351318
TRINITY_DN2615_c0_g2_i1.p1,0.0303329832480934
TRINITY_DN2700_c1_g1_i3.p1,0.0557344631090235
TRINITY_DN27144_c0_g1_i1.p1,-0.0474177781519983
TRINITY_DN2930_c0_g1_i2.p1,-0.0379251937349575
TRINITY_DN32757_c0_g1_i5.p1,-0.0599150730451999
TRINITY_DN33151_c1_g1_i23.p1,0.0774585654988164
TRINITY_DN3529_c2_g5_i4.p1,0.0604431905416893
TRINITY_DN3907_c0_g1_i5.p1,-0.0965424930955246
TRINITY_DN4165_c0_g1_i1.p1,0.0977177071954029
TRINITY_DN5167_c6_g1_i1.p1,0.0278343291247548
TRINITY_DN5640_c0_g1_i1.p1,0.0285241621479627
TRINITY_DN5882_c2_g1_i1.p1,0.0278783038235306
TRINITY_DN5899_c0_g1_i3.p1,0.106216601207513
TRINITY_DN6708_c1_g1_i2.p1,-0.0795107003404934
TRINITY_DN7_c2_g1_i3.p1,0.0340773328016185
TRINITY_DN9110_c1_g1_i1.p1,-0.0240150804500597
TRINITY_DN938_c0_g1_i3.p1,-0.0873991518245704
TRINITY_DN28347_c0_g1_i1.p1,-0.024921953691804
TRINITY_DN2055_c6_g1_i1.p1,0.028079810161346
TRINITY_DN17166_c0_g4_i1.p1,0.0550633093765449
TRINITY_DN31_c1_g4_i1.p1,0.0341269048820668
TRINITY_DN10952_c0_g1_i2.p1,0.0614446131781203
TRINITY_DN10988_c0_g1_i1.p1,-0.0555459476895743
TRINITY_DN112220_c0_g1_i1.p1,-0.0982803937270962
TRINITY_DN113_c1_g1_i5.p1,-0.058641394265977
TRINITY_DN11565_c0_g1_i1.p1,0.0407423536371302
TRINITY_DN12377_c0_g1_i1.p1,0.0269521255675628
TRINITY_DN12422_c0_g1_i1.p1,-0.0301173740318833
TRINITY_DN12442_c0_g1_i2.p1,0.0166714652438035
TRINITY_DN1263_c2_g1_i2.p1,0.0716695387160652
TRINITY_DN132533_c0_g1_i1.p1,0.0390198507460371
TRINITY_DN13639_c1_g3_i1.p1,-0.0331772183316408
TRINITY_DN1452_c0_g2_i4.p1,-0.0408814134358913
TRINITY_DN14568_c0_g1_i1.p1,-0.0365082420612553
TRINITY_DN14669_c0_g1_i2.p1,0.0588422494242562
TRINITY_DN1519_c0_g1_i8.p1,-0.0554551264974069
TRINITY_DN15319_c0_g1_i14.p1,-0.0283791233809112
TRINITY_DN1538_c0_g1_i1.p1,-0.0465481827799414
TRINITY_DN18006_c0_g1_i1.p1,0.0828181352140728
TRINITY_DN18306_c1_g1_i1.p1,-0.0811187961904893
TRINITY_DN18790_c0_g1_i10.p1,-0.0832836277384632
TRINITY_DN18894_c0_g1_i1.p1,0.0850488598923365
TRINITY_DN19154_c0_g1_i10.p1,-0.0513417729627541
TRINITY_DN19371_c0_g1_i1.p1,-0.0388373186599023
TRINITY_DN19479_c0_g1_i1.p1,-0.0599221318669188
TRINITY_DN20313_c0_g1_i1.p1,-0.0279953038431629
TRINITY_DN2050_c0_g1_i2.p1,0.0615507664324386
TRINITY_DN21490_c0_g2_i1.p1,0.0591411468880932
TRINITY_DN22151_c0_g2_i1.p1,0.0337127318997269
TRINITY_DN22669_c0_g1_i2.p1,-0.0409001905512335
TRINITY_DN23785_c0_g1_i1.p1,-0.0402100549475583
TRINITY_DN24115_c0_g1_i5.p1,0.0650627884771945
TRINITY_DN243_c0_g1_i5.p1,0.0242131443822574
TRINITY_DN24535_c0_g1_i17.p2,0.118032472266903
TRINITY_DN2614_c0_g1_i2.p1,-0.10736011062656
TRINITY_DN26973_c0_g1_i1.p1,0.0203077997966949
TRINITY_DN2763_c0_g1_i1.p1,0.0593717734497591
TRINITY_DN2923_c1_g2_i1.p1,0.054170284773902
TRINITY_DN32150_c0_g1_i4.p1,0.0318902793887558
TRINITY_DN32429_c0_g1_i5.p1,0.0538557722534239
TRINITY_DN32844_c0_g1_i1.p1,-0.0389538804076667
TRINITY_DN3391_c0_g1_i8.p1,0.0607014643889803
TRINITY_DN34281_c0_g1_i2.p1,-0.0432392220217382
TRINITY_DN3529_c0_g1_i45.p1,-0.0385357214399389
TRINITY_DN35315_c0_g1_i1.p1,0.0550410329951366
TRINITY_DN3586_c1_g1_i7.p1,-0.0406619521283983
TRINITY_DN358_c0_g1_i22.p1,-0.0874458798076151
TRINITY_DN3615_c0_g1_i2.p1,0.0657180852964933
TRINITY_DN36666_c0_g1_i3.p1,-0.0468586203967074
TRINITY_DN368_c0_g1_i43.p1,-0.0756881384823207
TRINITY_DN3755_c1_g1_i1.p1,-0.0492468777034369
TRINITY_DN38342_c0_g1_i1.p1,0.045956184128432
TRINITY_DN3969_c1_g1_i1.p1,-0.0539669837962891
TRINITY_DN4208_c2_g2_i3.p1,-0.0355076704105582
TRINITY_DN43466_c2_g2_i1.p1,-0.0446083930855862
TRINITY_DN4366_c0_g1_i3.p1,0.0380366207854358
TRINITY_DN4487_c0_g1_i1.p1,0.0360073985751634
TRINITY_DN44950_c0_g1_i1.p1,-0.0853858826444839
TRINITY_DN45143_c0_g1_i3.p1,0.0475179245868724
TRINITY_DN45799_c0_g1_i1.p1,0.028361079009343
TRINITY_DN4777_c0_g1_i6.p1,0.0750996397909991
TRINITY_DN4802_c0_g1_i1.p1,0.0316032434873258
TRINITY_DN48391_c1_g1_i2.p1,-0.0557144326232992
TRINITY_DN48684_c0_g1_i3.p1,0.0339672477646685
TRINITY_DN4900_c0_g1_i22.p1,0.0773999785046379
TRINITY_DN53570_c0_g1_i1.p1,-0.0407681214011976
TRINITY_DN53925_c0_g1_i3.p1,0.0584029299308441
TRINITY_DN555_c1_g1_i3.p1,0.0785861880881061
TRINITY_DN5592_c0_g1_i27.p1,-0.0461989657798903
TRINITY_DN5624_c0_g2_i1.p2,0.0696908662258239
TRINITY_DN5638_c3_g1_i9.p2,0.0956308329757921
TRINITY_DN566_c0_g1_i4.p1,0.05740907521403
TRINITY_DN582_c0_g2_i4.p1,-0.069294953999392
TRINITY_DN58874_c0_g1_i1.p1,-0.0684789634836202
TRINITY_DN59276_c0_g1_i1.p1,-0.060285025901411
TRINITY_DN619_c0_g1_i4.p1,-0.0423662551143421
TRINITY_DN6468_c0_g1_i4.p1,-0.0662989853274324
TRINITY_DN65345_c0_g1_i13.p1,0.0483485512368317
TRINITY_DN6591_c0_g1_i8.p1,-0.0446346272308457
TRINITY_DN675_c0_g3_i7.p2,-0.0759080315806384
TRINITY_DN69783_c0_g3_i2.p1,0.0652015664047103
TRINITY_DN7078_c0_g1_i1.p1,-0.0182660776895396
TRINITY_DN7098_c0_g1_i1.p1,0.0262930329692761
TRINITY_DN724_c0_g2_i8.p1,0.0875135222813098
TRINITY_DN736_c2_g1_i1.p1,-0.0305826036150344
TRINITY_DN7446_c0_g1_i3.p1,0.0756410670980285
TRINITY_DN7773_c0_g2_i4.p1,-0.0655543377172935
TRINITY_DN802_c0_g1_i30.p1,0.0604080856121416
TRINITY_DN8077_c0_g1_i1.p1,0.0236409779972519
TRINITY_DN817_c1_g1_i29.p1,0.0702801216774733
TRINITY_DN8293_c0_g1_i2.p1,-0.064007582145893
TRINITY_DN8378_c0_g1_i4.p1,-0.0579228507339461
TRINITY_DN83_c17_g1_i1.p1,-0.0284875675311104
TRINITY_DN8447_c0_g1_i1.p1,-0.0424120371623293
TRINITY_DN8493_c0_g1_i7.p1,-0.0589787716567003
TRINITY_DN8500_c0_g1_i1.p1,0.0298385953121028
TRINITY_DN8736_c1_g1_i85.p1,-0.0300040120580834
TRINITY_DN91_c4_g1_i1.p2,-0.0789325271050477
TRINITY_DN9405_c0_g1_i18.p1,-0.0884897028399514
TRINITY_DN9947_c0_g1_i9.p1,0.0771954099513765
TRINITY_DN114330_c0_g1_i1.p1,-0.0188409914234792
TRINITY_DN1604_c0_g1_i1.p1,0.0855240949685078
TRINITY_DN21020_c0_g1_i1.p1,-0.0419942839137409
TRINITY_DN5424_c0_g1_i4.p1,0.0541982932705056
TRINITY_DN5515_c0_g1_i1.p1,0.079377443910462
TRINITY_DN5599_c0_g1_i20.p1,-0.0648433350714995
TRINITY_DN18417_c0_g1_i1.p1,0.0499872661365661
TRINITY_DN13126_c0_g2_i2.p1,-0.0600915225002866
TRINITY_DN1117_c0_g1_i3.p1,0.0330983411575444
TRINITY_DN127_c0_g2_i2.p1,-0.0289174219259762
TRINITY_DN129446_c0_g1_i1.p1,-0.0458283955103774
TRINITY_DN7305_c0_g2_i1.p1,-0.0189965271673476
TRINITY_DN2090_c0_g2_i17.p1,0.0822352302674725
TRINITY_DN2176_c0_g1_i13.p1,0.0319492134781262
TRINITY_DN4127_c3_g1_i2.p1,-0.0455956635521715
TRINITY_DN5599_c0_g1_i33.p1,0.035536514420493
TRINITY_DN45172_c0_g1_i1.p1,0.068580003489266
TRINITY_DN4772_c1_g4_i1.p1,-0.0319254452516871
TRINITY_DN7996_c5_g1_i1.p1,-0.0482647208865343
TRINITY_DN100_c0_g1_i3.p1,-0.0454335439720747
TRINITY_DN10293_c0_g1_i1.p1,-0.0276497357759214
TRINITY_DN112275_c0_g1_i1.p1,-0.0430201801549318
TRINITY_DN11979_c1_g1_i1.p1,-0.0896789330887554
TRINITY_DN12309_c1_g1_i1.p1,0.0156733949470351
TRINITY_DN1253_c1_g1_i1.p1,-0.0295018245809622
TRINITY_DN130993_c0_g1_i2.p1,0.0494775497851611
TRINITY_DN13434_c0_g1_i2.p1,0.0232580151666014
TRINITY_DN13831_c0_g1_i2.p1,0.0297634053801481
TRINITY_DN14131_c0_g1_i20.p1,-0.0748292445944863
TRINITY_DN14714_c0_g1_i2.p1,0.0358311712688396
TRINITY_DN16057_c0_g2_i1.p1,-0.0532116034947462
TRINITY_DN17803_c1_g1_i1.p2,0.0705278592127262
TRINITY_DN1829_c0_g1_i1.p1,-0.0564553246884075
TRINITY_DN1923_c0_g1_i11.p1,-0.0642219884385378
TRINITY_DN19456_c0_g1_i4.p1,-0.0704344550288649
TRINITY_DN20238_c0_g1_i1.p1,0.03869797138614
TRINITY_DN20264_c0_g1_i1.p1,-0.0327143548442472
TRINITY_DN22173_c0_g1_i1.p1,-0.0813971614595618
TRINITY_DN2395_c5_g1_i7.p1,0.0497806464442504
TRINITY_DN287_c0_g2_i1.p1,-0.058939547726032
TRINITY_DN2_c2_g1_i4.p1,-0.0361911210990438
TRINITY_DN3062_c0_g1_i15.p1,0.0442064364266751
TRINITY_DN3804_c0_g1_i11.p1,0.079416447758785
TRINITY_DN399_c0_g1_i1.p1,0.0349869448193081
TRINITY_DN4419_c1_g1_i2.p1,-0.0884093741184655
TRINITY_DN44226_c0_g1_i2.p1,0.0708934967626714
TRINITY_DN4536_c0_g1_i2.p1,-0.11054096269478
TRINITY_DN5732_c0_g1_i2.p1,-0.0565186364103229
TRINITY_DN5819_c1_g1_i1.p1,-0.0405112608575338
TRINITY_DN7073_c0_g1_i1.p1,-0.0338058834650983
TRINITY_DN71666_c2_g1_i3.p1,0.0284591840519267
TRINITY_DN7170_c0_g1_i1.p1,0.0176472245146744
TRINITY_DN741_c1_g1_i1.p1,0.0588748284477995
TRINITY_DN792_c2_g1_i20.p1,0.0701172665166191
TRINITY_DN8150_c0_g2_i2.p1,0.0544562876044183
TRINITY_DN826_c1_g1_i113.p1,-0.0993300247334622
TRINITY_DN866_c0_g1_i23.p1,0.0421536224250804
TRINITY_DN9689_c0_g1_i5.p1,0.0878129677308541
TRINITY_DN96_c0_g1_i19.p1,-0.0522000408647656
TRINITY_DN13424_c0_g2_i1.p1,0.0196004227287346
TRINITY_DN22599_c0_g1_i4.p1,-0.0452544423745779
TRINITY_DN347_c11_g1_i1.p1,-0.0423878940591861
TRINITY_DN528_c0_g1_i3.p1,-0.0225741545732698
TRINITY_DN825_c0_g1_i13.p1,0.0412520986838932
TRINITY_DN910_c0_g2_i1.p1,0.0345964268341917
TRINITY_DN12413_c5_g1_i2.p1,-0.0366261109006075
TRINITY_DN3262_c0_g4_i3.p1,-0.021740852768406
TRINITY_DN33660_c0_g1_i1.p1,-0.0325982646074992
TRINITY_DN407_c0_g1_i1.p1,0.0478181113705634
TRINITY_DN7984_c0_g1_i1.p1,0.232926519269323
TRINITY_DN849_c0_g1_i1.p1,0.0633729948300918
TRINITY_DN10426_c12_g1_i1.p1,0.0542042321353026
TRINITY_DN1810_c0_g1_i16.p1,0.065313645645779
TRINITY_DN11661_c0_g1_i1.p1,-0.018266664256286
TRINITY_DN3704_c0_g1_i1.p1,0.0430441487244923
TRINITY_DN6591_c0_g1_i6.p1,0.133858397219792
TRINITY_DN18874_c0_g1_i1.p1,-0.0509109091667749
TRINITY_DN3682_c0_g1_i1.p1,0.0415896867350395
TRINITY_DN72931_c1_g3_i4.p1,-0.0318927350448417
TRINITY_DN3297_c0_g1_i2.p1,-0.035414648945747
TRINITY_DN45720_c0_g1_i33.p1,0.0529519960816095
TRINITY_DN21424_c0_g4_i2.p1,0.0570796275440097
TRINITY_DN681_c0_g1_i1.p1,0.0539922437549928
TRINITY_DN15810_c0_g1_i27.p1,0.0877522397767234
TRINITY_DN5271_c0_g1_i1.p1,-0.012342774790823
TRINITY_DN10025_c1_g3_i1.p1,-0.0790731680598466
TRINITY_DN100598_c0_g1_i1.p1,-0.0272441944356545
TRINITY_DN100_c0_g1_i1.p1,0.0993000677858939
TRINITY_DN10421_c0_g2_i5.p1,-0.0354309042114383
TRINITY_DN1048_c26_g1_i1.p2,-0.0501736042212348
TRINITY_DN10903_c0_g1_i2.p1,0.0255608686442694
TRINITY_DN11059_c0_g1_i2.p2,-0.0467938854979073
TRINITY_DN11127_c0_g1_i46.p1,-0.0449590225232742
TRINITY_DN11127_c0_g1_i59.p1,0.0607488403938523
TRINITY_DN11133_c0_g1_i1.p1,-0.0398868218671098
TRINITY_DN1129_c2_g1_i9.p1,-0.0622218608913973
TRINITY_DN11438_c1_g1_i2.p1,0.0381843159855812
TRINITY_DN1191_c0_g1_i3.p1,0.0680470687468961
TRINITY_DN11935_c0_g1_i1.p1,-0.0280946554307105
TRINITY_DN1212_c0_g2_i1.p1,0.0192145933249082
TRINITY_DN1213_c1_g1_i1.p1,-0.0645261387040729
TRINITY_DN12864_c0_g1_i1.p1,0.0310755519413665
TRINITY_DN12939_c0_g2_i2.p1,-0.0274901439450994
TRINITY_DN130884_c0_g1_i1.p1,-0.0758148590931867
TRINITY_DN131304_c0_g1_i1.p1,-0.0288054200999312
TRINITY_DN13149_c0_g1_i1.p1,-0.0494471572683768
TRINITY_DN1314_c0_g1_i4.p1,0.0413344247546227
TRINITY_DN1315_c0_g2_i1.p1,0.0567332697538387
TRINITY_DN1330_c0_g1_i2.p1,-0.234598863246979
TRINITY_DN1358_c0_g1_i3.p1,0.0622751792807147
TRINITY_DN1364_c0_g1_i1.p1,-0.0214022918559262
TRINITY_DN1414_c0_g1_i14.p1,-0.0804156247730604
TRINITY_DN14351_c3_g1_i2.p1,0.067414800974218
TRINITY_DN1447_c5_g1_i1.p1,-0.0172949135801673
TRINITY_DN14529_c3_g1_i2.p1,-0.0346024919289213
TRINITY_DN14574_c0_g5_i2.p1,-0.0313458073357072
TRINITY_DN147490_c0_g1_i1.p1,0.027646090235663
TRINITY_DN14804_c0_g1_i7.p1,0.054695520364738
TRINITY_DN1489_c0_g2_i2.p1,0.0823747836442651
TRINITY_DN149340_c0_g1_i1.p1,0.0270179595428217
TRINITY_DN150085_c0_g1_i1.p1,-0.0299776258130947
TRINITY_DN15071_c0_g1_i1.p1,0.0205320735898836
TRINITY_DN15188_c5_g1_i1.p1,0.0328700819360866
TRINITY_DN15335_c0_g2_i11.p1,-0.0418803920542477
TRINITY_DN15590_c0_g1_i3.p1,0.0648315416524751
TRINITY_DN1570_c0_g2_i2.p1,-0.0717504382382083
TRINITY_DN1601_c0_g1_i24.p1,0.0431910490896434
TRINITY_DN1607_c0_g1_i4.p1,-0.0486981580686337
TRINITY_DN16172_c0_g1_i4.p1,-0.0226166110748173
TRINITY_DN16180_c0_g1_i21.p1,0.0580071649231668
TRINITY_DN162882_c0_g1_i1.p1,-0.043034074614605
TRINITY_DN16820_c5_g1_i1.p1,-0.0320523334966642
TRINITY_DN17398_c0_g1_i13.p1,-0.0498880110191749
TRINITY_DN17463_c0_g1_i1.p1,0.0526781935609708
TRINITY_DN17487_c0_g1_i2.p1,-0.0279466685990808
TRINITY_DN17675_c0_g1_i1.p1,-0.0162074157400142
TRINITY_DN17866_c0_g1_i6.p1,-0.0593763783799053
TRINITY_DN179066_c0_g1_i1.p1,0.0214096521579184
TRINITY_DN1793_c0_g1_i8.p1,-0.0313441994308647
TRINITY_DN1794_c0_g1_i9.p1,-0.0363982790779819
TRINITY_DN180039_c0_g1_i1.p1,0.0780978408159878
TRINITY_DN1838_c0_g1_i1.p1,-0.028317298799491
TRINITY_DN184778_c0_g1_i1.p1,0.0324525490720897
TRINITY_DN18915_c0_g1_i1.p1,0.0651490997891774
TRINITY_DN18915_c0_g1_i4.p1,-0.0690834171951268
TRINITY_DN19105_c0_g1_i1.p1,-0.0585729842348948
TRINITY_DN19154_c0_g1_i1.p1,0.052588578663282
TRINITY_DN19162_c2_g2_i1.p1,0.0236298401970571
TRINITY_DN19419_c0_g1_i2.p1,0.0425683367749388
TRINITY_DN1951_c0_g1_i28.p1,0.0522101045542817
TRINITY_DN19691_c1_g1_i1.p1,-0.0269936916798413
TRINITY_DN1984_c0_g1_i3.p1,0.15262052566403
TRINITY_DN1996_c0_g1_i9.p1,0.0369958469760724
TRINITY_DN19983_c0_g1_i4.p1,-0.0616204222622347
TRINITY_DN20142_c4_g1_i1.p1,-0.0216779762216457
TRINITY_DN20454_c0_g1_i2.p1,-0.061714278380557
TRINITY_DN20745_c0_g2_i2.p1,-0.0503624373094221
TRINITY_DN21275_c0_g1_i1.p1,-0.0295648217130567
TRINITY_DN2141_c0_g1_i22.p1,0.0617124521759882
TRINITY_DN2148_c0_g1_i3.p1,-0.0510863047289208
TRINITY_DN21683_c0_g1_i1.p1,-0.0245105998892093
TRINITY_DN2169_c0_g1_i1.p1,0.0531548790293938
TRINITY_DN21943_c0_g2_i2.p1,-0.0453421139465078
TRINITY_DN2207_c0_g1_i3.p1,0.0501218804563814
TRINITY_DN22217_c0_g1_i1.p1,-0.0405287582780771
TRINITY_DN2271_c1_g1_i3.p1,-0.0479156521395201
TRINITY_DN22739_c0_g1_i4.p1,-0.0362385063049916
TRINITY_DN22765_c0_g1_i1.p1,-0.0746695847804756
TRINITY_DN22_c0_g1_i4.p1,0.0355553080421777
TRINITY_DN23599_c0_g2_i1.p1,-0.0170423921194556
TRINITY_DN2363_c0_g2_i3.p1,0.0387525541292443
TRINITY_DN24649_c0_g3_i1.p1,0.0159345863356841
TRINITY_DN25045_c0_g1_i7.p1,-0.0871607564574111
TRINITY_DN25918_c0_g2_i1.p1,0.0852634452283002
TRINITY_DN26007_c0_g1_i1.p1,-0.0312991604632931
TRINITY_DN2619_c0_g1_i13.p1,-0.0529369858708932
TRINITY_DN2624_c0_g1_i1.p1,-0.0725690767490429
TRINITY_DN2635_c0_g1_i1.p1,0.021898314588931
TRINITY_DN2637_c0_g2_i25.p1,0.041238972062591
TRINITY_DN26930_c0_g2_i3.p1,-0.0617860854707192
TRINITY_DN2735_c0_g1_i10.p1,0.0302520439849444
TRINITY_DN2759_c0_g1_i3.p1,0.0501939124966115
TRINITY_DN2767_c0_g3_i2.p1,0.0675959772055867
TRINITY_DN277_c2_g2_i5.p1,-0.0333416090719552
TRINITY_DN28152_c0_g1_i5.p1,0.0508135479420833
TRINITY_DN2903_c0_g1_i1.p1,-0.032802889293052
TRINITY_DN3082_c0_g1_i1.p1,0.0587492885432647
TRINITY_DN31084_c0_g1_i2.p1,0.0658824743432018
TRINITY_DN31094_c0_g1_i1.p1,0.0489279395192032
TRINITY_DN3200_c0_g1_i16.p1,0.0623474881267062
TRINITY_DN3208_c0_g1_i1.p1,-0.0263681935573777
TRINITY_DN32187_c0_g1_i1.p1,0.0408077641515982
TRINITY_DN3235_c0_g1_i5.p1,0.0703010366375396
TRINITY_DN3271_c0_g2_i1.p1,-0.0349809341178222
TRINITY_DN32976_c0_g1_i4.p1,0.046656910678101
TRINITY_DN3391_c0_g1_i23.p1,0.0547438880389468
TRINITY_DN3398_c0_g1_i1.p1,-0.0337986870538789
TRINITY_DN3408_c0_g1_i1.p1,0.0312512506514728
TRINITY_DN34350_c0_g1_i1.p1,-0.0359677451441947
TRINITY_DN34358_c1_g1_i1.p1,-0.0913621351437847
TRINITY_DN3575_c1_g1_i3.p1,-0.0609159751652678
TRINITY_DN35_c3_g1_i1.p1,0.0260836561736896
TRINITY_DN35_c7_g1_i3.p1,0.0593247682103846
TRINITY_DN35_c7_g1_i6.p1,-0.0703708610308883
TRINITY_DN36248_c0_g2_i2.p1,0.0437483827804582
TRINITY_DN368_c0_g1_i72.p1,-0.0534965724696498
TRINITY_DN368_c0_g1_i88.p1,0.0453460710701445
TRINITY_DN3809_c0_g1_i1.p1,0.0252264142275674
TRINITY_DN3824_c1_g1_i1.p1,-0.047414397945013
TRINITY_DN38770_c0_g1_i1.p1,0.054903678547819
TRINITY_DN3890_c0_g1_i12.p1,0.0542736987675093
TRINITY_DN3954_c0_g1_i1.p1,0.0404376417503986
TRINITY_DN3980_c0_g1_i25.p1,-0.0544447312138849
TRINITY_DN4102_c1_g1_i1.p1,-0.16913196481598
TRINITY_DN41490_c3_g1_i1.p1,0.0210135793336329
TRINITY_DN41665_c2_g1_i1.p1,0.0261552421035522
TRINITY_DN4227_c6_g1_i4.p1,-0.0556958567258626
TRINITY_DN42290_c0_g1_i1.p1,0.0603708085256831
TRINITY_DN430_c0_g1_i1.p1,-0.054640825028101
TRINITY_DN4342_c0_g1_i22.p1,-0.0434907069022111
TRINITY_DN44346_c0_g1_i1.p1,-0.0432677834619736
TRINITY_DN44709_c1_g1_i10.p1,-0.0318289533439225
TRINITY_DN4534_c0_g1_i9.p1,0.0299938704772132
TRINITY_DN4550_c1_g2_i2.p1,-0.0420803436734442
TRINITY_DN4562_c0_g1_i6.p1,0.0307904087334069
TRINITY_DN45830_c0_g1_i1.p1,-0.0290131995506257
TRINITY_DN46980_c0_g2_i2.p1,0.278271102116223
TRINITY_DN4799_c0_g1_i2.p1,-0.0276699638580953
TRINITY_DN4882_c2_g1_i2.p1,-0.0479003606501798
TRINITY_DN5023_c0_g1_i1.p1,-0.0114382881792987
TRINITY_DN507_c0_g1_i7.p1,0.054885736512852
TRINITY_DN511_c0_g1_i8.p1,-0.0742265337057605
TRINITY_DN5133_c2_g1_i2.p1,-0.0274076292821681
TRINITY_DN5136_c0_g1_i1.p1,0.0187601833217419
TRINITY_DN51810_c0_g1_i2.p1,0.0545219161956911
TRINITY_DN51878_c0_g1_i3.p1,-0.0744354969760606
TRINITY_DN5283_c0_g1_i2.p1,0.0458563808097947
TRINITY_DN5396_c4_g1_i7.p1,-0.0706194709662118
TRINITY_DN5528_c1_g1_i9.p1,0.0212084424830901
TRINITY_DN5565_c0_g1_i16.p1,0.045257362001347
TRINITY_DN5601_c0_g1_i3.p1,-0.134078349267508
TRINITY_DN5636_c0_g1_i1.p1,0.0157677114636754
TRINITY_DN56720_c0_g1_i1.p1,-0.0348303150900607
TRINITY_DN5679_c0_g1_i14.p1,0.061764250939723
TRINITY_DN57349_c0_g1_i13.p1,-0.0488489827074669
TRINITY_DN5743_c0_g1_i16.p1,0.0357911055109631
TRINITY_DN5770_c0_g2_i5.p1,0.0752773794929239
TRINITY_DN5797_c0_g1_i1.p1,0.0460131896181424
TRINITY_DN579_c0_g1_i2.p1,-0.0614385138621344
TRINITY_DN60553_c0_g1_i2.p1,0.0246090978699032
TRINITY_DN60850_c0_g1_i7.p1,-0.0667049807113057
TRINITY_DN60939_c0_g1_i1.p1,0.0708104716580771
TRINITY_DN60_c0_g1_i6.p1,-0.0394581852702364
TRINITY_DN6252_c0_g1_i2.p1,-0.0138686482262692
TRINITY_DN6297_c1_g3_i1.p1,0.0765094146009562
TRINITY_DN6357_c1_g1_i22.p1,-0.0250572885593627
TRINITY_DN651_c2_g1_i4.p1,-0.0210654983403764
TRINITY_DN655_c0_g1_i2.p1,-0.0545479498290754
TRINITY_DN66321_c0_g1_i3.p1,-0.0438989363539267
TRINITY_DN66361_c0_g1_i3.p1,-0.0464816910885378
TRINITY_DN68022_c2_g1_i2.p1,-0.0525745176288701
TRINITY_DN6807_c0_g2_i1.p1,0.0399771163902585
TRINITY_DN6825_c0_g1_i1.p1,0.0272399369553917
TRINITY_DN6838_c0_g1_i2.p1,-0.0422068807779655
TRINITY_DN687_c2_g1_i5.p1,0.0919004696491183
TRINITY_DN6948_c0_g1_i1.p1,0.0302669111152403
TRINITY_DN695_c0_g1_i1.p1,-0.216782491025397
TRINITY_DN6981_c0_g1_i5.p1,-0.114236192074573
TRINITY_DN7002_c0_g1_i4.p1,0.0338968868124601
TRINITY_DN7050_c1_g1_i2.p1,-0.0579709803568545
TRINITY_DN7175_c0_g1_i38.p2,0.061710453224177
TRINITY_DN7254_c3_g1_i1.p1,0.0530095002098314
TRINITY_DN7332_c2_g1_i1.p1,0.0534341979808386
TRINITY_DN7343_c0_g1_i1.p1,0.0283465775664811
TRINITY_DN7449_c0_g1_i3.p1,0.0396030841103992
TRINITY_DN7519_c0_g1_i1.p1,-0.0578706530313315
TRINITY_DN7568_c0_g1_i32.p1,-0.0347312356362209
TRINITY_DN7678_c0_g1_i1.p1,0.0501633171900109
TRINITY_DN770_c0_g1_i11.p1,-0.0466447003129117
TRINITY_DN77534_c1_g2_i2.p1,-0.0643879360810825
TRINITY_DN794_c0_g1_i1.p1,-0.0472856783816324
TRINITY_DN807_c0_g2_i1.p1,0.0246733457232451
TRINITY_DN8142_c0_g1_i3.p1,-0.0246358787036677
TRINITY_DN81992_c0_g1_i5.p1,0.0341733158029128
TRINITY_DN8414_c0_g1_i4.p1,0.0533356072011765
TRINITY_DN8566_c0_g1_i7.p1,-0.0211474741594718
TRINITY_DN8764_c0_g1_i8.p1,-0.0410239526437892
TRINITY_DN876_c0_g1_i6.p1,-0.062780407626264
TRINITY_DN8838_c2_g1_i1.p1,-0.0226427157145194
TRINITY_DN9128_c0_g1_i10.p1,-0.0206145299139932
TRINITY_DN9415_c3_g2_i1.p1,0.0396787576676559
TRINITY_DN94_c0_g2_i3.p1,-0.0308396457735137
TRINITY_DN9843_c0_g1_i2.p1,0.0245179807047007
TRINITY_DN9843_c0_g1_i3.p1,-0.0541955639619648
TRINITY_DN2581_c0_g1_i11.p1,-0.0236821625752177
TRINITY_DN903_c0_g1_i9.p1,0.0479202166538335
TRINITY_DN2067_c3_g1_i5.p1,0.0646324374555358
TRINITY_DN29357_c0_g1_i2.p1,0.0126376380231251
TRINITY_DN381_c0_g1_i3.p1,-0.0241593834673694
TRINITY_DN49870_c0_g1_i1.p1,-0.079628830948924
TRINITY_DN5932_c0_g1_i5.p1,-0.0627057950524608
TRINITY_DN7475_c1_g1_i7.p1,0.031964425361861
TRINITY_DN10701_c3_g4_i1.p1,0.0726198120966551
TRINITY_DN15491_c0_g1_i2.p1,0.0131793722483881
TRINITY_DN4644_c0_g1_i10.p1,0.0667753289367299
TRINITY_DN5398_c1_g1_i1.p1,-0.0217452666412517
TRINITY_DN8398_c0_g1_i4.p1,-0.0409794875804068
TRINITY_DN8764_c0_g1_i71.p1,-0.0641156967748476
TRINITY_DN368_c0_g1_i42.p1,-0.0729913523468183
TRINITY_DN2741_c0_g1_i3.p1,0.025315729249934
TRINITY_DN511_c0_g1_i52.p1,0.034409686999406
TRINITY_DN70584_c0_g1_i1.p1,-0.0507975433749779
TRINITY_DN10033_c1_g1_i4.p1,0.0200213946144726
TRINITY_DN17773_c0_g1_i1.p1,-0.035212471136051
TRINITY_DN18_c2_g1_i9.p1,0.048967324682742
TRINITY_DN2063_c0_g1_i17.p1,-0.0493215888734773
TRINITY_DN6612_c0_g2_i1.p1,0.0091922261747843
TRINITY_DN5451_c0_g1_i1.p1,0.0469843966324077
TRINITY_DN1213_c1_g1_i26.p1,-0.0439090253657326
TRINITY_DN16647_c0_g1_i2.p1,0.0583435825331884
TRINITY_DN17014_c0_g1_i8.p1,0.0661807064763024
TRINITY_DN32126_c0_g1_i3.p1,0.0308289682981803
TRINITY_DN15559_c0_g1_i3.p1,0.0172291730879203
TRINITY_DN16820_c2_g1_i1.p1,-0.0220858352192311
TRINITY_DN27172_c1_g2_i2.p1,0.0414944506069769
TRINITY_DN277_c2_g1_i1.p1,-0.0343050064871074
TRINITY_DN32077_c0_g1_i10.p1,-0.0310850978775079
TRINITY_DN6256_c0_g2_i1.p2,0.0558778930954308
TRINITY_DN7236_c1_g1_i1.p1,0.0551751584403739
TRINITY_DN261_c0_g1_i3.p1,0.0410706744578014
TRINITY_DN27013_c0_g1_i5.p1,-0.0599949699177451
TRINITY_DN36872_c0_g1_i1.p1,0.0176904971830743
TRINITY_DN6745_c1_g1_i1.p1,0.0157161834608855
TRINITY_DN5743_c0_g1_i17.p1,0.0208366549617243
TRINITY_DN17258_c1_g1_i1.p1,0.0174520726779308
TRINITY_DN11654_c0_g1_i1.p1,-0.0600821570611132
TRINITY_DN14472_c0_g1_i2.p1,0.0436916876399834
TRINITY_DN20033_c0_g1_i3.p1,-0.0401793278572981
TRINITY_DN470_c0_g1_i20.p1,-0.0269159489297811
TRINITY_DN6830_c0_g2_i3.p1,-0.0393419432606532
TRINITY_DN862_c6_g1_i1.p1,0.0273669290517444
TRINITY_DN5810_c0_g2_i1.p1,0.0161177961831759
TRINITY_DN10378_c0_g2_i1.p1,-0.0291137248062676
TRINITY_DN10982_c0_g1_i2.p1,0.0212730850411032
TRINITY_DN12323_c0_g1_i9.p1,-0.242543452354363
TRINITY_DN1378_c0_g1_i11.p1,0.0289855897770448
TRINITY_DN1433_c2_g1_i6.p1,0.0275929343699487
TRINITY_DN16755_c0_g1_i1.p1,-0.0243701223358975
TRINITY_DN1945_c1_g3_i1.p1,-0.0345868906521477
TRINITY_DN20414_c0_g1_i3.p1,0.0372791692784163
TRINITY_DN21270_c0_g1_i2.p1,0.0408780065701327
TRINITY_DN22327_c0_g1_i1.p1,0.0398320668879253
TRINITY_DN23295_c0_g1_i2.p1,0.245368220924265
TRINITY_DN24666_c1_g1_i1.p1,0.0382688338928736
TRINITY_DN25988_c0_g1_i1.p1,-0.0225953064834171
TRINITY_DN2978_c7_g1_i1.p1,0.0330987270359779
TRINITY_DN326_c0_g1_i1.p1,0.019196316377399
TRINITY_DN330_c1_g1_i7.p1,-0.0400357996202532
TRINITY_DN359_c0_g1_i30.p1,0.0467835876274205
TRINITY_DN3682_c0_g1_i3.p1,-0.0430931460384763
TRINITY_DN39667_c0_g1_i1.p1,0.0182441864702934
TRINITY_DN4857_c0_g1_i4.p1,-0.0445019455478721
TRINITY_DN511_c0_g1_i59.p1,0.0441441046566388
TRINITY_DN54758_c0_g1_i1.p1,-0.0238360907615025
TRINITY_DN582_c0_g2_i3.p1,-0.0836221558967957
TRINITY_DN6097_c0_g1_i1.p1,0.0185935130643836
TRINITY_DN637_c1_g1_i11.p1,0.0313151594288575
TRINITY_DN6455_c4_g1_i1.p1,0.0609299232480984
TRINITY_DN7073_c0_g1_i2.p1,-0.0227057979893265
TRINITY_DN724_c0_g2_i7.p1,-0.0565017776309756
TRINITY_DN8008_c11_g1_i1.p1,-0.0354562116111937
TRINITY_DN817_c1_g1_i8.p1,-0.0570540497634402
TRINITY_DN8898_c0_g1_i27.p1,0.0496690371942919
TRINITY_DN998_c1_g1_i1.p1,-0.0252850210707317
TRINITY_DN98249_c0_g1_i1.p1,0.0171871890734607
TRINITY_DN14520_c0_g1_i2.p1,-0.0149542680651756
TRINITY_DN147188_c0_g1_i1.p1,-0.0459774786496169
TRINITY_DN25564_c1_g1_i2.p1,0.0221127515504833
TRINITY_DN2619_c0_g1_i2.p1,-0.0317583307840001
TRINITY_DN3350_c0_g1_i32.p1,-0.0567032633054267
TRINITY_DN5310_c0_g1_i6.p1,0.0550512751452759
TRINITY_DN7052_c0_g1_i1.p1,-0.0217486076525093
TRINITY_DN8532_c0_g1_i2.p1,0.0586393142871749
TRINITY_DN6228_c0_g1_i7.p1,-0.0150283496376998
TRINITY_DN11438_c3_g1_i2.p1,-0.052111290185475
TRINITY_DN12028_c0_g1_i2.p1,0.0424504785020433
TRINITY_DN15197_c0_g2_i2.p1,0.100888333694094
TRINITY_DN169_c4_g1_i3.p1,-0.0153585847286438
TRINITY_DN274_c0_g1_i3.p1,-0.0373800472273788
TRINITY_DN2839_c0_g1_i2.p1,0.0165143645886209
TRINITY_DN31847_c0_g1_i1.p1,0.0144030998214496
TRINITY_DN3375_c0_g2_i3.p1,0.0116476553129968
TRINITY_DN33923_c0_g1_i1.p1,0.0216604374283239
TRINITY_DN382_c0_g1_i7.p1,0.0298840161944061
TRINITY_DN4055_c0_g1_i1.p1,0.0376873487467953
TRINITY_DN4873_c0_g1_i1.p1,-0.0244887984876362
TRINITY_DN69_c0_g2_i4.p1,-0.0389692303124499
TRINITY_DN7103_c1_g1_i15.p1,-0.041428767093788
TRINITY_DN849_c0_g1_i3.p1,0.0495833804447154
TRINITY_DN11753_c0_g1_i9.p1,-0.0362918409829493
TRINITY_DN17072_c1_g1_i2.p1,0.0211063049972713
TRINITY_DN4259_c0_g4_i2.p1,0.0329306722025517
TRINITY_DN585_c0_g1_i2.p1,-0.0129210254786747
TRINITY_DN65384_c1_g2_i5.p1,0.0191004532943675
TRINITY_DN9659_c0_g1_i6.p1,-0.115794686204787
TRINITY_DN18881_c0_g1_i5.p1,-0.0559157058842782
TRINITY_DN253_c2_g2_i1.p1,0.0422123716572339
TRINITY_DN584_c3_g1_i7.p1,-0.0603281203908693
TRINITY_DN827_c0_g2_i5.p1,0.0391954631817306
TRINITY_DN42663_c0_g1_i4.p1,-0.0537049159345533
TRINITY_DN114396_c0_g1_i1.p1,0.0225958806346522
TRINITY_DN18646_c0_g1_i11.p1,-0.0258112726997493
TRINITY_DN2021_c3_g1_i1.p1,0.0315094806675211
TRINITY_DN24329_c0_g1_i1.p1,0.0547897072559469
TRINITY_DN292_c0_g1_i6.p1,-0.0384998451862191
TRINITY_DN690_c5_g1_i1.p1,-0.0235933448555821
TRINITY_DN5282_c0_g1_i1.p1,0.0377303905410912
TRINITY_DN0_c2_g2_i5.p1,-0.0202614329456324
TRINITY_DN1337_c0_g1_i21.p1,-0.0519385115881744
TRINITY_DN1646_c0_g1_i7.p1,-0.0404999133177813
TRINITY_DN17621_c1_g1_i1.p1,0.020369278704979
TRINITY_DN1904_c0_g1_i2.p1,0.0486299193019523
TRINITY_DN3510_c3_g1_i6.p1,0.0253564784878359
TRINITY_DN44802_c0_g5_i2.p1,-0.0176179576764386
TRINITY_DN29674_c0_g4_i2.p1,-0.0519457417678466
TRINITY_DN9184_c1_g1_i4.p1,-0.0511850504225988
TRINITY_DN9378_c0_g1_i1.p1,0.051969419372609
TRINITY_DN4264_c0_g1_i7.p1,-0.0329615770685523
TRINITY_DN13924_c0_g1_i1.p1,0.0173157411470549
TRINITY_DN17555_c0_g1_i1.p1,-0.0218070078461498
TRINITY_DN17822_c0_g1_i3.p1,0.0278373051572241
TRINITY_DN3116_c1_g4_i1.p1,-0.0165490209730634
TRINITY_DN11077_c0_g1_i5.p1,-0.0401459238543954
TRINITY_DN170_c1_g1_i6.p1,-0.0550633389968265
TRINITY_DN10661_c0_g1_i12.p1,0.0273476584900307
TRINITY_DN1134_c0_g1_i5.p1,-0.0454788460976341
TRINITY_DN12364_c0_g1_i5.p1,0.0415286536378644
TRINITY_DN145734_c0_g1_i1.p1,-0.0504821594846439
TRINITY_DN16740_c0_g1_i5.p1,-0.0545760933395486
TRINITY_DN169_c0_g1_i13.p1,0.0643553872921182
TRINITY_DN177790_c0_g1_i1.p1,-0.0287877988377442
TRINITY_DN2197_c0_g1_i3.p1,0.0222165924555764
TRINITY_DN31697_c0_g1_i2.p1,-0.0577445275323609
TRINITY_DN35092_c0_g1_i2.p1,0.0497336970679971
TRINITY_DN39657_c2_g1_i4.p1,-0.031659339107468
TRINITY_DN4435_c1_g1_i9.p1,-0.0517788992908218
TRINITY_DN56268_c0_g1_i1.p1,0.0425215203646189
TRINITY_DN7849_c0_g1_i12.p1,0.0451918267013974
TRINITY_DN1593_c3_g1_i3.p1,-0.0446879839244377
TRINITY_DN2772_c0_g1_i24.p1,-0.0557267862257519
TRINITY_DN30082_c0_g1_i3.p1,-0.0265983647519809
TRINITY_DN404_c0_g2_i11.p1,-0.0273058263055438
TRINITY_DN4843_c0_g1_i6.p1,-0.0114865906075871
TRINITY_DN979_c0_g1_i2.p1,-0.0235954803187238
TRINITY_DN26165_c1_g1_i2.p1,0.0515683949098931
TRINITY_DN10208_c0_g1_i1.p1,0.0179232164303629
TRINITY_DN13969_c1_g1_i18.p1,-0.0440025784310807
TRINITY_DN14599_c0_g1_i1.p1,0.012504514830375
TRINITY_DN165107_c0_g1_i1.p1,0.0156899805125374
TRINITY_DN18176_c0_g1_i1.p1,-0.0235949461033363
TRINITY_DN1976_c0_g1_i18.p1,-0.0180046743428057
TRINITY_DN2391_c0_g1_i7.p1,0.0296629360841626
TRINITY_DN243_c0_g1_i1.p1,-0.0397747192732181
TRINITY_DN25611_c0_g1_i19.p1,0.0169044560081585
TRINITY_DN2842_c0_g1_i17.p1,-0.0262864445276307
TRINITY_DN2985_c1_g2_i1.p1,0.030101296001925
TRINITY_DN31814_c0_g2_i1.p1,-0.0245671730971309
TRINITY_DN3375_c2_g1_i2.p1,-0.0221327708521847
TRINITY_DN42_c0_g1_i13.p1,-0.0259979526391713
TRINITY_DN62768_c0_g1_i1.p1,0.0616505466207468
TRINITY_DN7861_c0_g1_i19.p1,-0.0452028267100214
TRINITY_DN81785_c0_g1_i1.p1,0.0330912227055284
TRINITY_DN8246_c1_g1_i17.p1,-0.0322746283887649
TRINITY_DN8697_c9_g1_i1.p1,0.0338846337926701
TRINITY_DN4174_c0_g1_i4.p1,0.0221172364966471
TRINITY_DN106_c0_g1_i7.p1,-0.0196547882421646
TRINITY_DN10963_c0_g1_i20.p1,0.0551093885046328
TRINITY_DN11745_c0_g1_i2.p1,-0.0245968643449756
TRINITY_DN12426_c0_g1_i5.p1,-0.0284323827335501
TRINITY_DN12650_c0_g1_i1.p1,-0.0363136735130018
TRINITY_DN1323_c0_g1_i26.p1,-0.0459691641486066
TRINITY_DN16260_c0_g1_i12.p1,-0.0122448949555484
TRINITY_DN16377_c1_g1_i1.p1,0.0139140656911321
TRINITY_DN16745_c0_g1_i3.p1,-0.0179481310457354
TRINITY_DN177363_c0_g1_i1.p1,0.0235321366646238
TRINITY_DN19981_c0_g1_i2.p1,0.0384925936415884
TRINITY_DN20291_c0_g2_i1.p1,-0.0134819559730327
TRINITY_DN21364_c0_g1_i3.p1,0.018245783462462
TRINITY_DN2203_c0_g1_i6.p1,0.0261818910661005
TRINITY_DN27976_c0_g1_i1.p1,0.0216557797759491
TRINITY_DN28380_c0_g1_i1.p1,-0.0534690339755035
TRINITY_DN3222_c4_g1_i1.p1,0.0124873769590349
TRINITY_DN34_c0_g1_i13.p1,0.0523841791027011
TRINITY_DN358_c0_g1_i76.p1,0.0450440544159606
TRINITY_DN3771_c0_g1_i2.p1,0.0218587167490237
TRINITY_DN38674_c0_g1_i1.p1,-0.0343587137273265
TRINITY_DN4130_c0_g1_i2.p1,0.0157894129914817
TRINITY_DN4494_c0_g1_i1.p1,0.0223914742603937
TRINITY_DN46752_c0_g2_i1.p1,0.0367151556766796
TRINITY_DN4692_c0_g1_i4.p1,-0.0244042817601239
TRINITY_DN47_c2_g2_i8.p1,0.016693329899324
TRINITY_DN4989_c0_g1_i15.p1,0.0316856240713485
TRINITY_DN4992_c0_g1_i3.p1,-0.0201792458231821
TRINITY_DN5155_c1_g1_i5.p1,-0.0458551820536468
TRINITY_DN52469_c0_g1_i5.p1,0.030054804798121
TRINITY_DN5438_c0_g1_i2.p1,0.0430021964633827
TRINITY_DN57300_c0_g1_i3.p1,0.027896401278767
TRINITY_DN60_c0_g1_i5.p1,0.0393225059664554
TRINITY_DN6427_c0_g1_i3.p1,-0.0213187444034796
TRINITY_DN9402_c1_g1_i1.p1,-0.0130862239685339
TRINITY_DN10335_c2_g1_i1.p1,-0.0148688775284749
TRINITY_DN13692_c0_g1_i1.p1,-0.0242373984393232
TRINITY_DN13885_c0_g2_i2.p1,-0.033938531678613
TRINITY_DN15724_c0_g1_i4.p1,0.0410710216248145
TRINITY_DN16816_c0_g1_i10.p1,0.0874420313378591
TRINITY_DN18092_c0_g1_i1.p1,-0.0165881575423898
TRINITY_DN23058_c0_g1_i1.p1,-0.0208301877431285
TRINITY_DN2775_c0_g1_i2.p1,-0.0264218813314413
TRINITY_DN280_c0_g2_i5.p1,0.026351416546802
TRINITY_DN3386_c0_g1_i6.p1,0.0281329290312919
TRINITY_DN3551_c0_g1_i4.p1,0.0191414217498616
TRINITY_DN35523_c0_g1_i1.p1,-0.019412380849529
TRINITY_DN38673_c0_g1_i1.p1,-0.0190334538899548
TRINITY_DN4000_c0_g1_i9.p1,-0.0260634392455758
TRINITY_DN4165_c0_g1_i4.p1,0.0278352340209901
TRINITY_DN4832_c0_g1_i2.p1,0.0219546702767926
TRINITY_DN5895_c0_g1_i2.p1,0.0529617119575826
TRINITY_DN688_c0_g1_i4.p1,0.0400915175432115
TRINITY_DN1793_c2_g1_i2.p1,0.0151990184961054
TRINITY_DN3051_c0_g1_i1.p1,0.0106249182772042
TRINITY_DN108_c0_g1_i3.p1,0.0349272732434245
TRINITY_DN26064_c1_g1_i2.p1,-0.0319512242226072
TRINITY_DN23226_c0_g2_i1.p1,0.0160455902274517
TRINITY_DN25175_c0_g2_i3.p1,0.0281322965750942
TRINITY_DN12173_c1_g1_i1.p1,-0.0581813046811484
TRINITY_DN164719_c0_g1_i1.p1,0.029957049480547
TRINITY_DN35890_c0_g1_i3.p1,-0.0417347642678399
TRINITY_DN36081_c0_g1_i2.p1,0.0384244634311063
TRINITY_DN3838_c0_g1_i2.p1,0.0136617745282269
TRINITY_DN4016_c0_g1_i2.p1,0.058922927585134
TRINITY_DN5064_c0_g1_i1.p1,0.020257585700729
TRINITY_DN5276_c0_g1_i2.p1,-0.0161520035600445
TRINITY_DN5722_c3_g1_i1.p1,-0.012484022250604
TRINITY_DN5878_c1_g1_i20.p1,-0.0531426114083498
TRINITY_DN7360_c2_g3_i1.p1,-0.0425779993872939
TRINITY_DN1329_c2_g1_i3.p1,-0.0434559513089337
TRINITY_DN13976_c0_g2_i2.p1,0.0270768769270586
TRINITY_DN15534_c0_g1_i1.p1,0.032964658066322
TRINITY_DN1874_c0_g1_i2.p1,0.0332413810354451
TRINITY_DN19846_c0_g1_i1.p1,0.0452112777233551
TRINITY_DN205_c0_g2_i11.p1,-0.0704540425220145
TRINITY_DN22524_c0_g1_i4.p1,-0.0477866280768457
TRINITY_DN2431_c3_g1_i3.p1,0.0222800468555073
TRINITY_DN28796_c1_g1_i1.p1,-0.0152883764675726
TRINITY_DN34311_c0_g1_i2.p1,0.0298204747664721
TRINITY_DN37963_c0_g1_i3.p1,0.0504111402725374
TRINITY_DN39011_c0_g1_i1.p1,0.0533158323409119
TRINITY_DN4027_c0_g2_i3.p1,0.0431448309293969
TRINITY_DN4443_c0_g1_i10.p1,-0.0503755179893935
TRINITY_DN4897_c0_g1_i3.p1,0.0304486223205168
TRINITY_DN5277_c0_g1_i1.p1,-0.0239496379751533
TRINITY_DN6609_c0_g2_i1.p1,-0.0125919559760974
TRINITY_DN8271_c0_g1_i3.p1,0.045650100385189
TRINITY_DN903_c0_g1_i11.p1,-0.0367348525970099
TRINITY_DN983_c1_g1_i5.p1,0.0401240239306577
TRINITY_DN129034_c0_g1_i1.p1,0.0217988064058681
TRINITY_DN10010_c0_g3_i1.p1,-0.0151882775304034
TRINITY_DN149995_c0_g1_i1.p1,0.0170625510221476
TRINITY_DN21928_c0_g1_i1.p1,-0.0353192421957919
TRINITY_DN2392_c0_g1_i15.p1,-0.0256609480618544
TRINITY_DN2507_c0_g1_i38.p1,-0.0275062805029618
TRINITY_DN3643_c0_g2_i2.p1,-0.0163818216543615
TRINITY_DN4456_c0_g1_i4.p1,0.0171442305022743
TRINITY_DN10498_c0_g2_i2.p1,-0.0256762915726261
TRINITY_DN11927_c0_g1_i6.p1,0.0281165198456609
TRINITY_DN9827_c0_g1_i6.p1,0.0326035763320963
TRINITY_DN10068_c0_g1_i1.p2,-0.0237275803649279
TRINITY_DN1034_c0_g1_i15.p1,0.0228648544731237
TRINITY_DN1041_c2_g1_i2.p1,0.0241031228456409
TRINITY_DN1050_c0_g1_i6.p1,-0.0311100803891553
TRINITY_DN1136_c0_g1_i3.p1,0.0389289315002936
TRINITY_DN12771_c1_g1_i12.p1,0.020500874910249
TRINITY_DN12923_c0_g2_i2.p1,-0.0205116616871364
TRINITY_DN13202_c0_g1_i1.p1,-0.00794779862392858
TRINITY_DN13208_c0_g1_i4.p1,-0.0476720364497462
TRINITY_DN14046_c0_g4_i5.p1,-0.0277636238544554
TRINITY_DN14066_c0_g1_i2.p1,0.0273849591018718
TRINITY_DN14255_c0_g1_i2.p1,0.0137125473809823
TRINITY_DN14297_c0_g1_i6.p1,-0.0787015031989731
TRINITY_DN14329_c0_g1_i12.p1,-0.0255409935642376
TRINITY_DN14961_c0_g1_i2.p2,0.0428673438502209
TRINITY_DN1537_c0_g3_i2.p1,0.0355251391783375
TRINITY_DN1572_c6_g1_i1.p1,0.0456061183282089
TRINITY_DN1597_c0_g1_i2.p1,-0.0154335569833793
TRINITY_DN164133_c0_g1_i1.p1,0.0170809537082132
TRINITY_DN1654_c3_g1_i1.p1,0.0167210440931359
TRINITY_DN16862_c5_g1_i1.p2,-0.0322031724874208
TRINITY_DN17441_c0_g1_i1.p1,0.0291268861502945
TRINITY_DN17883_c0_g1_i14.p1,-0.0196532961843088
TRINITY_DN180_c0_g1_i2.p1,-0.0164828649517314
TRINITY_DN18594_c0_g1_i1.p1,0.0443874808660298
TRINITY_DN19300_c0_g1_i2.p1,-0.0232475270238057
TRINITY_DN19490_c0_g1_i1.p1,0.0078290837685292
TRINITY_DN1961_c0_g2_i1.p1,0.0108697916156561
TRINITY_DN20779_c0_g1_i1.p1,0.00695141857534636
TRINITY_DN21141_c0_g1_i4.p1,-0.0316432949929554
TRINITY_DN21940_c0_g1_i3.p1,-0.0324822482440311
TRINITY_DN2302_c0_g1_i22.p1,-0.0346436803714344
TRINITY_DN23740_c3_g1_i1.p1,-0.0101765902846088
TRINITY_DN24092_c0_g1_i3.p1,0.0419612012300363
TRINITY_DN24341_c0_g1_i9.p1,-0.0490267928800195
TRINITY_DN2456_c4_g1_i1.p1,-0.0226982957723833
TRINITY_DN26308_c0_g2_i1.p1,0.0259349177525587
TRINITY_DN26633_c0_g1_i1.p1,-0.0170142936613653
TRINITY_DN27007_c0_g1_i1.p1,-0.012698765287587
TRINITY_DN27905_c0_g1_i1.p1,-0.0119863409608366
TRINITY_DN2877_c0_g2_i3.p1,-0.0455753688778821
TRINITY_DN3085_c0_g1_i5.p1,0.0207866105772797
TRINITY_DN3146_c4_g1_i9.p1,-0.0417049863265347
TRINITY_DN33400_c0_g1_i1.p1,0.00977379594268441
TRINITY_DN3391_c0_g1_i6.p1,-0.0474380039142948
TRINITY_DN3470_c0_g1_i1.p1,0.0283370003509141
TRINITY_DN3471_c0_g1_i17.p1,0.0533436201751816
TRINITY_DN3497_c0_g1_i42.p1,0.0293011484111257
TRINITY_DN35279_c0_g1_i4.p1,0.0319097237433002
TRINITY_DN3572_c0_g1_i3.p1,0.0258857602040662
TRINITY_DN368_c0_g1_i85.p1,0.0178759436799005
TRINITY_DN37780_c1_g1_i1.p1,0.044426695191912
TRINITY_DN382_c1_g1_i12.p1,-0.0269832746103859
TRINITY_DN38447_c0_g1_i4.p1,0.038816498984125
TRINITY_DN392_c1_g1_i1.p1,-0.00846970041369977
TRINITY_DN4047_c0_g4_i4.p1,-0.0393420141489011
TRINITY_DN43491_c0_g1_i1.p1,0.0194094250731497
TRINITY_DN4567_c0_g1_i14.p1,0.0293433675588078
TRINITY_DN4771_c0_g1_i1.p1,-0.0552922271424015
TRINITY_DN48255_c0_g1_i3.p1,0.0321678273271196
TRINITY_DN495_c0_g1_i18.p1,-0.0428904490175139
TRINITY_DN5227_c0_g1_i5.p1,-0.0393404593026868
TRINITY_DN5334_c0_g1_i2.p1,-0.0406526035403506
TRINITY_DN5357_c0_g1_i1.p1,0.0266041034626845
TRINITY_DN55083_c0_g1_i2.p1,-0.056045869716074
TRINITY_DN5537_c0_g1_i1.p1,0.0364022852448873
TRINITY_DN57760_c1_g1_i1.p1,0.0143735751145697
TRINITY_DN5792_c2_g1_i2.p1,0.0113456982383669
TRINITY_DN6034_c0_g1_i3.p1,0.0235185639711008
TRINITY_DN61592_c4_g1_i1.p1,-0.0198330102286981
TRINITY_DN6174_c21_g1_i1.p1,-0.0234691098968255
TRINITY_DN61959_c0_g3_i3.p1,-0.0342512951817473
TRINITY_DN6357_c1_g1_i6.p1,0.0392154691340978
TRINITY_DN6848_c1_g4_i5.p1,-0.0181755569693222
TRINITY_DN6973_c0_g1_i3.p1,0.0135024789943342
TRINITY_DN7305_c0_g1_i8.p1,0.0266201082276476
TRINITY_DN7317_c0_g1_i10.p1,0.0229756947529208
TRINITY_DN7505_c0_g1_i9.p1,-0.0386413599077707
TRINITY_DN7743_c0_g1_i2.p1,-0.0415204743581834
TRINITY_DN7768_c0_g1_i1.p1,-0.0320725558066845
TRINITY_DN7854_c0_g2_i4.p1,0.0352364864635208
TRINITY_DN8179_c0_g1_i2.p1,-0.0270939146142347
TRINITY_DN83207_c0_g1_i1.p1,0.0318987106317582
TRINITY_DN8667_c0_g1_i2.p1,-0.0346632679640759
TRINITY_DN8810_c6_g1_i1.p1,-0.0253404477135984
TRINITY_DN8828_c0_g1_i1.p1,0.00982766067625485
TRINITY_DN9078_c0_g1_i8.p1,0.0333078468207285
TRINITY_DN9340_c0_g1_i2.p1,-0.0297462675485234
TRINITY_DN941_c0_g1_i1.p1,-0.0121074924169582
TRINITY_DN95984_c0_g1_i1.p1,0.0128804357780177
TRINITY_DN96_c0_g1_i25.p1,-0.0354168860196006
TRINITY_DN9725_c0_g1_i2.p1,0.0242476657408773
TRINITY_DN2371_c0_g1_i10.p1,0.012564410880135
TRINITY_DN112671_c0_g1_i2.p1,0.0306411919793552
TRINITY_DN16024_c0_g1_i1.p1,-0.014380590285495
TRINITY_DN7613_c0_g1_i14.p1,-0.102297599454071
TRINITY_DN3204_c0_g1_i1.p1,0.0167068351640179
TRINITY_DN11_c0_g1_i52.p1,-0.0108357419821759
TRINITY_DN12426_c0_g1_i14.p1,0.0366517518172508
TRINITY_DN303_c0_g1_i18.p1,0.0259601208147936
TRINITY_DN4956_c0_g1_i3.p1,-0.0296058934632289
TRINITY_DN1513_c0_g1_i5.p1,-0.0165789720398827
TRINITY_DN6357_c1_g1_i26.p1,0.0153155761413789
TRINITY_DN7310_c0_g1_i12.p1,-0.0229160566832549
TRINITY_DN4327_c2_g2_i4.p1,0.0227698584322468
TRINITY_DN87_c2_g1_i11.p1,-0.0564528590157331
TRINITY_DN10601_c2_g1_i1.p1,0.0159446519809728
TRINITY_DN1897_c0_g1_i4.p1,-0.0188322783323988
TRINITY_DN1948_c0_g2_i3.p1,0.0373670036752016
TRINITY_DN23386_c0_g2_i1.p1,-0.0503485881402949
TRINITY_DN26655_c1_g1_i1.p1,-0.0118898888677833
TRINITY_DN28365_c1_g1_i2.p1,0.0121600778713448
TRINITY_DN2910_c0_g1_i22.p1,0.0432121543102437
TRINITY_DN14004_c0_g2_i1.p1,-0.0442576290410461
TRINITY_DN19360_c0_g1_i5.p1,0.0392451304536497
TRINITY_DN6011_c0_g1_i20.p1,0.020188670166202
TRINITY_DN10083_c0_g1_i2.p1,-0.0487214049678546
TRINITY_DN13722_c0_g1_i3.p1,0.018429309397527
TRINITY_DN161786_c0_g1_i3.p1,0.0243241719947055
TRINITY_DN1633_c0_g1_i1.p1,-0.0383524718171913
TRINITY_DN21065_c0_g1_i1.p1,0.0432952667312293
TRINITY_DN4666_c2_g1_i10.p1,-0.0124927981483008
TRINITY_DN87639_c0_g1_i1.p1,-0.0233987407497408
TRINITY_DN8_c0_g1_i2.p1,0.0102201694391666
TRINITY_DN15293_c2_g3_i1.p1,0.0189065855822467
TRINITY_DN5541_c0_g1_i10.p1,-0.013937714163099
TRINITY_DN2175_c0_g1_i5.p1,-0.0238518689568735
TRINITY_DN1217_c0_g1_i48.p1,0.0217384696360941
TRINITY_DN1297_c0_g1_i2.p1,-0.0171955645071772
TRINITY_DN13330_c4_g1_i1.p1,-0.0318263483896316
TRINITY_DN34156_c0_g1_i1.p1,0.0357174515548692
TRINITY_DN38_c0_g1_i1.p1,0.0313719960454768
TRINITY_DN4133_c1_g1_i9.p1,-0.0241855591366953
TRINITY_DN4200_c4_g1_i1.p1,-0.0168123772078578
TRINITY_DN19493_c1_g1_i7.p1,-0.0225820078995885
TRINITY_DN4111_c0_g2_i3.p1,-0.0172665645669699
TRINITY_DN73407_c0_g1_i3.p1,-0.0232864754340462
TRINITY_DN7449_c0_g1_i4.p1,0.0384955695870851
TRINITY_DN8778_c0_g1_i1.p1,-0.00812755308597702
TRINITY_DN54980_c0_g1_i1.p1,0.00887894591608409
TRINITY_DN16954_c0_g1_i1.p1,-0.00848673734634531
TRINITY_DN744_c0_g2_i5.p1,0.0282232320060057
TRINITY_DN46509_c0_g1_i1.p1,0.038933281559609
TRINITY_DN2031_c5_g1_i1.p1,-0.0302073201109077
TRINITY_DN9569_c0_g1_i1.p1,-0.0131114623826971
TRINITY_DN9666_c0_g1_i1.p1,0.0262681706224374
TRINITY_DN44079_c0_g1_i19.p1,0.0384851656876877
TRINITY_DN12851_c0_g1_i7.p1,0.0333053094042274
TRINITY_DN38041_c0_g2_i2.p1,-0.0206234687007057
TRINITY_DN112654_c0_g1_i1.p1,-0.0197174059513019
TRINITY_DN112897_c0_g1_i1.p1,0.0441074023204547
TRINITY_DN26667_c1_g1_i2.p1,-0.0321239468643606
TRINITY_DN45397_c0_g2_i1.p1,0.0376385381313731
TRINITY_DN937_c0_g1_i1.p1,-0.00874356739647269
TRINITY_DN11598_c0_g1_i5.p1,0.0228676103937479
TRINITY_DN292_c0_g1_i8.p1,-0.025826149772624
TRINITY_DN4723_c0_g1_i1.p1,-0.0304908543830705
TRINITY_DN47_c1_g1_i4.p1,0.0366885300667994
TRINITY_DN10403_c0_g1_i27.p1,-0.0286698355953519
TRINITY_DN10771_c0_g1_i1.p1,0.0109606265060096
TRINITY_DN12043_c0_g1_i4.p1,0.0278448009414416
TRINITY_DN13250_c0_g1_i14.p1,0.0307485445802795
TRINITY_DN145344_c0_g1_i1.p1,0.0434280837748315
TRINITY_DN1556_c2_g1_i3.p1,0.0194978861121518
TRINITY_DN163637_c0_g1_i1.p1,0.0313369865978184
TRINITY_DN1750_c0_g1_i14.p1,0.0222568287124641
TRINITY_DN17959_c0_g1_i6.p1,0.0205702983168648
TRINITY_DN18495_c0_g2_i3.p1,-0.0170005345796278
TRINITY_DN20735_c0_g1_i1.p1,-0.0201143995397016
TRINITY_DN22841_c0_g1_i7.p1,-0.0285881810431222
TRINITY_DN2291_c0_g1_i1.p1,0.0254417942964844
TRINITY_DN252_c0_g1_i9.p1,-0.0311059436831559
TRINITY_DN27179_c0_g1_i1.p1,-0.0113285641355631
TRINITY_DN2735_c0_g1_i14.p1,0.027108231827009
TRINITY_DN32130_c0_g1_i1.p1,0.00960549874169917
TRINITY_DN33353_c0_g1_i3.p1,0.0195740484152946
TRINITY_DN3362_c0_g1_i1.p1,0.00612799662446287
TRINITY_DN3588_c0_g1_i2.p1,-0.0212746661962789
TRINITY_DN41976_c0_g2_i2.p1,0.0205542987983232
TRINITY_DN4393_c0_g1_i6.p1,-0.0114196784701944
TRINITY_DN469_c1_g1_i1.p1,-0.00933546448875103
TRINITY_DN4876_c0_g1_i1.p1,-0.0086029073301572
TRINITY_DN5058_c0_g2_i6.p1,-0.02691279673565
TRINITY_DN54289_c0_g1_i1.p1,-0.0206567457033688
TRINITY_DN5755_c0_g1_i1.p1,0.0117219250063555
TRINITY_DN6560_c0_g1_i1.p1,0.00847367253572978
TRINITY_DN7568_c0_g1_i24.p1,-0.0129335708695998
TRINITY_DN7638_c0_g1_i3.p1,-0.0163142442879301
TRINITY_DN8445_c0_g1_i1.p1,0.0102637000277569
TRINITY_DN8466_c0_g2_i1.p1,-0.0354756027221954
TRINITY_DN8670_c0_g1_i7.p1,0.0242600661440206
TRINITY_DN922_c0_g1_i3.p1,0.0359055137541291
TRINITY_DN9322_c0_g1_i1.p1,0.0156383373893979
TRINITY_DN9517_c0_g1_i14.p1,0.0354987128983478
TRINITY_DN99014_c0_g1_i2.p1,-0.0141075921151753
TRINITY_DN12945_c1_g2_i2.p1,0.0312739154055001
TRINITY_DN23217_c1_g1_i1.p1,-0.0129475666183898
TRINITY_DN3285_c1_g1_i2.p1,-0.0420513253439811
TRINITY_DN4977_c0_g1_i1.p1,-0.00554931833620574
TRINITY_DN30456_c0_g1_i1.p1,-0.00784819026133328
TRINITY_DN10661_c0_g1_i17.p1,-0.0255158371026448
TRINITY_DN11000_c1_g1_i2.p1,0.015737808704711
TRINITY_DN15423_c0_g1_i3.p1,0.0117997787909182
TRINITY_DN165476_c1_g1_i1.p1,0.00966848245603453
TRINITY_DN1793_c0_g1_i5.p1,-0.0311657546000515
TRINITY_DN2339_c0_g1_i7.p1,0.0283947942423293
TRINITY_DN30486_c0_g1_i2.p1,0.0330439908859712
TRINITY_DN50530_c1_g1_i1.p1,0.0219003276999794
TRINITY_DN5479_c0_g1_i3.p1,-0.0312561635905149
TRINITY_DN5550_c0_g1_i1.p1,-0.00797085716370053
TRINITY_DN5976_c0_g1_i2.p1,-0.00964948052524144
TRINITY_DN74158_c0_g1_i1.p1,0.0308332882296661
TRINITY_DN1097_c0_g4_i1.p1,-0.0125377682494581
TRINITY_DN144883_c0_g1_i1.p1,0.0110328965093978
TRINITY_DN3449_c0_g1_i2.p1,0.0280535226744933
TRINITY_DN3948_c0_g1_i2.p1,-0.0188840185927224
TRINITY_DN10358_c1_g2_i12.p1,0.199789948177957
TRINITY_DN14611_c0_g1_i1.p1,-0.0295986313014816
TRINITY_DN16546_c0_g3_i2.p1,0.0205797767723393
TRINITY_DN16657_c2_g1_i2.p1,0.00910220712946682
TRINITY_DN19054_c0_g1_i4.p1,0.0448493418791877
TRINITY_DN19996_c1_g1_i1.p1,-0.00619298118465142
TRINITY_DN20922_c1_g2_i2.p1,0.0245984663657761
TRINITY_DN2403_c0_g1_i1.p1,0.0163336988121058
TRINITY_DN24706_c0_g1_i1.p1,0.0202984078385785
TRINITY_DN3214_c0_g1_i1.p1,-0.0579021640302362
TRINITY_DN36714_c0_g1_i4.p1,0.0307976798232176
TRINITY_DN46698_c0_g1_i2.p1,0.0225131902042103
TRINITY_DN528_c1_g1_i2.p1,0.0328650927016871
TRINITY_DN62726_c0_g1_i1.p1,0.0185348346899595
TRINITY_DN6551_c0_g1_i5.p1,-0.0176550144294644
TRINITY_DN6698_c6_g1_i1.p1,0.0045634401190146
TRINITY_DN8033_c0_g1_i3.p1,0.0180924660044117
TRINITY_DN1238_c11_g1_i5.p1,-0.0178401773444606
TRINITY_DN15073_c0_g1_i1.p1,0.00816717132982335
TRINITY_DN180907_c0_g1_i3.p1,-0.0378282405012498
TRINITY_DN24237_c0_g3_i1.p1,-0.018884008112045
TRINITY_DN2707_c0_g1_i6.p1,-0.0338218672800941
TRINITY_DN2721_c2_g1_i6.p1,-0.0196214161542383
TRINITY_DN274_c1_g1_i8.p1,0.0240401983235523
TRINITY_DN32005_c0_g1_i3.p1,0.0209803481383398
TRINITY_DN382_c1_g1_i37.p1,0.0386219875163431
TRINITY_DN3980_c0_g1_i1.p1,0.0198257489853907
TRINITY_DN48383_c0_g1_i29.p1,-0.0344361199542615
TRINITY_DN583_c3_g1_i1.p1,-0.0102569699158245
TRINITY_DN77615_c0_g1_i1.p1,-0.0220772256658199
TRINITY_DN852_c0_g1_i1.p1,0.0170871373093573
TRINITY_DN46518_c0_g1_i4.p1,-0.0264369947544001
TRINITY_DN7159_c1_g1_i5.p1,-0.0197638503661042
TRINITY_DN43464_c0_g1_i5.p1,-0.00897632645307401
TRINITY_DN113487_c0_g1_i1.p1,0.0123042580890353
TRINITY_DN12014_c0_g1_i4.p1,0.020596111302124
TRINITY_DN12426_c0_g1_i26.p1,0.0152491838410713
TRINITY_DN12426_c0_g1_i39.p1,0.0227782806733025
TRINITY_DN131403_c0_g1_i1.p1,0.00909745985733567
TRINITY_DN139_c0_g1_i3.p1,-0.0214622455629957
TRINITY_DN1452_c0_g3_i1.p1,0.0159460158329055
TRINITY_DN14916_c0_g1_i3.p1,-0.0195112194182465
TRINITY_DN1561_c1_g2_i1.p1,-0.0688879318047627
TRINITY_DN15789_c5_g1_i1.p1,-0.0320389259265294
TRINITY_DN16287_c0_g1_i2.p1,0.00683714434118658
TRINITY_DN1776_c3_g1_i1.p1,-0.0193933993477904
TRINITY_DN1793_c0_g1_i14.p1,0.0194028320344836
TRINITY_DN18677_c0_g1_i2.p1,0.0162867191137504
TRINITY_DN18727_c0_g1_i1.p1,0.00661223278498522
TRINITY_DN1953_c0_g1_i5.p1,-0.0113503097964641
TRINITY_DN21516_c0_g1_i22.p1,0.0292319561560102
TRINITY_DN23934_c4_g1_i1.p1,-0.0252608493333005
TRINITY_DN24696_c0_g1_i2.p1,0.024522780040348
TRINITY_DN25082_c0_g1_i1.p1,-0.0973208799307865
TRINITY_DN25531_c0_g1_i5.p1,-0.0197776295291569
TRINITY_DN27084_c0_g1_i1.p1,-0.0099057293256594
TRINITY_DN2801_c0_g1_i59.p1,-0.0312605563428702
TRINITY_DN2836_c8_g1_i1.p1,-0.0198295741676377
TRINITY_DN30229_c0_g1_i1.p1,-0.0157896675668259
TRINITY_DN33605_c0_g1_i1.p1,0.00582162722477802
TRINITY_DN33797_c0_g1_i4.p1,0.0271631207605389
TRINITY_DN34468_c0_g1_i1.p1,-0.0150531343291762
TRINITY_DN34542_c0_g1_i4.p1,-0.0181865204879073
TRINITY_DN3469_c0_g1_i2.p1,-0.0254278891781408
TRINITY_DN355_c1_g1_i1.p1,0.0065612409025871
TRINITY_DN36513_c0_g1_i20.p1,-0.0263740325557871
TRINITY_DN384_c0_g1_i2.p1,-0.0241733441480342
TRINITY_DN3980_c2_g1_i1.p1,-0.010943935691637
TRINITY_DN4220_c0_g1_i1.p1,-0.0109211979174207
TRINITY_DN43542_c0_g2_i1.p1,0.0313270288834355
TRINITY_DN4670_c0_g1_i4.p1,0.0295582943420416
TRINITY_DN6337_c0_g1_i14.p1,-0.0192524499081807
TRINITY_DN6638_c0_g2_i2.p1,-0.0319557948012354
TRINITY_DN7302_c0_g1_i3.p1,-0.0220516174805537
TRINITY_DN7431_c0_g1_i1.p1,-0.0167510335760251
TRINITY_DN7658_c0_g1_i2.p1,-0.0107593480231493
TRINITY_DN819_c3_g1_i1.p1,-0.00803527925803304
TRINITY_DN92_c2_g1_i2.p1,0.00739143238341083
TRINITY_DN1879_c0_g1_i1.p1,-0.0114566738548846
TRINITY_DN5390_c0_g1_i26.p1,0.0257042792389582
TRINITY_DN5997_c0_g1_i2.p1,0.0198293452514888
TRINITY_DN8177_c1_g1_i1.p1,0.0142654141991977
TRINITY_DN24558_c0_g2_i4.p1,0.013918826051113
TRINITY_DN11570_c0_g1_i2.p1,-0.0112319172976349
TRINITY_DN22113_c0_g1_i2.p1,0.0159646681993898
TRINITY_DN62498_c0_g1_i2.p1,0.0367405295949726
TRINITY_DN471_c1_g1_i1.p1,-0.0159645514644814
TRINITY_DN1412_c1_g1_i1.p1,-0.0111769239283155
TRINITY_DN1293_c6_g1_i1.p1,0.00838536803875287
TRINITY_DN13968_c2_g1_i1.p1,-0.00672960432679283
TRINITY_DN1453_c0_g1_i5.p1,-0.0121408290784974
TRINITY_DN26052_c1_g1_i3.p1,-0.0175499785771353
TRINITY_DN2923_c1_g1_i6.p1,0.0271187004971374
TRINITY_DN402_c70_g1_i1.p1,-0.00663385727998946
TRINITY_DN1452_c0_g2_i7.p1,0.00834458263649815
TRINITY_DN1085_c5_g1_i1.p1,-0.0106678030901259
TRINITY_DN1251_c2_g2_i1.p1,0.0073523974069121
TRINITY_DN13506_c1_g1_i1.p1,0.0104492413226359
TRINITY_DN13758_c0_g1_i6.p1,-0.0186305182378823
TRINITY_DN14859_c0_g1_i1.p1,-0.0124320775643796
TRINITY_DN1698_c0_g1_i1.p1,-0.0240554531933928
TRINITY_DN170_c0_g3_i1.p1,0.00671455568113806
TRINITY_DN177756_c0_g1_i1.p1,0.00992428431716448
TRINITY_DN177897_c0_g1_i1.p1,-0.00746122172942372
TRINITY_DN19213_c0_g1_i3.p1,-0.0261804891762661
TRINITY_DN20147_c0_g1_i1.p1,0.0229159430902011
TRINITY_DN2340_c1_g1_i2.p1,-0.0132789126095339
TRINITY_DN2413_c0_g1_i3.p1,0.0075154414054783
TRINITY_DN28196_c0_g1_i1.p1,-0.0244400084121654
TRINITY_DN2824_c0_g2_i4.p1,-0.0261547107262099
TRINITY_DN3248_c0_g1_i1.p1,0.00994785467663826
TRINITY_DN344_c0_g1_i7.p1,0.0294824863238893
TRINITY_DN4011_c0_g1_i1.p1,-0.00757950568296732
TRINITY_DN47_c1_g1_i1.p1,-0.0179850385685289
TRINITY_DN501_c2_g1_i1.p1,0.00948881675794851
TRINITY_DN590_c0_g1_i17.p1,-0.0136714227002762
TRINITY_DN608_c5_g1_i1.p1,0.0113588253005407
TRINITY_DN6432_c1_g1_i1.p1,0.00700486530668556
TRINITY_DN6880_c0_g1_i1.p1,-0.0116052664588008
TRINITY_DN7499_c0_g1_i1.p1,0.00877773657566689
TRINITY_DN903_c0_g1_i10.p1,0.0175079151439219
TRINITY_DN979_c0_g1_i8.p1,-0.0161114470459724
TRINITY_DN127_c0_g1_i10.p1,0.0153742076567551
TRINITY_DN14350_c0_g1_i1.p1,-0.0372804838789212
TRINITY_DN34953_c1_g1_i1.p1,-0.00812882295839846
TRINITY_DN1085_c3_g2_i1.p1,-0.00893187949694892
TRINITY_DN114578_c0_g1_i1.p1,0.00912451932891409
TRINITY_DN1186_c0_g2_i1.p1,0.011029686652866
TRINITY_DN128507_c0_g1_i1.p1,0.0221359038848774
TRINITY_DN131835_c0_g1_i1.p1,-0.0235676474687286
TRINITY_DN13861_c0_g1_i2.p1,-0.023013188118301
TRINITY_DN16289_c0_g1_i1.p1,-0.016001672987668
TRINITY_DN1792_c0_g1_i6.p1,-0.017222977839371
TRINITY_DN18002_c0_g1_i1.p1,0.0108274551341615
TRINITY_DN1813_c0_g1_i1.p1,-0.014468778154039
TRINITY_DN20264_c0_g1_i13.p1,-0.00660060637336789
TRINITY_DN22049_c0_g1_i1.p1,0.0144052184808794
TRINITY_DN2221_c2_g1_i2.p1,-0.00864836369946705
TRINITY_DN22997_c3_g1_i1.p1,-0.0204744637173884
TRINITY_DN25998_c0_g1_i1.p1,-0.00794920454251144
TRINITY_DN2638_c0_g1_i4.p1,0.0148646204655727
TRINITY_DN26616_c0_g1_i1.p1,-0.0111692016081285
TRINITY_DN2684_c0_g1_i7.p1,-0.0147162533074034
TRINITY_DN2700_c1_g1_i1.p1,0.0116665957634362
TRINITY_DN3749_c3_g1_i2.p1,0.0193739324547535
TRINITY_DN41465_c0_g1_i1.p1,-0.00789459991608619
TRINITY_DN5116_c0_g1_i14.p1,-0.0223936154025962
TRINITY_DN5973_c0_g1_i3.p1,-0.011533749952443
TRINITY_DN6383_c0_g1_i17.p1,-0.0119933158029581
TRINITY_DN6559_c0_g1_i26.p1,0.0201437328825147
TRINITY_DN6579_c4_g1_i2.p1,0.0103705598300066
TRINITY_DN6974_c1_g1_i1.p1,-0.0174897607825365
TRINITY_DN7134_c0_g1_i3.p1,0.00799986606644007
TRINITY_DN71_c0_g1_i2.p1,-0.0228070209981039
TRINITY_DN735_c4_g2_i2.p1,-0.0134403478605017
TRINITY_DN8123_c1_g1_i1.p1,-0.0119025036174755
TRINITY_DN8374_c0_g1_i2.p1,-0.0083579396082594
TRINITY_DN9102_c0_g1_i1.p1,-0.00527917388419318
TRINITY_DN58434_c1_g1_i3.p1,0.012534803242038
TRINITY_DN6681_c0_g1_i14.p1,0.00954656202013377
TRINITY_DN7524_c0_g1_i1.p1,0.0234076394465132
TRINITY_DN81848_c0_g2_i2.p1,-0.00772027828538931
TRINITY_DN14015_c0_g1_i1.p1,0.00748638006822752
TRINITY_DN187_c3_g1_i2.p1,0.00638721416414374
TRINITY_DN29532_c0_g1_i2.p1,0.00853797043549198
TRINITY_DN3755_c2_g2_i1.p1,0.00726416294172061
TRINITY_DN4750_c0_g1_i1.p1,0.0112234487876316
TRINITY_DN811_c0_g1_i2.p1,0.0154571014149071
TRINITY_DN13369_c0_g1_i1.p1,0.00702521977335176
TRINITY_DN17635_c0_g1_i1.p1,0.0196071906723821
TRINITY_DN1149_c0_g1_i35.p1,-0.0166973169024416
TRINITY_DN4009_c0_g2_i7.p1,0.0243946306306255
TRINITY_DN849_c0_g1_i4.p1,-0.015378357069062
TRINITY_DN3694_c0_g2_i1.p1,0.00575013359116142
TRINITY_DN44070_c0_g1_i3.p1,0.0115989455701176
TRINITY_DN46726_c0_g1_i2.p1,0.0121450971528982
TRINITY_DN12437_c0_g1_i2.p1,0.00835121906383372
TRINITY_DN753_c0_g1_i6.p1,0.0101673051725589
TRINITY_DN9186_c0_g1_i4.p1,-0.0107921808544066
TRINITY_DN3357_c0_g1_i1.p1,-0.00561951825921388
TRINITY_DN10664_c0_g1_i1.p1,0.0201537879630807
TRINITY_DN13462_c2_g1_i1.p1,0.00864454794110571
TRINITY_DN1965_c0_g1_i1.p2,-0.014895679206777
TRINITY_DN7397_c0_g1_i3.p1,0.0146999952410911
TRINITY_DN9199_c0_g1_i3.p1,0.0222322531527235
TRINITY_DN9550_c0_g1_i4.p1,0.00862391906109801
TRINITY_DN168_c0_g1_i6.p1,-0.0267980193282462
TRINITY_DN13371_c0_g1_i2.p1,0.00655391526448069
TRINITY_DN11501_c0_g1_i1.p1,-0.00679733078422597
TRINITY_DN11581_c4_g1_i1.p1,0.0178122775945108
TRINITY_DN7720_c1_g1_i2.p1,-0.00858684532718187
TRINITY_DN15447_c0_g1_i3.p1,0.0254130147816061
TRINITY_DN2317_c1_g1_i1.p1,-0.00674246700172068
TRINITY_DN25577_c0_g1_i1.p1,0.0192878799216978
TRINITY_DN3283_c0_g1_i1.p1,0.0104795432085138
TRINITY_DN10234_c0_g1_i1.p1,0.00677489092844799
TRINITY_DN22449_c0_g1_i1.p1,0.00899210331402206
TRINITY_DN36765_c0_g1_i2.p1,0.00939863630728136
TRINITY_DN5116_c0_g1_i9.p1,-0.0115015158745759
TRINITY_DN53827_c0_g2_i1.p1,0.00703015931522527
TRINITY_DN77942_c0_g1_i5.p1,0.0140263385749714
TRINITY_DN26672_c0_g4_i1.p1,-0.00623248730422722
TRINITY_DN949_c4_g1_i1.p1,0.00713977519026913
TRINITY_DN19525_c0_g1_i3.p1,0.0211967611675662
TRINITY_DN5090_c0_g1_i10.p1,-0.0144085612323933
TRINITY_DN2142_c7_g1_i1.p1,0.00367706442914391
TRINITY_DN8536_c0_g1_i1.p1,0.00791548691505947
TRINITY_DN10075_c0_g1_i2.p1,0.0207415525153782
TRINITY_DN1542_c0_g1_i15.p1,-0.00586457457951358
TRINITY_DN16809_c1_g1_i2.p1,0.014740385231774
TRINITY_DN18859_c0_g1_i1.p1,-0.00633157991491176
TRINITY_DN18_c7_g1_i1.p1,0.010391527923864
TRINITY_DN2105_c0_g3_i1.p1,-0.00741271604700154
TRINITY_DN36354_c0_g1_i2.p1,0.0191873215369373
TRINITY_DN38239_c0_g1_i1.p1,-0.00786686740806225
TRINITY_DN77_c0_g1_i91.p1,-0.0123103623969871
TRINITY_DN794_c0_g1_i3.p1,0.0178130400446797
TRINITY_DN12793_c0_g1_i3.p1,0.00996230650659706
TRINITY_DN14638_c0_g2_i3.p1,-0.0166746733650048
TRINITY_DN2630_c0_g1_i1.p1,0.0107453936000982
TRINITY_DN34554_c0_g1_i3.p1,0.0153139554917352
TRINITY_DN9163_c0_g2_i2.p1,0.00699867004238313
TRINITY_DN12826_c0_g1_i1.p1,0.0057010758655189
TRINITY_DN1378_c0_g1_i13.p1,0.0104954337121131
TRINITY_DN17397_c0_g1_i1.p1,-0.0149228054006582
TRINITY_DN2772_c0_g1_i16.p1,-0.0195780349626852
TRINITY_DN412_c0_g1_i29.p1,-0.0162899981985128
TRINITY_DN7924_c0_g1_i1.p1,0.0117435383664445
TRINITY_DN8271_c0_g1_i10.p1,0.00992770158188469
TRINITY_DN12557_c0_g1_i4.p1,-0.0119408688196364
TRINITY_DN4691_c0_g1_i12.p1,0.00835272491653161
TRINITY_DN90699_c0_g1_i1.p1,0.0167201500423752
TRINITY_DN1430_c0_g1_i9.p1,-0.0131181227542305
TRINITY_DN17153_c0_g1_i4.p1,0.00644583686258578
TRINITY_DN29140_c1_g1_i3.p1,-0.00765447618003824
TRINITY_DN333_c0_g1_i4.p1,-0.0154756097168383
TRINITY_DN51799_c3_g1_i2.p1,0.00763486388790637
TRINITY_DN84150_c0_g1_i3.p1,-0.0101925522829003
TRINITY_DN88_c0_g2_i2.p1,0.00792533167972345
TRINITY_DN1828_c1_g1_i3.p1,0.0158820524299309
TRINITY_DN3200_c0_g1_i7.p1,-0.0163004066534057
TRINITY_DN16218_c0_g2_i2.p1,-0.0177926063873683
TRINITY_DN14166_c0_g1_i1.p1,-0.0102436787950539
TRINITY_DN1800_c3_g1_i1.p1,0.00430111429647935
TRINITY_DN691_c0_g1_i14.p1,0.0135774410618168
TRINITY_DN913_c0_g1_i13.p1,0.0147097122491308
TRINITY_DN163_c0_g1_i2.p1,0.0266643973645627
TRINITY_DN12012_c0_g1_i13.p1,-0.00757777313165803
TRINITY_DN26788_c0_g1_i1.p1,0.00757100617243792
TRINITY_DN38115_c0_g1_i2.p1,-0.00312336904934407
TRINITY_DN25607_c0_g1_i4.p1,0.0120373513494534
TRINITY_DN7259_c0_g2_i1.p1,-0.0129498714628261
TRINITY_DN161272_c0_g1_i1.p1,-0.0126786859665846
TRINITY_DN16418_c0_g1_i1.p1,-0.0154227433522348
TRINITY_DN16589_c0_g1_i1.p1,0.0136325320460199
TRINITY_DN1659_c2_g1_i1.p1,-0.00861262382782645
TRINITY_DN2391_c0_g1_i11.p1,0.00471688318763623
TRINITY_DN11609_c1_g1_i1.p1,-0.00515138607003244
TRINITY_DN128593_c0_g1_i1.p1,0.0084992421353336
TRINITY_DN25772_c0_g1_i4.p1,-0.00411362893557798
TRINITY_DN26739_c2_g2_i4.p1,-0.0150388782672497
TRINITY_DN7305_c0_g1_i5.p1,-0.0102121276694521
TRINITY_DN1142_c1_g1_i11.p1,-0.0106408861611551
TRINITY_DN14043_c0_g4_i1.p1,0.00718879254393664
TRINITY_DN19135_c1_g2_i1.p2,-0.013802059005428
TRINITY_DN7836_c0_g1_i1.p1,-0.00341730687156155
TRINITY_DN100395_c0_g1_i1.p1,-0.00377927335488516
TRINITY_DN1323_c15_g1_i1.p1,-0.00871665367894776
TRINITY_DN2460_c0_g1_i5.p1,-0.0112449719981641
TRINITY_DN3474_c0_g1_i7.p2,-0.0113270527957604
TRINITY_DN4281_c1_g2_i9.p1,-0.0088140352215458
TRINITY_DN5270_c0_g1_i1.p1,0.0102848219718926
TRINITY_DN58454_c0_g2_i7.p1,0.00978307566544855
TRINITY_DN42951_c0_g1_i1.p1,0.0042794493570549
TRINITY_DN4536_c0_g1_i6.p1,-0.0108870028833894
TRINITY_DN5004_c0_g1_i3.p1,-0.00414805009720657
TRINITY_DN4222_c0_g1_i2.p1,0.00644908337036116
TRINITY_DN4723_c0_g1_i2.p1,0.005480742341434
TRINITY_DN6337_c0_g1_i13.p1,-0.00894474690294993
TRINITY_DN1368_c0_g3_i1.p1,0.0116961237502858
TRINITY_DN15060_c1_g1_i1.p1,0.0113762636282265
TRINITY_DN3230_c2_g1_i3.p1,-0.00529615925194316
TRINITY_DN39369_c0_g1_i2.p1,0.007305834672943
TRINITY_DN6855_c2_g1_i4.p1,0.0134744612279478
TRINITY_DN7436_c2_g1_i1.p3,-0.0102771849545696
TRINITY_DN8921_c0_g1_i1.p1,0.00710535853117316
TRINITY_DN913_c0_g1_i11.p1,-0.00861017471487665
TRINITY_DN11753_c0_g1_i1.p1,-0.00760942700479429
TRINITY_DN12726_c0_g1_i1.p1,0.00587488564584793
TRINITY_DN1309_c0_g1_i1.p1,0.00464621186228362
TRINITY_DN14329_c0_g1_i4.p1,-0.00628138296048834
TRINITY_DN15169_c0_g1_i4.p1,-0.00844258037160424
TRINITY_DN1560_c0_g1_i6.p1,-0.00641108205232136
TRINITY_DN17398_c0_g1_i8.p1,0.0105481635934573
TRINITY_DN178254_c0_g1_i1.p1,0.00424443775909289
TRINITY_DN17883_c0_g1_i19.p1,-0.00732364998665851
TRINITY_DN180104_c0_g1_i2.p1,-0.0151847987292529
TRINITY_DN2116_c0_g1_i1.p1,0.0124869509302698
TRINITY_DN2186_c1_g1_i1.p1,-0.00258844746991855
TRINITY_DN22521_c0_g1_i1.p1,0.00501786313231649
TRINITY_DN2461_c0_g1_i1.p1,-0.0031522851380809
TRINITY_DN2507_c0_g1_i1.p1,-0.0104309625169134
TRINITY_DN2679_c2_g1_i10.p1,-0.0031738387140041
TRINITY_DN31264_c0_g1_i1.p1,0.00384452316653834
TRINITY_DN33469_c0_g1_i1.p1,-0.00412004308434624
TRINITY_DN34414_c0_g1_i4.p1,-0.00719505324114203
TRINITY_DN3626_c2_g1_i1.p1,0.0094337713103604
TRINITY_DN36820_c0_g1_i11.p1,0.011113240935547
TRINITY_DN3771_c0_g1_i1.p1,0.00868694856622777
TRINITY_DN3873_c0_g1_i2.p1,0.00898157791195439
TRINITY_DN41130_c0_g1_i4.p1,0.0087122274551374
TRINITY_DN4698_c0_g1_i14.p1,0.0144189546280324
TRINITY_DN496_c0_g1_i17.p1,-0.0079404117662511
TRINITY_DN5042_c0_g2_i1.p1,0.00819117451749801
TRINITY_DN511_c0_g1_i61.p1,-0.00913771877395549
TRINITY_DN517_c2_g1_i5.p1,-0.00659419274806231
TRINITY_DN54803_c0_g1_i10.p1,-0.00885760646529087
TRINITY_DN5940_c0_g1_i9.p1,0.00891048532523593
TRINITY_DN6874_c1_g1_i11.p1,0.00978287350600066
TRINITY_DN6960_c7_g1_i1.p1,0.001865169592556
TRINITY_DN1312_c0_g1_i39.p1,0.00864734673178767
TRINITY_DN13872_c0_g1_i2.p1,-0.00425106376949769
TRINITY_DN147040_c0_g1_i1.p1,-0.002428082424217
TRINITY_DN15185_c0_g1_i1.p1,0.00321070685817842
TRINITY_DN21754_c0_g1_i12.p1,-0.0078918900167565
TRINITY_DN33647_c0_g1_i2.p1,0.00534199122432893
TRINITY_DN37773_c0_g1_i5.p1,-0.0124077826919349
TRINITY_DN7517_c0_g1_i3.p1,0.00718578769087712
TRINITY_DN2403_c1_g1_i2.p1,0.00396890332303022
TRINITY_DN15985_c0_g1_i2.p1,0.00492932820777449
TRINITY_DN12409_c0_g1_i2.p1,-0.00450299456314799
TRINITY_DN12893_c0_g1_i1.p1,-0.00268241432899035
TRINITY_DN14382_c0_g1_i6.p1,-0.00512899054976295
TRINITY_DN22400_c1_g1_i1.p1,0.00894813881717568
TRINITY_DN2721_c5_g1_i4.p1,0.00456532713296332
TRINITY_DN288_c5_g1_i1.p1,-0.00309529332766948
TRINITY_DN35862_c0_g1_i2.p1,0.00603523884065098
TRINITY_DN423_c0_g1_i1.p1,0.00592739522308096
TRINITY_DN4295_c0_g1_i3.p1,-0.00308936342544798
TRINITY_DN475_c0_g1_i7.p1,-0.00696340624153136
TRINITY_DN1724_c3_g1_i1.p1,0.00284934160656856
TRINITY_DN20985_c0_g1_i11.p1,0.00751590529771484
TRINITY_DN3822_c0_g1_i1.p1,0.00203514366012847
TRINITY_DN15669_c0_g1_i1.p1,0.00373126170028702
TRINITY_DN2426_c0_g1_i3.p1,-0.00824913249572913
TRINITY_DN209_c8_g1_i1.p1,-0.00584419695456712
TRINITY_DN5530_c0_g2_i1.p1,0.00463645398231979
TRINITY_DN66463_c0_g1_i9.p1,-0.00654691524877121
TRINITY_DN3854_c0_g1_i2.p1,-0.00215070701819561
TRINITY_DN4196_c0_g1_i2.p1,0.00782658410947036
TRINITY_DN2283_c0_g1_i5.p2,-0.00500033847080411
TRINITY_DN1750_c0_g1_i12.p1,0.00518629905244696
TRINITY_DN90529_c0_g2_i2.p1,0.00721332291569281
TRINITY_DN258_c0_g3_i3.p1,-0.00265943628864952
TRINITY_DN31010_c0_g2_i2.p1,-0.00254651115794303
TRINITY_DN4352_c0_g1_i1.p1,-0.00246635162525074
TRINITY_DN73960_c0_g1_i3.p1,0.00699932465357771
TRINITY_DN7722_c0_g2_i4.p1,0.00484797491219532
TRINITY_DN858_c0_g1_i5.p1,0.00633981218184414
TRINITY_DN36513_c0_g1_i21.p1,0.00419144772107278
TRINITY_DN1489_c1_g1_i24.p2,-0.00587693915651073
TRINITY_DN34112_c0_g1_i1.p1,-0.00561459560610926
TRINITY_DN19268_c0_g2_i4.p1,-0.00622343078344616
TRINITY_DN21438_c1_g1_i2.p1,-0.00701758334530357
TRINITY_DN1382_c28_g1_i1.p1,0.00193122550954235
TRINITY_DN16659_c2_g1_i5.p1,0.00567993020500442
TRINITY_DN16862_c2_g2_i5.p1,-0.00679503036516228
TRINITY_DN3433_c0_g1_i7.p1,-0.00192595594573627
TRINITY_DN5925_c0_g1_i1.p1,-0.00213038197059966
TRINITY_DN8330_c0_g1_i1.p1,-0.00398184122960133
TRINITY_DN2499_c0_g1_i8.p1,-0.00204949324253604
TRINITY_DN1069_c0_g1_i12.p1,0.00677909469957341
TRINITY_DN1523_c20_g1_i2.p1,0.00387821837906232
TRINITY_DN1926_c0_g5_i1.p1,-0.0020933338947011
TRINITY_DN1961_c1_g1_i1.p1,-0.000897561599460034
TRINITY_DN2384_c0_g1_i2.p1,-0.0034122871337319
TRINITY_DN24965_c0_g1_i2.p1,0.00506653564660072
TRINITY_DN271_c0_g2_i1.p1,-0.00697416116768061
TRINITY_DN3049_c0_g1_i1.p1,-0.00427418196811606
TRINITY_DN5537_c1_g1_i2.p1,0.00282160083263711
TRINITY_DN96127_c0_g1_i1.p1,0.00165175823173437
TRINITY_DN28348_c0_g2_i4.p1,0.00439182710055225
TRINITY_DN17314_c3_g1_i3.p1,0.00327662989423405
TRINITY_DN32296_c0_g1_i2.p1,0.00221308925545272
TRINITY_DN48_c21_g1_i1.p1,0.00123121163184038
TRINITY_DN5098_c8_g1_i1.p1,0.00432416008731731
TRINITY_DN5333_c0_g1_i2.p1,0.00156061564123659
TRINITY_DN63189_c0_g1_i1.p1,-0.00605630343417408
TRINITY_DN91577_c0_g2_i2.p1,0.00345625613663615
TRINITY_DN199_c0_g1_i2.p1,-0.00270481471453944
TRINITY_DN2619_c0_g1_i9.p1,0.00113950426868577
TRINITY_DN2628_c1_g1_i11.p1,-0.0014209729655333
TRINITY_DN471_c0_g3_i2.p1,-0.00332952172189275
TRINITY_DN358_c0_g1_i78.p1,0.0113699920666993
TRINITY_DN5968_c0_g1_i12.p1,-0.000977335925317195
TRINITY_DN6948_c0_g1_i8.p1,0.00253567369134959
TRINITY_DN10265_c0_g1_i1.p1,0.00091355737515585
TRINITY_DN18909_c1_g1_i1.p1,0.000704874617101216
TRINITY_DN26768_c0_g1_i17.p1,-0.0032389251868376
TRINITY_DN6651_c0_g1_i18.p1,-0.00165476209585102
TRINITY_DN4003_c0_g1_i2.p1,-0.0011137668983458
TRINITY_DN133027_c0_g1_i1.p1,-0.00247896883392219
TRINITY_DN9612_c0_g1_i4.p1,0.0033319656345351
TRINITY_DN9864_c0_g1_i6.p1,0.00322311411930213
TRINITY_DN17959_c0_g1_i3.p1,-0.00131686077818098
TRINITY_DN507_c0_g1_i5.p1,0.00280155134811787
TRINITY_DN2020_c0_g1_i5.p1,-0.00229253429391683
TRINITY_DN181010_c0_g1_i1.p1,-0.00420638248946224
TRINITY_DN1875_c0_g1_i14.p1,-0.000946204887981998
TRINITY_DN7568_c0_g1_i4.p1,-0.00191980296041237
TRINITY_DN130198_c0_g1_i1.p1,-0.000671820624636782
TRINITY_DN130636_c0_g1_i1.p1,-0.00079814412071635
TRINITY_DN3074_c2_g1_i1.p1,-0.00144539539716764
TRINITY_DN4651_c0_g1_i1.p1,-0.000290580568893197
TRINITY_DN6222_c0_g1_i1.p1,-0.000988790527480339
TRINITY_DN20316_c0_g1_i1.p1,0.00122510334973919
TRINITY_DN16791_c0_g1_i5.p1,-0.00108155942931202
TRINITY_DN776_c3_g2_i1.p1,-0.00118324836274768
TRINITY_DN9764_c2_g2_i1.p1,0.000706594020514514
TRINITY_DN146134_c0_g1_i1.p1,-0.000370825995616119
TRINITY_DN1027_c1_g1_i11.p1,0.00042371484485075
TRINITY_DN2552_c0_g1_i22.p1,-0.00082187302851814
TRINITY_DN33055_c0_g1_i5.p1,-0.000567481373705372
TRINITY_DN4199_c7_g1_i1.p1,0.000241595708920553
TRINITY_DN12083_c0_g2_i2.p1,0.000323359819944516
TRINITY_DN1931_c0_g1_i1.p1,0.000437508936920645
TRINITY_DN23477_c0_g1_i1.p1,-0.000311598198420988
TRINITY_DN7104_c0_g1_i3.p1,-0.000355121926384428
TRINITY_DN5901_c0_g1_i2.p1,-0.000125778801452984
TRINITY_DN2742_c6_g2_i1.p1,-0.000124098290334947
TRINITY_DN5931_c5_g1_i2.p1,1.63097795286999e-05
TRINITY_DN10012_c0_g1_i1.p1,-0.841403816845517
TRINITY_DN10012_c0_g1_i6.p1,-2.08670114106063
TRINITY_DN10013_c0_g1_i14.p1,0.658920826606897
TRINITY_DN10013_c0_g1_i6.p1,0.354818468451067
TRINITY_DN10013_c0_g1_i9.p1,-0.624817325128927
TRINITY_DN100180_c0_g1_i1.p1,0.680884500981393
TRINITY_DN10032_c0_g3_i1.p2,-0.741444088023249
TRINITY_DN10033_c1_g1_i3.p1,0.951484444750269
TRINITY_DN100355_c0_g1_i1.p1,0.445563097746122
TRINITY_DN100438_c0_g1_i1.p1,2.69034218422193
TRINITY_DN1004_c0_g1_i4.p1,1.5834569025487
TRINITY_DN10052_c0_g1_i3.p1,0.638427650368006
TRINITY_DN10055_c0_g1_i1.p1,2.26415169014258
TRINITY_DN10063_c0_g1_i5.p2,-0.0361116915300197
TRINITY_DN10063_c0_g1_i9.p1,0.713561406071348
TRINITY_DN10064_c4_g1_i3.p1,-4.2558957151032
TRINITY_DN10065_c0_g1_i2.p1,-1.72387638608732
TRINITY_DN100686_c0_g1_i1.p1,0.0553639124322669
TRINITY_DN10071_c0_g1_i1.p1,-1.93606234067203
TRINITY_DN10071_c0_g1_i3.p1,-0.87701859864328
TRINITY_DN100769_c0_g1_i2.p1,-1.07085499047073
TRINITY_DN10076_c0_g1_i1.p1,-0.545961549427629
TRINITY_DN10076_c0_g1_i5.p2,1.39939132258034
TRINITY_DN1007_c16_g1_i2.p1,-0.362100135044635
TRINITY_DN100827_c0_g1_i1.p1,-0.139043951322108
TRINITY_DN10084_c0_g1_i2.p1,0.00615524477546325
TRINITY_DN10084_c0_g3_i1.p1,0.188765659191989
TRINITY_DN10089_c1_g1_i1.p1,-0.986334215278509
TRINITY_DN10089_c1_g1_i4.p1,0.509361815393649
TRINITY_DN10095_c2_g1_i3.p1,0.456975264421031
TRINITY_DN10095_c2_g1_i4.p1,0.635536270582326
TRINITY_DN10097_c0_g1_i1.p1,0.216598640870657
TRINITY_DN10097_c0_g1_i2.p1,-1.7108652936948
TRINITY_DN100_c1_g1_i8.p1,-0.244611740376823
TRINITY_DN101003_c0_g1_i1.p1,-0.120097512053724
TRINITY_DN101010_c0_g1_i1.p1,-3.12616364495007
TRINITY_DN10103_c0_g1_i15.p1,0.94677533075316
TRINITY_DN101084_c0_g1_i2.p1,-0.120088226471002
TRINITY_DN101084_c0_g1_i3.p1,-0.375570995885927
TRINITY_DN1010_c0_g1_i3.p1,0.994828720374427
TRINITY_DN10113_c0_g1_i2.p1,0.915863252321386
TRINITY_DN10113_c0_g1_i4.p1,-0.819288152034415
TRINITY_DN10117_c0_g1_i2.p1,-1.3055885819491
TRINITY_DN10117_c0_g1_i4.p1,1.40881220693238
TRINITY_DN1011_c0_g1_i5.p1,-2.21002040216774
TRINITY_DN1011_c0_g1_i6.p1,-0.740138080868292
TRINITY_DN1011_c0_g1_i8.p1,-1.30798161713592
TRINITY_DN101282_c0_g1_i1.p1,-1.6328679930974
TRINITY_DN10128_c0_g1_i1.p1,-0.0909650405231622
TRINITY_DN101403_c0_g1_i1.p1,-1.0398957594484
TRINITY_DN10147_c0_g1_i1.p1,-0.0959560760496503
TRINITY_DN10148_c0_g1_i1.p1,0.0963233002244912
TRINITY_DN10148_c0_g1_i5.p1,-0.832133235898708
TRINITY_DN101505_c0_g1_i1.p1,0
TRINITY_DN101584_c0_g1_i1.p1,-2.23128780810631
TRINITY_DN10158_c0_g1_i7.p1,1.49748686476273
TRINITY_DN1015_c6_g1_i4.p2,-1.53982712865871
TRINITY_DN10162_c0_g1_i6.p1,0.201116333708754
TRINITY_DN10162_c0_g1_i8.p1,1.08165466043558
TRINITY_DN1016_c0_g2_i14.p1,-0.120087824337174
TRINITY_DN1016_c0_g2_i17.p1,-0.841414521327459
TRINITY_DN1016_c0_g2_i29.p1,-1.20235023710484
TRINITY_DN10179_c0_g1_i6.p1,-0.187507626039986
TRINITY_DN10183_c0_g1_i1.p1,0.0726701982899605
TRINITY_DN1018_c3_g2_i2.p1,0.216245041001663
TRINITY_DN10193_c0_g1_i4.p1,0.631729171291742
TRINITY_DN10193_c0_g1_i6.p1,2.5243894048856
TRINITY_DN101960_c0_g1_i1.p1,-0.899534219771664
TRINITY_DN10203_c0_g1_i12.p1,-0.895010359101662
TRINITY_DN10203_c0_g1_i4.p1,0.0800449385754972
TRINITY_DN10203_c0_g1_i8.p1,1.29623953527294
TRINITY_DN10204_c0_g1_i2.p1,1.08949216457104
TRINITY_DN10204_c0_g1_i4.p1,0.878286987471386
TRINITY_DN10204_c0_g3_i4.p1,0.479321448426451
TRINITY_DN10208_c0_g1_i6.p1,-0.480745820591345
TRINITY_DN10209_c0_g1_i2.p1,-1.82385631415078
TRINITY_DN10209_c0_g1_i39.p1,-1.48980349842066
TRINITY_DN10213_c0_g1_i1.p1,-0.925423714130206
TRINITY_DN10213_c0_g1_i5.p1,0.846948243023491
TRINITY_DN10213_c0_g1_i7.p1,1.23800205788151
TRINITY_DN102170_c0_g1_i1.p1,-0.213892373939679
TRINITY_DN10217_c0_g3_i10.p1,-0.908457730580173
TRINITY_DN1021_c0_g1_i7.p1,-2.13656018066821
TRINITY_DN102219_c0_g1_i1.p1,0.155781008177968
TRINITY_DN10224_c0_g3_i2.p1,-0.540081000774191
TRINITY_DN10229_c0_g1_i2.p1,0.214887159541293
TRINITY_DN10236_c0_g1_i7.p1,1.53302557129995
TRINITY_DN10244_c0_g1_i1.p1,0.676797813458779
TRINITY_DN10257_c0_g1_i15.p1,-1.01337616506075
TRINITY_DN10257_c0_g1_i16.p1,0.714909613452065
TRINITY_DN10258_c0_g1_i1.p1,0.0456280688343724
TRINITY_DN1025_c1_g1_i1.p1,-2.09414413388737
TRINITY_DN102640_c0_g1_i1.p1,-2.65750113915818
TRINITY_DN102644_c0_g1_i1.p2,1.63178254841137
TRINITY_DN10268_c0_g1_i1.p1,1.40331852024937
TRINITY_DN102696_c0_g1_i1.p1,-0.480748635553247
TRINITY_DN102758_c0_g1_i1.p1,-0.998064720482751
TRINITY_DN10275_c0_g2_i1.p1,0.876845530483644
TRINITY_DN1027_c5_g3_i1.p1,0.306988765025965
TRINITY_DN10287_c0_g1_i2.p1,0.722711344288943
TRINITY_DN10288_c0_g1_i3.p1,1.8131949847257
TRINITY_DN102899_c0_g1_i1.p1,0.699818009987483
TRINITY_DN10295_c0_g2_i5.p1,0.47128976173724
TRINITY_DN102992_c0_g1_i1.p1,-0.12009882508506
TRINITY_DN1029_c1_g2_i2.p1,1.2249162503527
TRINITY_DN1029_c1_g2_i3.p1,-0.480748635553247
TRINITY_DN1030_c5_g1_i3.p1,-0.0328076273138199
TRINITY_DN10313_c1_g2_i1.p1,-0.172269906075553
TRINITY_DN103276_c0_g1_i1.p1,-0.145481671084175
TRINITY_DN103288_c0_g1_i1.p1,0.0300168441129352
TRINITY_DN10335_c1_g1_i2.p1,-0.191134598304352
TRINITY_DN1033_c0_g1_i3.p1,-1.07831705817528
TRINITY_DN1033_c0_g1_i4.p1,0.0167555337136635
TRINITY_DN10348_c0_g1_i10.p1,0.0664597560986024
TRINITY_DN1034_c0_g1_i17.p1,-0.104949888891809
TRINITY_DN1034_c0_g1_i19.p1,0.0790145009050654
TRINITY_DN1034_c0_g1_i27.p1,-0.149528696601639
TRINITY_DN1034_c1_g1_i44.p1,0.438213288360877
TRINITY_DN10353_c0_g3_i3.p1,2.4934220461296
TRINITY_DN10358_c1_g2_i6.p1,0.45697848151676
TRINITY_DN10359_c0_g1_i11.p1,0.297408755713404
TRINITY_DN10359_c0_g1_i6.p1,-0.497689512340009
TRINITY_DN10362_c0_g1_i7.p1,-0.823410795983886
TRINITY_DN10365_c0_g1_i1.p1,1.16323613049331
TRINITY_DN1036_c0_g1_i3.p1,0.1198316192979
TRINITY_DN1036_c0_g1_i5.p1,1.5898642218732
TRINITY_DN10380_c0_g1_i10.p1,2.02557730117522
TRINITY_DN10380_c1_g2_i1.p1,-1.54177950241839
TRINITY_DN10385_c0_g1_i2.p1,0.291439092638189
TRINITY_DN1038_c11_g1_i2.p1,0.113818014504273
TRINITY_DN1038_c23_g1_i1.p2,0.466594138761166
TRINITY_DN104000_c0_g1_i1.p2,1.40243085813344
TRINITY_DN104027_c0_g1_i1.p1,0.0383591006816817
TRINITY_DN10403_c0_g1_i15.p1,0.839940476867513
TRINITY_DN10403_c0_g1_i17.p1,-0.425331184538482
TRINITY_DN10403_c0_g1_i21.p1,0.724992426094526
TRINITY_DN10403_c0_g1_i23.p1,-1.81831353742491
TRINITY_DN10403_c0_g1_i26.p1,-0.480743005629444
TRINITY_DN10403_c0_g1_i29.p1,-1.55305662716461
TRINITY_DN10403_c0_g1_i3.p1,-0.120094633234964
TRINITY_DN10404_c0_g1_i3.p1,-1.20759265501459
TRINITY_DN10410_c1_g1_i4.p1,-0.14109780973036
TRINITY_DN10414_c0_g1_i1.p2,0.121622459587597
TRINITY_DN1041_c2_g1_i1.p1,-1.71724528352043
TRINITY_DN10421_c0_g1_i13.p1,-0.480749921155033
TRINITY_DN10421_c0_g1_i19.p1,1.27260046448873
TRINITY_DN10421_c0_g1_i9.p1,1.78436245869342
TRINITY_DN10422_c0_g1_i2.p1,-0.39390384267101
TRINITY_DN10422_c0_g1_i4.p1,-1.50644616379327
TRINITY_DN10422_c0_g1_i7.p1,-0.506160076621574
TRINITY_DN104343_c0_g1_i1.p1,2.52228539581886
TRINITY_DN10437_c1_g1_i1.p1,-1.11314244099907
TRINITY_DN10437_c1_g1_i2.p1,-0.582236437704409
TRINITY_DN1044_c0_g1_i12.p1,1.00232708850771
TRINITY_DN1044_c0_g1_i2.p1,-0.0425316000359018
TRINITY_DN1044_c0_g1_i5.p1,1.19511867825583
TRINITY_DN1044_c0_g1_i8.p1,-0.035064399444714
TRINITY_DN10456_c2_g1_i1.p1,-0.643221477936231
TRINITY_DN10457_c0_g1_i1.p1,-0.06848033030063
TRINITY_DN104696_c0_g1_i1.p2,-0.120093454260979
TRINITY_DN10470_c0_g1_i1.p1,0.784828111087579
TRINITY_DN104750_c0_g1_i1.p1,0.415725809263045
TRINITY_DN104791_c0_g1_i1.p1,0.284538407140475
TRINITY_DN1047_c0_g1_i4.p1,-0.317880529941897
TRINITY_DN1047_c0_g1_i6.p1,-0.571244818418984
TRINITY_DN1048_c0_g1_i2.p1,0.118658892615515
TRINITY_DN1048_c1_g1_i4.p1,0.155571959712626
TRINITY_DN10495_c2_g1_i1.p1,0.773184913254121
TRINITY_DN104977_c0_g1_i1.p1,-0.120093454260979
TRINITY_DN10502_c0_g1_i15.p1,-0.119934855292476
TRINITY_DN10502_c0_g1_i20.p1,-0.0624885793920101
TRINITY_DN10502_c0_g1_i9.p1,-1.61143254942568
TRINITY_DN10509_c0_g1_i3.p1,1.11192699278036
TRINITY_DN10522_c0_g1_i11.p1,-0.136618420192399
TRINITY_DN10522_c0_g1_i3.p1,0.832915576823119
TRINITY_DN10524_c7_g1_i1.p1,0.292038187937086
TRINITY_DN105252_c0_g1_i1.p1,0.284013060829225
TRINITY_DN10525_c0_g1_i10.p1,-0.31079435957025
TRINITY_DN10525_c0_g1_i8.p1,-0.480751052778221
TRINITY_DN105270_c0_g1_i1.p1,1.23883253114586
TRINITY_DN105336_c0_g1_i1.p1,-1.20230027006415
TRINITY_DN10542_c0_g1_i30.p1,-0.197614313879253
TRINITY_DN10542_c0_g1_i35.p1,-1.77126747885302
TRINITY_DN10542_c0_g1_i37.p1,-0.228651918683123
TRINITY_DN10546_c0_g1_i3.p1,1.43076460444191
TRINITY_DN105500_c0_g1_i1.p1,0.281152743560303
TRINITY_DN10553_c0_g1_i6.p1,-0.187921815263362
TRINITY_DN10553_c0_g1_i7.p1,1.18118212249019
TRINITY_DN10553_c0_g1_i9.p1,0.545817474047493
TRINITY_DN10568_c0_g1_i2.p1,2.36959929321077
TRINITY_DN1056_c0_g1_i2.p1,-0.478361135076284
TRINITY_DN1056_c0_g1_i3.p1,-1.25217521862449
TRINITY_DN1056_c0_g1_i6.p1,0.0868043743233261
TRINITY_DN1056_c0_g1_i7.p1,-0.989272654571524
TRINITY_DN10574_c0_g1_i12.p1,-0.196606864274347
TRINITY_DN10579_c0_g1_i1.p1,-0.841401001883615
TRINITY_DN10579_c0_g1_i2.p1,-0.611087735260973
TRINITY_DN10587_c1_g1_i1.p1,-0.12008279620309
TRINITY_DN10587_c1_g1_i5.p1,-0.841401001883615
TRINITY_DN10590_c0_g1_i7.p1,0.29167108985471
TRINITY_DN10590_c0_g1_i8.p1,-0.0625124672167664
TRINITY_DN10593_c0_g1_i10.p1,1.17039863547028
TRINITY_DN10593_c0_g1_i15.p1,-0.000909804856503634
TRINITY_DN10594_c0_g2_i2.p1,0.716273487176451
TRINITY_DN106033_c0_g1_i1.p1,-1.33174447005479
TRINITY_DN10604_c0_g1_i13.p1,-1.94765008112239
TRINITY_DN10604_c0_g1_i16.p1,0.398656816879766
TRINITY_DN10604_c0_g1_i26.p1,-0.0396709220941025
TRINITY_DN10604_c0_g1_i9.p1,-0.264337065290162
TRINITY_DN10613_c0_g1_i2.p1,-0.570699986602021
TRINITY_DN106232_c0_g1_i1.p1,1.01325022873838
TRINITY_DN106261_c0_g1_i1.p1,0.950929845675611
TRINITY_DN10633_c0_g2_i2.p1,-0.32633910574565
TRINITY_DN10635_c0_g3_i1.p2,-0.0806711518982232
TRINITY_DN10639_c0_g1_i1.p1,-1.85265496140881
TRINITY_DN10639_c0_g1_i2.p1,-1.053379898693
TRINITY_DN10639_c0_g1_i3.p1,-0.0178422858852025
TRINITY_DN10639_c0_g1_i7.p1,-1.58492946763435
TRINITY_DN10648_c0_g4_i1.p1,-0.120093454260978
TRINITY_DN10648_c0_g4_i2.p1,-0.212484271667014
TRINITY_DN106506_c0_g1_i1.p1,-3.72726819984288
TRINITY_DN10650_c0_g1_i2.p1,0.61881892863143
TRINITY_DN10650_c0_g1_i3.p1,1.00954182268071
TRINITY_DN10653_c0_g1_i2.p1,0.886554217105339
TRINITY_DN106593_c0_g1_i1.p1,1.41643591031027
TRINITY_DN10661_c0_g1_i14.p1,-1.33224720747582
TRINITY_DN10661_c0_g1_i18.p1,0.552619161549934
TRINITY_DN10661_c0_g1_i3.p1,0.166993952823723
TRINITY_DN106640_c0_g1_i1.p1,-0.93629477436259
TRINITY_DN10664_c1_g1_i24.p1,-1.92107077132387
TRINITY_DN10664_c1_g1_i26.p1,0.0963204852625894
TRINITY_DN10664_c1_g1_i8.p1,-1.78237700838144
TRINITY_DN10669_c3_g1_i1.p1,0.527714894288189
TRINITY_DN10669_c3_g3_i3.p1,-0.399329684660069
TRINITY_DN106709_c0_g1_i1.p1,-0.120093454260979
TRINITY_DN10672_c0_g1_i1.p1,-0.65244235506194
TRINITY_DN10672_c0_g1_i2.p1,-1.39177954236463
TRINITY_DN106816_c0_g1_i1.p1,-0.120105441383789
TRINITY_DN10687_c0_g1_i2.p1,0.166060792203067
TRINITY_DN10687_c0_g1_i3.p1,1.39073409106168
TRINITY_DN10689_c2_g4_i1.p1,-0.625711995996496
TRINITY_DN1068_c0_g1_i1.p1,0.276663569162915
TRINITY_DN1068_c0_g1_i6.p1,-0.0918585110463286
TRINITY_DN106_c0_g1_i1.p1,0.381740369589518
TRINITY_DN10700_c0_g1_i1.p1,0.270471246410002
TRINITY_DN10710_c0_g2_i1.p2,0.578244909265822
TRINITY_DN10710_c0_g3_i1.p1,-1.42960911203274
TRINITY_DN10717_c0_g1_i1.p1,0.44103634209404
TRINITY_DN10717_c0_g1_i5.p1,1.95390829026986
TRINITY_DN1071_c0_g1_i4.p1,0.445760064060162
TRINITY_DN10724_c0_g1_i4.p1,0.0554009413063974
TRINITY_DN10724_c0_g1_i7.p1,-0.480743005629443
TRINITY_DN107268_c0_g1_i1.p1,1.44928419765322
TRINITY_DN1072_c0_g1_i1.p1,0.570952314287942
TRINITY_DN1072_c0_g1_i4.p1,0.456981296478662
TRINITY_DN10730_c4_g1_i1.p1,0.350838303274974
TRINITY_DN10740_c0_g3_i2.p1,0.257488050554242
TRINITY_DN10740_c0_g3_i3.p1,0.0343163011048991
TRINITY_DN10740_c0_g3_i9.p1,-0.62449216990558
TRINITY_DN10741_c0_g1_i14.p1,-0.672516186772631
TRINITY_DN10741_c0_g1_i40.p1,0.952005910134808
TRINITY_DN10741_c0_g1_i44.p1,1.39818855907283
TRINITY_DN10741_c0_g1_i5.p1,-1.30142163477922
TRINITY_DN10741_c0_g1_i77.p1,0.295087032692778
TRINITY_DN10741_c3_g2_i18.p1,-0.0285058915643677
TRINITY_DN10741_c3_g2_i38.p1,0.328460886019763
TRINITY_DN10749_c0_g1_i1.p1,-1.1284310215184
TRINITY_DN10770_c0_g1_i4.p1,0.955947199062457
TRINITY_DN10770_c0_g1_i5.p1,0.0963273441845198
TRINITY_DN10770_c0_g1_i7.p1,1.1159906673388
TRINITY_DN10770_c0_g1_i8.p1,1.92746533967765
TRINITY_DN107804_c0_g1_i1.p1,1.80609241983604
TRINITY_DN107893_c0_g1_i1.p1,0.456977575781948
TRINITY_DN1078_c0_g1_i9.p1,-0.526054367463069
TRINITY_DN10790_c0_g1_i3.p1,0.346748857791
TRINITY_DN10800_c0_g1_i22.p1,1.65653595913213
TRINITY_DN10800_c0_g1_i24.p1,0.970739432943935
TRINITY_DN10809_c0_g1_i1.p1,1.24463154892111
TRINITY_DN10809_c0_g1_i17.p1,0.104943302515025
TRINITY_DN10809_c0_g1_i19.p1,0.723811863217628
TRINITY_DN10809_c0_g1_i21.p1,0.456998768080501
TRINITY_DN10809_c0_g1_i25.p1,-0.918881224329494
TRINITY_DN10809_c0_g1_i27.p1,1.11370109278563
TRINITY_DN10809_c0_g1_i3.p1,0.00387699511654488
TRINITY_DN10809_c0_g1_i31.p1,2.2521605086749
TRINITY_DN10809_c0_g1_i36.p1,0.861683582447638
TRINITY_DN10810_c1_g3_i1.p1,0.395073365276768
TRINITY_DN10810_c3_g1_i1.p1,0.378828327252513
TRINITY_DN108294_c0_g1_i1.p1,1.26691555618074
TRINITY_DN10829_c0_g1_i13.p1,0.45699142290049
TRINITY_DN10829_c0_g1_i26.p1,1.89138817850731
TRINITY_DN108449_c0_g1_i1.p1,-0.120096726146836
TRINITY_DN108459_c0_g1_i1.p1,-0.236924187597779
TRINITY_DN10852_c0_g1_i1.p1,3.23753379335976
TRINITY_DN1085_c0_g1_i100.p1,-0.016592572187094
TRINITY_DN1085_c0_g1_i67.p1,-1.3300774816196
TRINITY_DN1085_c0_g1_i84.p1,-0.709385856416451
TRINITY_DN108622_c0_g1_i1.p1,1.76077808282476
TRINITY_DN1086_c7_g1_i1.p1,0.662427617597007
TRINITY_DN108721_c0_g1_i1.p1,-0.120108680241047
TRINITY_DN10881_c1_g1_i6.p1,0.529700757216854
TRINITY_DN10881_c1_g6_i1.p1,0.759808163002102
TRINITY_DN10883_c0_g1_i2.p1,-1.4607926308215
TRINITY_DN10886_c0_g1_i2.p1,2.02710559901229
TRINITY_DN10886_c0_g1_i3.p1,0.762108827956711
TRINITY_DN10889_c2_g1_i2.p2,-0.0785119635004497
TRINITY_DN108920_c0_g1_i1.p1,-0.120093454260979
TRINITY_DN10893_c0_g1_i1.p1,-1.97399274023035
TRINITY_DN10894_c0_g1_i1.p1,-0.480752827040337
TRINITY_DN10894_c0_g1_i15.p1,0.0655134869937347
TRINITY_DN10894_c0_g1_i19.p1,1.0209529575165
TRINITY_DN108982_c0_g1_i1.p1,-0.120093454260979
TRINITY_DN10898_c0_g1_i1.p2,0.842469882536107
TRINITY_DN108_c0_g1_i19.p1,0.178237028288196
TRINITY_DN108_c0_g1_i5.p1,0.578736006072178
TRINITY_DN109012_c0_g1_i1.p1,-1.20605951496513
TRINITY_DN109017_c0_g1_i1.p1,-1.33710897151622
TRINITY_DN10904_c0_g1_i10.p1,0.299930772097603
TRINITY_DN10904_c0_g1_i3.p1,1.38513827708286
TRINITY_DN10904_c0_g1_i5.p1,1.0947415359536
TRINITY_DN10904_c0_g1_i7.p1,1.59584558348131
TRINITY_DN10916_c0_g1_i1.p1,-0.514175842201328
TRINITY_DN109175_c0_g1_i1.p1,0.534159743559865
TRINITY_DN10923_c0_g1_i2.p1,-2.96423724293908
TRINITY_DN10927_c0_g2_i1.p1,0.537873922092074
TRINITY_DN10927_c0_g3_i1.p1,-0.379510885830602
TRINITY_DN10927_c1_g3_i1.p2,-1.104755709117
TRINITY_DN10932_c0_g1_i1.p1,-1.48128642722149
TRINITY_DN10932_c1_g1_i15.p1,2.32338220612502
TRINITY_DN10932_c1_g1_i33.p1,0.449552921080413
TRINITY_DN10932_c1_g1_i37.p1,0.850558393994596
TRINITY_DN10933_c1_g1_i2.p1,1.10793615826056
TRINITY_DN10933_c1_g1_i3.p1,0.282940638064201
TRINITY_DN10935_c0_g3_i2.p1,-0.168190525719145
TRINITY_DN10939_c7_g1_i1.p1,-0.939349185009208
TRINITY_DN10940_c0_g1_i6.p1,1.14181002997617
TRINITY_DN10945_c0_g1_i1.p1,0.626778571976951
TRINITY_DN1094_c1_g1_i3.p1,-0.988931778619309
TRINITY_DN109535_c0_g1_i1.p1,-0.48075600057104
TRINITY_DN10963_c0_g1_i13.p1,0.0969106521354558
TRINITY_DN10963_c0_g1_i16.p1,-0.624764341219004
TRINITY_DN10963_c0_g1_i18.p1,-0.514977944586201
TRINITY_DN10963_c0_g1_i2.p1,1.84601061408307
TRINITY_DN10963_c0_g1_i23.p1,0.0963254475120395
TRINITY_DN10963_c0_g1_i38.p1,0.143889787259503
TRINITY_DN10963_c0_g1_i48.p1,-0.405543942847703
TRINITY_DN10963_c0_g1_i61.p1,-0.264339647764672
TRINITY_DN10963_c0_g1_i7.p1,1.97102883980648
TRINITY_DN10974_c0_g1_i2.p1,-0.0649070341454359
TRINITY_DN10992_c2_g1_i1.p1,-0.950311256028962
TRINITY_DN10992_c2_g1_i2.p1,0.227437809339835
TRINITY_DN10992_c2_g1_i3.p1,-0.832250518236501
TRINITY_DN10994_c0_g1_i1.p1,-0.325276532942494
TRINITY_DN10994_c0_g1_i2.p1,1.53207822768174
TRINITY_DN10994_c0_g3_i1.p1,0.937024545975745
TRINITY_DN10994_c0_g3_i2.p1,-0.810314515401448
TRINITY_DN11000_c1_g1_i1.p1,0.230086916330185
TRINITY_DN11000_c1_g1_i3.p1,-0.895780236216379
TRINITY_DN11001_c2_g1_i1.p2,0.456981296478662
TRINITY_DN11003_c0_g1_i4.p1,-0.655177193944893
TRINITY_DN11003_c0_g1_i8.p1,0.728838031916638
TRINITY_DN11003_c0_g1_i9.p1,1.93580637316461
TRINITY_DN11004_c0_g1_i2.p1,-2.5487355406788
TRINITY_DN11005_c0_g1_i11.p1,-1.20234689566444
TRINITY_DN11005_c0_g1_i19.p1,1.13183317467425
TRINITY_DN11005_c0_g1_i2.p1,-1.54953002742512
TRINITY_DN11005_c0_g1_i28.p1,-1.20233660627472
TRINITY_DN11006_c0_g1_i1.p1,-0.235856808232099
TRINITY_DN11006_c0_g1_i3.p1,1.63492314321971
TRINITY_DN11006_c0_g1_i6.p1,0.924034679031176
TRINITY_DN110237_c0_g1_i1.p1,-0.841407648368167
TRINITY_DN11026_c2_g1_i2.p1,-1.78092672639098
TRINITY_DN1102_c0_g1_i10.p1,-0.0549690681224489
TRINITY_DN1102_c0_g1_i14.p1,-0.960830730436112
TRINITY_DN1102_c0_g1_i15.p1,-1.71033920010247
TRINITY_DN1102_c0_g1_i6.p1,-1.61111991127092
TRINITY_DN11040_c0_g1_i2.p1,1.25033070487561
TRINITY_DN11040_c0_g1_i4.p1,-0.00733037848333683
TRINITY_DN11040_c2_g1_i1.p1,-0.667342005449823
TRINITY_DN11041_c0_g1_i12.p1,1.91118775746963
TRINITY_DN11041_c0_g1_i16.p1,0.590821525939099
TRINITY_DN11041_c0_g1_i7.p1,-0.615876865821205
TRINITY_DN11041_c0_g1_i9.p1,0.722520702480311
TRINITY_DN11044_c0_g1_i3.p1,-1.37065232461702
TRINITY_DN11044_c0_g1_i6.p1,0.582759241123415
TRINITY_DN11045_c1_g2_i1.p1,0.0626258168563315
TRINITY_DN1104_c0_g1_i5.p1,-2.1694966623213
TRINITY_DN11053_c0_g1_i9.p1,0.475674745525469
TRINITY_DN11059_c0_g2_i1.p1,0.813905310446056
TRINITY_DN11063_c0_g2_i1.p1,0.22893455035956
TRINITY_DN11077_c0_g1_i1.p1,0.556142893242799
TRINITY_DN11077_c0_g1_i3.p1,-0.00315722368908919
TRINITY_DN11081_c0_g2_i1.p1,-0.0441131264937671
TRINITY_DN1108_c0_g1_i10.p1,0.41645961538695
TRINITY_DN1108_c0_g1_i6.p1,0.0842253119097951
TRINITY_DN1108_c0_g1_i9.p1,0.594483524716229
TRINITY_DN110_c0_g1_i1.p1,0.80952798037006
TRINITY_DN11110_c0_g1_i12.p1,3.32501269142581
TRINITY_DN1111_c0_g1_i4.p1,-1.11123967490404
TRINITY_DN1111_c0_g1_i6.p1,1.52106090978253
TRINITY_DN11123_c0_g1_i1.p1,0.174873093812908
TRINITY_DN11127_c0_g1_i14.p1,-0.289206761960935
TRINITY_DN11127_c0_g1_i2.p1,-0.822437773305856
TRINITY_DN11127_c0_g1_i7.p1,-0.308769819669274
TRINITY_DN11127_c0_g1_i8.p1,-0.130202503978388
TRINITY_DN11130_c1_g2_i1.p1,0.507941322006833
TRINITY_DN11132_c0_g1_i1.p1,-0.480749951508278
TRINITY_DN11132_c0_g1_i4.p1,1.10325659078411
TRINITY_DN11132_c0_g1_i5.p1,0.624877437040143
TRINITY_DN11132_c0_g1_i7.p1,0.037570108693809
TRINITY_DN11132_c0_g1_i8.p1,0.259705087104214
TRINITY_DN111436_c0_g1_i1.p1,-0.120093454260979
TRINITY_DN11144_c0_g1_i10.p1,0.462298842641566
TRINITY_DN11144_c0_g1_i9.p1,-0.320565274501062
TRINITY_DN1114_c0_g1_i13.p1,1.3315756374651
TRINITY_DN1114_c2_g1_i1.p1,0.311807322616942
TRINITY_DN11157_c0_g1_i1.p1,-0.906178461283877
TRINITY_DN11157_c0_g1_i7.p1,-0.299424378337617
TRINITY_DN111597_c0_g1_i1.p1,-1.10526323540041
TRINITY_DN11167_c3_g1_i2.p1,0.587206112421633
TRINITY_DN11167_c3_g1_i28.p1,-0.12009469709182
TRINITY_DN11167_c3_g1_i41.p1,0.456975666554858
TRINITY_DN111749_c0_g1_i1.p1,-0.120096726146836
TRINITY_DN11174_c0_g2_i1.p1,0.930600208495706
TRINITY_DN11177_c1_g1_i10.p1,0.428197356288996
TRINITY_DN11177_c1_g1_i2.p1,0.349638338146548
TRINITY_DN11177_c1_g1_i9.p1,-0.841404218979344
TRINITY_DN1117_c0_g1_i17.p1,0.0056284508449245
TRINITY_DN1117_c1_g1_i30.p1,0.557310618270394
TRINITY_DN1117_c1_g1_i34.p1,-1.21660830690222
TRINITY_DN1117_c1_g1_i44.p1,0.146265636717256
TRINITY_DN1117_c1_g1_i47.p1,0.387938742996878
TRINITY_DN11186_c0_g1_i2.p1,-0.285417035663923
TRINITY_DN11187_c0_g1_i1.p1,0.592455824044206
TRINITY_DN11187_c0_g1_i2.p1,0.162064111769846
TRINITY_DN11200_c0_g1_i2.p1,-1.96915342299629
TRINITY_DN11211_c0_g1_i3.p1,1.50103864714219
TRINITY_DN11211_c0_g1_i5.p1,0.219935746349776
TRINITY_DN11212_c0_g1_i4.p1,-0.0903299385055618
TRINITY_DN11212_c0_g1_i6.p1,-0.841401001883616
TRINITY_DN11215_c0_g1_i1.p1,-0.482962776754794
TRINITY_DN112165_c0_g1_i1.p1,-0.841401001883615
TRINITY_DN112198_c0_g1_i2.p1,0.345101051900952
TRINITY_DN112243_c0_g1_i1.p1,1.44789577247356
TRINITY_DN112274_c0_g1_i1.p1,-0.332209624828632
TRINITY_DN11229_c0_g1_i3.p1,2.17473943632267
TRINITY_DN112325_c0_g1_i1.p1,-0.438802504359477
TRINITY_DN11232_c0_g1_i1.p1,-0.850433313560584
TRINITY_DN11232_c0_g1_i13.p1,0.851324447751075
TRINITY_DN11232_c0_g1_i14.p1,-1.20227246533075
TRINITY_DN112376_c0_g1_i2.p1,-0.869034427955348
TRINITY_DN112388_c0_g1_i3.p1,1.07863331823939
TRINITY_DN112388_c0_g1_i4.p1,-0.841421274970289
TRINITY_DN11238_c0_g1_i1.p1,1.00200875231538
TRINITY_DN11238_c0_g1_i3.p1,0.775119127123081
TRINITY_DN11238_c0_g1_i5.p1,-0.092892888341398
TRINITY_DN112398_c0_g1_i1.p1,0.111573521663332
TRINITY_DN112473_c0_g1_i2.p1,1.47119348993834
TRINITY_DN11247_c1_g1_i1.p1,-0.684053971707689
TRINITY_DN112502_c0_g1_i1.p1,-0.755720373962721
TRINITY_DN112505_c0_g1_i1.p1,0.323384006133677
TRINITY_DN112543_c0_g1_i1.p1,0.160803061683712
TRINITY_DN112548_c0_g1_i1.p1,0.916046010553045
TRINITY_DN11254_c0_g1_i2.p1,0.494498652134988
TRINITY_DN11258_c0_g3_i1.p1,-0.499686187903368
TRINITY_DN112643_c0_g1_i1.p1,0.474100313156816
TRINITY_DN112731_c0_g1_i1.p1,-1.08975710950073
TRINITY_DN112734_c0_g1_i1.p1,-0.438152104007996
TRINITY_DN112743_c0_g1_i1.p1,3.00655225550764
TRINITY_DN11274_c0_g1_i14.p1,-0.901060875660636
TRINITY_DN11274_c0_g1_i17.p2,-0.0527375591170657
TRINITY_DN11275_c0_g1_i1.p1,-0.163422632059349
TRINITY_DN11275_c0_g1_i2.p1,1.72709506836897
TRINITY_DN11275_c0_g1_i4.p1,0.150546482632238
TRINITY_DN11275_c0_g1_i5.p1,1.7169977677396
TRINITY_DN112767_c0_g1_i1.p1,-0.734743340419047
TRINITY_DN112868_c0_g1_i1.p1,-1.37743711088595
TRINITY_DN112874_c0_g1_i1.p1,0.221030697180603
TRINITY_DN1129_c2_g1_i1.p1,0.015177631784587
TRINITY_DN112_c18_g1_i9.p1,0.0868122349969043
TRINITY_DN112_c31_g1_i1.p1,-1.02139047449461
TRINITY_DN112_c32_g1_i3.p1,0.45697848151676
TRINITY_DN112_c46_g2_i2.p1,-1.17576316761828
TRINITY_DN112_c58_g1_i3.p1,-1.97437800142921
TRINITY_DN112_c58_g1_i6.p1,-0.625263961711394
TRINITY_DN113040_c0_g1_i1.p1,-2.47930268596008
TRINITY_DN11304_c0_g2_i3.p1,0.166791195016418
TRINITY_DN11304_c1_g1_i1.p2,1.01396387176623
TRINITY_DN113094_c0_g1_i1.p1,-0.284470679170733
TRINITY_DN113153_c0_g1_i1.p1,0.016255695887365
TRINITY_DN113171_c0_g1_i1.p1,-0.120110415773957
TRINITY_DN1131_c0_g1_i11.p1,1.08949497952476
TRINITY_DN1131_c0_g1_i15.p1,-0.909925383568548
TRINITY_DN1131_c0_g1_i8.p1,0.0884791458065111
TRINITY_DN113230_c0_g1_i1.p1,-1.5807372883813
TRINITY_DN113257_c0_g1_i1.p1,0.300882856167851
TRINITY_DN11326_c0_g1_i3.p1,-0.754025527878006
TRINITY_DN113284_c0_g1_i1.p1,0.672431193956204
TRINITY_DN113289_c0_g1_i1.p1,-0.359022212708828
TRINITY_DN113298_c0_g1_i1.p1,-0.948219003223027
TRINITY_DN11343_c0_g1_i10.p1,-1.0337003376582
TRINITY_DN11343_c0_g1_i11.p1,1.98305783307494
TRINITY_DN11343_c0_g1_i2.p1,-0.933694207322997
TRINITY_DN113446_c0_g1_i1.p1,2.21039067575272
TRINITY_DN113460_c0_g1_i2.p1,0.0878145154949203
TRINITY_DN1134_c0_g1_i8.p1,-2.12161093868057
TRINITY_DN113574_c0_g1_i1.p1,-1.74113308947534
TRINITY_DN113605_c0_g1_i1.p1,-1.47878236974814
TRINITY_DN113675_c0_g1_i1.p1,-0.120107700617942
TRINITY_DN113704_c0_g1_i1.p1,-1.63354325609399
TRINITY_DN113710_c0_g1_i1.p1,0.610305015869445
TRINITY_DN113749_c0_g1_i1.p1,-1.21407758902085
TRINITY_DN11374_c0_g1_i1.p1,-0.40883035670546
TRINITY_DN11374_c0_g1_i5.p1,-0.362083259871463
TRINITY_DN11374_c0_g1_i6.p1,0.557059371292424
TRINITY_DN113788_c0_g1_i2.p1,-0.120100301934781
TRINITY_DN113803_c0_g1_i1.p1,0.703032832485389
TRINITY_DN113810_c0_g1_i1.p1,-0.167765524557968
TRINITY_DN113823_c0_g1_i1.p1,-1.68080295828423
TRINITY_DN113826_c0_g1_i1.p1,-0.120102612041738
TRINITY_DN113832_c0_g1_i1.p1,-0.120104115353242
TRINITY_DN113868_c0_g1_i1.p1,1.44654372534818
TRINITY_DN11391_c0_g2_i1.p1,-0.519913880058716
TRINITY_DN11396_c0_g6_i1.p1,0.672692806698922
TRINITY_DN11396_c2_g2_i5.p1,1.38771263679363
TRINITY_DN11396_c2_g2_i6.p1,0.24623752718122
TRINITY_DN11398_c0_g1_i4.p1,-0.480748018779734
TRINITY_DN11400_c0_g1_i1.p1,0.482261125037507
TRINITY_DN1140_c0_g1_i3.p1,0.308129693820566
TRINITY_DN114117_c0_g1_i1.p1,1.10588484522545
TRINITY_DN11412_c0_g1_i4.p1,1.80930522305913
TRINITY_DN11412_c0_g1_i5.p1,2.02474476177003
TRINITY_DN114174_c0_g1_i1.p1,-0.0165926522776935
TRINITY_DN114193_c0_g1_i1.p1,1.76239942261304
TRINITY_DN114208_c0_g1_i1.p1,1.41881791467923
TRINITY_DN1142_c1_g1_i36.p1,-0.12009469709182
TRINITY_DN114322_c0_g1_i1.p1,-0.155452417991967
TRINITY_DN1143_c0_g1_i20.p1,0.186214914280326
TRINITY_DN1143_c0_g1_i21.p1,1.08949176243838
TRINITY_DN114428_c0_g1_i1.p1,-1.10327624680377
TRINITY_DN114502_c0_g1_i1.p1,-0.0299501923629051
TRINITY_DN11450_c0_g1_i5.p1,1.28257978136104
TRINITY_DN11450_c0_g1_i6.p1,2.05599676784211
TRINITY_DN11450_c0_g1_i7.p1,-0.922982066814491
TRINITY_DN11450_c0_g1_i8.p1,0.096320083128762
TRINITY_DN11450_c0_g1_i9.p1,-0.120088226471002
TRINITY_DN114523_c0_g1_i1.p1,-0.145644015458832
TRINITY_DN11458_c1_g2_i1.p1,-0.480748635553247
TRINITY_DN11458_c1_g2_i2.p1,1.06516188189212
TRINITY_DN11458_c1_g2_i5.p1,-0.412321316325998
TRINITY_DN11461_c0_g1_i3.p1,-0.964938722768039
TRINITY_DN11461_c0_g1_i4.p1,-0.215688128132389
TRINITY_DN114630_c0_g1_i1.p2,-0.120093454260979
TRINITY_DN11469_c0_g1_i1.p1,0.591827244382625
TRINITY_DN11471_c4_g2_i1.p2,1.37837573298306
TRINITY_DN114760_c0_g1_i1.p1,-1.51631506683802
TRINITY_DN114760_c0_g1_i3.p1,-1.50301722527619
TRINITY_DN11477_c0_g1_i4.p1,-0.632880480742295
TRINITY_DN114782_c0_g1_i1.p1,0.456978079382933
TRINITY_DN114811_c0_g1_i1.p1,1.08420028347191
TRINITY_DN11483_c0_g2_i2.p1,0.689570334870927
TRINITY_DN11489_c0_g1_i1.p1,1.28785879736248
TRINITY_DN1148_c0_g1_i29.p1,-0.0525838709216594
TRINITY_DN1148_c0_g1_i37.p1,-1.03195486892992
TRINITY_DN114902_c0_g1_i1.p1,0
TRINITY_DN114969_c0_g1_i1.p1,-1.9683832194574
TRINITY_DN114984_c0_g1_i1.p1,0.183123820969727
TRINITY_DN1149_c0_g1_i2.p1,-0.713697309608743
TRINITY_DN1149_c0_g1_i24.p1,-1.2229223015904
TRINITY_DN1149_c0_g1_i37.p1,0.309608112246383
TRINITY_DN115073_c0_g1_i1.p1,0.667185856684791
TRINITY_DN11516_c0_g1_i1.p1,-2.79915780359508
TRINITY_DN11516_c0_g1_i2.p1,0.305011508907709
TRINITY_DN11516_c0_g1_i4.p1,-1.20234978652804
TRINITY_DN11521_c0_g2_i3.p1,-0.0583665005183634
TRINITY_DN11527_c0_g2_i3.p1,-2.34373416235258
TRINITY_DN115295_c0_g1_i1.p1,0.446081357930069
TRINITY_DN115374_c0_g1_i1.p1,-0.141824679888166
TRINITY_DN11539_c0_g1_i24.p1,-0.78485312658975
TRINITY_DN11539_c0_g1_i9.p1,1.56925919481648
TRINITY_DN115449_c0_g1_i1.p1,0.241646896354132
TRINITY_DN115468_c0_g1_i1.p1,0.677815617794986
TRINITY_DN115484_c0_g1_i1.p1,0.569956276620533
TRINITY_DN115504_c0_g1_i1.p1,1.44283767127733
TRINITY_DN11550_c0_g1_i12.p1,-0.322849770186853
TRINITY_DN11551_c2_g1_i2.p1,0.309158441591368
TRINITY_DN11551_c2_g1_i3.p1,-0.206863504482335
TRINITY_DN1155_c7_g1_i3.p1,0.00553445483875992
TRINITY_DN115603_c0_g1_i1.p1,1.09108624935299
TRINITY_DN11563_c0_g1_i1.p1,-0.12009882508506
TRINITY_DN11563_c0_g1_i4.p1,-0.120097575863083
TRINITY_DN115650_c0_g1_i1.p1,0.470140888547107
TRINITY_DN115682_c0_g1_i1.p1,0.219700392482205
TRINITY_DN1156_c0_g1_i1.p1,-0.426188526730121
TRINITY_DN1156_c0_g1_i14.p1,-1.230621481784
TRINITY_DN1156_c0_g1_i15.p1,-0.841408250194606
TRINITY_DN11570_c0_g1_i1.p1,1.25028371399137
TRINITY_DN11570_c0_g1_i4.p1,0.141694770363762
TRINITY_DN11570_c0_g1_i5.p1,0.911944124384132
TRINITY_DN115720_c0_g1_i1.p1,-0.12009882508506
TRINITY_DN11573_c0_g1_i10.p1,0.337748236421758
TRINITY_DN11573_c0_g1_i4.p1,0.0963239739624954
TRINITY_DN11573_c0_g1_i5.p1,0.0963229900303589
TRINITY_DN11573_c0_g1_i6.p1,-0.246260438192461
TRINITY_DN11573_c0_g1_i7.p1,2.79342147337503
TRINITY_DN11573_c0_g1_i8.p1,-2.29747904330994
TRINITY_DN115743_c0_g1_i1.p1,-0.0458047181294361
TRINITY_DN11575_c0_g1_i2.p1,-0.0615800842047967
TRINITY_DN11576_c1_g1_i1.p1,-1.61489767844176
TRINITY_DN11580_c0_g1_i6.p1,0.692539997510183
TRINITY_DN115813_c0_g1_i1.p1,-2.40437904277164
TRINITY_DN11581_c0_g1_i4.p1,1.55671495864083
TRINITY_DN11581_c0_g3_i1.p1,1.48566249638525
TRINITY_DN11593_c0_g1_i1.p1,-0.547731709144995
TRINITY_DN115_c0_g1_i4.p1,-0.0372581290063195
TRINITY_DN115_c2_g1_i2.p1,-1.51174520936586
TRINITY_DN116052_c0_g1_i2.p1,-0.149472459522029
TRINITY_DN116080_c0_g1_i1.p1,-2.17736271529194
TRINITY_DN116104_c0_g1_i1.p1,-0.264339381469111
TRINITY_DN116155_c0_g1_i1.p1,-2.7714611429631
TRINITY_DN116168_c0_g1_i1.p1,-0.175500253405012
TRINITY_DN116254_c0_g1_i1.p1,-2.83166212291689
TRINITY_DN11627_c1_g1_i5.p1,-0.0537391942482643
TRINITY_DN11627_c1_g1_i6.p1,-0.611965098184355
TRINITY_DN116356_c0_g1_i4.p1,-0.264341846548587
TRINITY_DN116362_c0_g1_i1.p1,-0.281286022991783
TRINITY_DN11636_c0_g1_i1.p1,0.223217313741369
TRINITY_DN11636_c0_g1_i2.p1,1.48139565665874
TRINITY_DN11637_c0_g3_i1.p2,0.619074255028154
TRINITY_DN116381_c0_g1_i2.p1,0.410426402175124
TRINITY_DN11639_c0_g1_i1.p1,0.681277528342796
TRINITY_DN11640_c1_g1_i14.p1,-0.643558784383137
TRINITY_DN11640_c1_g1_i15.p2,0.0820000989328548
TRINITY_DN11640_c2_g1_i3.p1,0.0963218246193379
TRINITY_DN11640_c2_g1_i5.p1,0.0963306064076729
TRINITY_DN11640_c2_g1_i9.p1,-0.213139314410126
TRINITY_DN11642_c0_g1_i3.p1,0.130778464478877
TRINITY_DN11642_c0_g1_i4.p1,1.08949497952476
TRINITY_DN11642_c0_g1_i5.p1,0.887180611659946
TRINITY_DN11643_c0_g1_i2.p1,-0.363947836224463
TRINITY_DN116468_c0_g1_i1.p1,-0.645409741814813
TRINITY_DN11646_c0_g2_i2.p1,-0.714276983645601
TRINITY_DN11649_c0_g1_i10.p1,1.67866180456072
TRINITY_DN11649_c0_g1_i11.p1,0.770830683206988
TRINITY_DN11649_c0_g1_i4.p1,0.0963225600360719
TRINITY_DN11649_c0_g1_i9.p1,0.317020337300647
TRINITY_DN11656_c0_g1_i7.p1,1.25300421795425
TRINITY_DN11656_c0_g1_i8.p1,-0.397774975007443
TRINITY_DN11663_c0_g1_i1.p1,1.41692479499883
TRINITY_DN116640_c0_g1_i1.p1,0.0783232683511387
TRINITY_DN116664_c0_g1_i1.p1,1.10589362615519
TRINITY_DN1166_c10_g1_i1.p1,-0.326496609244002
TRINITY_DN1166_c2_g1_i2.p1,0.366791599768815
TRINITY_DN116759_c0_g1_i1.p1,-0.586337284603502
TRINITY_DN116769_c0_g1_i10.p1,-1.63325585195415
TRINITY_DN116769_c0_g1_i5.p1,0.456992427188743
TRINITY_DN11676_c0_g1_i1.p1,0.637470205162452
TRINITY_DN116783_c0_g1_i1.p1,0.512440186602605
TRINITY_DN116824_c0_g1_i1.p1,0.739550661836453
TRINITY_DN11688_c0_g1_i5.p1,1.32293600295456
TRINITY_DN116991_c0_g1_i1.p1,-1.60758138916765
TRINITY_DN11700_c0_g1_i5.p1,0.561940232431658
TRINITY_DN11705_c0_g1_i10.p1,-0.399536514825952
TRINITY_DN11705_c0_g1_i14.p1,-0.828039093381803
TRINITY_DN11710_c0_g1_i3.p1,0.961108651562111
TRINITY_DN11710_c0_g1_i4.p1,0.309312554619759
TRINITY_DN117119_c0_g1_i1.p1,-0.232586711694648
TRINITY_DN117178_c0_g1_i1.p1,1.14129804833283
TRINITY_DN117216_c0_g1_i1.p1,1.84601905896991
TRINITY_DN11721_c0_g1_i1.p1,1.64580616926968
TRINITY_DN11724_c0_g1_i2.p1,0.87258927087411
TRINITY_DN11724_c0_g1_i4.p1,0.225553035466583
TRINITY_DN11724_c0_g1_i6.p1,0.781664625549715
TRINITY_DN117251_c0_g1_i1.p1,0.591182287526374
TRINITY_DN117364_c0_g1_i1.p1,0.116192655254788
TRINITY_DN11755_c0_g1_i1.p1,1.45986752187927
TRINITY_DN11755_c0_g1_i2.p1,0.456981296478662
TRINITY_DN11755_c0_g1_i5.p1,-0.480749439820903
TRINITY_DN11756_c1_g1_i3.p1,-0.0413059306729584
TRINITY_DN11760_c0_g2_i3.p1,-0.937002483645618
TRINITY_DN11763_c0_g2_i1.p1,0.149380460509308
TRINITY_DN117681_c0_g1_i1.p1,-2.99109089401186
TRINITY_DN1176_c3_g1_i6.p1,1.94225956441851
TRINITY_DN1176_c3_g1_i7.p1,-1.30551137560072
TRINITY_DN11774_c0_g1_i1.p1,-0.264341507085218
TRINITY_DN11774_c1_g2_i6.p1,0.711668755959962
TRINITY_DN11774_c1_g2_i7.p1,-0.654683112057902
TRINITY_DN117839_c0_g1_i1.p1,-0.325066181072106
TRINITY_DN11787_c0_g1_i1.p1,-1.22148000604406
TRINITY_DN11787_c0_g1_i4.p1,-0.487878057204881
TRINITY_DN11795_c0_g1_i16.p2,2.62397686650455
TRINITY_DN11795_c2_g1_i5.p1,0.456971739455929
TRINITY_DN117974_c0_g1_i1.p1,0.582016374904331
TRINITY_DN1179_c1_g1_i1.p1,0.156778192440239
TRINITY_DN1179_c1_g1_i4.p1,-0.277184452315185
TRINITY_DN11800_c0_g1_i9.p1,0.473142027289992
TRINITY_DN118054_c0_g1_i1.p1,-1.31933662597322
TRINITY_DN11806_c0_g1_i1.p2,0.296442859820956
TRINITY_DN11806_c0_g1_i4.p1,1.0683995277195
TRINITY_DN118156_c0_g1_i1.p1,3.3261443692647
TRINITY_DN118193_c0_g1_i1.p1,-0.260473650572477
TRINITY_DN118226_c0_g1_i1.p1,1.50516550717312
TRINITY_DN118245_c0_g1_i1.p1,-0.120100876619793
TRINITY_DN11830_c0_g2_i3.p1,0.456981296478662
TRINITY_DN11835_c0_g2_i6.p1,0.431394077657729
TRINITY_DN11839_c3_g1_i4.p1,0.133236091848178
TRINITY_DN11839_c3_g1_i5.p1,-0.102516163042879
TRINITY_DN11842_c0_g1_i2.p1,-0.187856202449553
TRINITY_DN11846_c0_g2_i3.p2,0.308354334291126
TRINITY_DN118552_c0_g1_i1.p1,-0.0596738701805912
TRINITY_DN11858_c1_g1_i3.p1,2.45931665203543
TRINITY_DN1185_c0_g1_i12.p1,-0.143296399619546
TRINITY_DN11871_c0_g1_i1.p1,0.0963204852625893
TRINITY_DN11871_c0_g1_i28.p1,-0.77516153114915
TRINITY_DN11871_c0_g1_i36.p1,1.05352829598985
TRINITY_DN11871_c0_g1_i54.p1,0.456974862287203
TRINITY_DN11871_c0_g1_i61.p1,0.643034357231868
TRINITY_DN11871_c0_g1_i75.p2,1.12632228472656
TRINITY_DN11871_c0_g1_i9.p1,-0.480743005629443
TRINITY_DN118746_c0_g1_i1.p1,0.444357171956394
TRINITY_DN11877_c0_g1_i1.p1,-0.526414135446423
TRINITY_DN11877_c0_g1_i3.p1,-0.132144123415569
TRINITY_DN11878_c4_g1_i1.p1,0.607877861185172
TRINITY_DN1187_c0_g1_i12.p1,-1.20186506029763
TRINITY_DN1187_c0_g1_i5.p1,-0.221012234530001
TRINITY_DN118867_c0_g1_i1.p1,-0.120096726146836
TRINITY_DN11889_c2_g1_i1.p1,0.610050889834658
TRINITY_DN11889_c3_g1_i7.p2,0.710633142217713
TRINITY_DN11895_c0_g1_i10.p1,0.456981296478662
TRINITY_DN11895_c0_g1_i17.p1,-0.225548614418348
TRINITY_DN11895_c0_g1_i21.p1,1.40545665030947
TRINITY_DN11895_c0_g1_i31.p1,1.01629430623172
TRINITY_DN11895_c0_g1_i8.p1,-0.0478170060318974
TRINITY_DN11895_c0_g1_i9.p1,0.28605081078248
TRINITY_DN118975_c0_g1_i1.p1,-0.625259315124319
TRINITY_DN119043_c0_g1_i1.p1,-0.901772189076794
TRINITY_DN11918_c0_g1_i1.p1,-2.15499838689722
TRINITY_DN11918_c0_g1_i4.p1,-2.11421714703958
TRINITY_DN1191_c0_g1_i2.p1,2.06697226954349
TRINITY_DN1191_c0_g1_i4.p1,0.114794533216396
TRINITY_DN11927_c0_g1_i10.p1,0.577781380237989
TRINITY_DN11928_c0_g2_i1.p1,0.805046083444435
TRINITY_DN1193_c0_g1_i9.p1,0.657128959437203
TRINITY_DN1194_c1_g1_i1.p1,-0.984486525601733
TRINITY_DN1194_c1_g1_i3.p1,-0.611277475153011
TRINITY_DN11952_c0_g1_i12.p1,0.976374578539997
TRINITY_DN119602_c0_g1_i1.p1,0.426122686450085
TRINITY_DN11963_c0_g1_i13.p1,0.0963255777384124
TRINITY_DN11963_c0_g1_i17.p1,1.13197316463061
TRINITY_DN11963_c0_g1_i21.p1,-0.354548698991867
TRINITY_DN11963_c0_g1_i4.p1,1.57306187087123
TRINITY_DN11968_c2_g1_i1.p1,0.401871239866769
TRINITY_DN11969_c0_g1_i1.p1,3.25978964848543
TRINITY_DN11970_c1_g1_i1.p1,-0.771525541556933
TRINITY_DN11970_c1_g1_i2.p1,-1.79475485805569
TRINITY_DN11979_c0_g2_i2.p1,1.55501088890826
TRINITY_DN11979_c0_g2_i7.p1,-0.0388800565221213
TRINITY_DN119800_c0_g1_i1.p1,-0.0650920742567204
TRINITY_DN11985_c4_g3_i1.p1,0.0209366721493997
TRINITY_DN11987_c0_g1_i1.p1,-0.26434111834714
TRINITY_DN11987_c0_g1_i11.p1,-0.120097093798866
TRINITY_DN11987_c0_g1_i3.p1,0.142050353624507
TRINITY_DN11987_c0_g1_i5.p1,-0.120087824337174
TRINITY_DN11987_c0_g1_i7.p1,-0.990110758317066
TRINITY_DN1201_c0_g2_i3.p1,2.19632572845136
TRINITY_DN12026_c0_g1_i2.p1,1.6459582901873
TRINITY_DN12028_c0_g1_i1.p1,1.02036350296107
TRINITY_DN12034_c7_g1_i1.p1,-0.575969316762174
TRINITY_DN12037_c1_g1_i1.p1,-0.574581408689951
TRINITY_DN12037_c1_g1_i2.p1,1.11557704970124
TRINITY_DN12043_c0_g1_i7.p1,0.0455034104863653
TRINITY_DN12062_c0_g1_i3.p1,-0.525905928558304
TRINITY_DN120739_c0_g1_i1.p1,-0.120106627571042
TRINITY_DN1208_c0_g1_i12.p1,-0.655930627408812
TRINITY_DN1208_c0_g1_i8.p1,-0.110686475257035
TRINITY_DN1208_c0_g1_i9.p1,-2.27641632891451
TRINITY_DN120906_c0_g1_i1.p1,1.04785646908188
TRINITY_DN12103_c0_g1_i4.p1,-0.220425089294804
TRINITY_DN121078_c0_g1_i1.p1,0.0963176703006874
TRINITY_DN121099_c0_g1_i1.p1,-0.120087598845248
TRINITY_DN1210_c0_g1_i1.p1,0.705746781396296
TRINITY_DN1210_c0_g1_i4.p1,0.379602793027322
TRINITY_DN1210_c0_g1_i5.p1,-0.841414736206891
TRINITY_DN1210_c0_g1_i6.p1,0.721203975962875
TRINITY_DN12112_c0_g1_i2.p1,-0.0635706062140319
TRINITY_DN12113_c0_g1_i2.p1,0.0478988982485892
TRINITY_DN12114_c0_g1_i7.p1,0.80510715946158
TRINITY_DN12128_c0_g1_i3.p1,0.46783958279979
TRINITY_DN12129_c3_g1_i1.p1,-0.464165773618934
TRINITY_DN1213_c1_g1_i101.p1,-0.321579868530665
TRINITY_DN1213_c1_g1_i2.p1,0.344227047367437
TRINITY_DN1213_c1_g1_i23.p1,-0.76548685747793
TRINITY_DN1213_c1_g1_i31.p1,-0.114023511855385
TRINITY_DN1213_c1_g1_i34.p1,-1.49131173339322
TRINITY_DN1213_c1_g1_i59.p1,0.107887634634831
TRINITY_DN1213_c1_g1_i69.p1,0.166638787277716
TRINITY_DN12143_c0_g1_i1.p3,0.542142385282275
TRINITY_DN12147_c1_g1_i1.p1,1.53308382941316
TRINITY_DN12154_c3_g2_i1.p1,-1.52802279675886
TRINITY_DN12156_c0_g1_i3.p1,-2.3473725571286
TRINITY_DN12156_c0_g1_i4.p1,-1.94388874793334
TRINITY_DN12158_c0_g1_i3.p1,-0.0413374274755015
TRINITY_DN1215_c1_g1_i13.p1,0.689995636600274
TRINITY_DN12176_c0_g1_i4.p1,-0.122188112261078
TRINITY_DN12176_c0_g1_i5.p1,-0.106260851904444
TRINITY_DN1217_c0_g1_i25.p1,-0.708963206003537
TRINITY_DN1217_c0_g1_i54.p1,1.17411285676658
TRINITY_DN12180_c0_g1_i1.p1,1.87250821448107
TRINITY_DN12183_c0_g1_i2.p1,-0.00299420641148081
TRINITY_DN12196_c0_g1_i11.p1,-0.120088226471002
TRINITY_DN122254_c0_g1_i1.p1,-1.20230497696185
TRINITY_DN12225_c0_g2_i1.p1,-0.841401001883615
TRINITY_DN1222_c0_g1_i4.p1,-1.55792218601954
TRINITY_DN122301_c0_g1_i2.p1,-0.622299940847445
TRINITY_DN12231_c4_g1_i2.p1,1.27567346495522
TRINITY_DN12239_c2_g1_i1.p2,-1.9356131936819
TRINITY_DN12240_c1_g1_i2.p1,0.0329597837980412
TRINITY_DN12240_c1_g1_i5.p1,-0.303869606268189
TRINITY_DN12241_c0_g1_i13.p1,-0.480748962229091
TRINITY_DN12241_c0_g1_i2.p1,-0.860210975172229
TRINITY_DN12241_c0_g1_i4.p1,-0.120090639299077
TRINITY_DN12241_c0_g1_i7.p1,-0.43235581689582
TRINITY_DN12251_c1_g1_i2.p1,0.123448026738709
TRINITY_DN122579_c0_g1_i1.p1,-2.1359547002145
TRINITY_DN12257_c0_g1_i2.p1,-2.57117966733495
TRINITY_DN12257_c0_g1_i3.p1,-0.0687675093532472
TRINITY_DN12260_c0_g1_i12.p1,-0.000548144722097118
TRINITY_DN12260_c0_g1_i26.p1,0.895430894994292
TRINITY_DN12260_c0_g1_i36.p1,0.307164772988793
TRINITY_DN12265_c0_g1_i1.p1,1.81122201375364
TRINITY_DN12266_c0_g1_i18.p1,0.454424080458062
TRINITY_DN12266_c0_g1_i3.p1,0.722116840266613
TRINITY_DN12267_c0_g1_i11.p1,-0.366932214284903
TRINITY_DN12267_c0_g1_i3.p1,0.583602536502364
TRINITY_DN122727_c0_g1_i1.p1,0.349094317864627
TRINITY_DN122827_c0_g1_i1.p1,0.364688192762124
TRINITY_DN122981_c0_g1_i1.p1,0.900278676554534
TRINITY_DN12305_c1_g2_i1.p1,1.46693396003645
TRINITY_DN12305_c1_g3_i1.p1,0.456986126187426
TRINITY_DN12308_c0_g1_i12.p1,0.584369774691034
TRINITY_DN12308_c0_g1_i14.p1,-0.340090387110309
TRINITY_DN12308_c0_g1_i19.p1,-0.631787256632878
TRINITY_DN12308_c0_g1_i30.p1,-0.803557131052011
TRINITY_DN12308_c0_g1_i33.p1,2.23437228792447
TRINITY_DN12323_c0_g1_i5.p1,2.12337366437043
TRINITY_DN12328_c0_g1_i1.p1,1.03451462705613
TRINITY_DN12328_c0_g1_i2.p1,-0.459483898073135
TRINITY_DN12329_c0_g1_i19.p1,-2.42805703101865
TRINITY_DN12329_c0_g1_i23.p1,-0.120093454260978
TRINITY_DN12329_c0_g1_i24.p1,-1.29358860358801
TRINITY_DN1232_c0_g3_i1.p1,0.272599409773693
TRINITY_DN123327_c0_g1_i1.p1,0.096320083128762
TRINITY_DN12364_c0_g1_i3.p1,1.41192277830867
TRINITY_DN12387_c1_g1_i7.p1,-0.579388646251521
TRINITY_DN12390_c0_g1_i4.p1,0.244633507980303
TRINITY_DN12390_c0_g1_i5.p1,0.175842928271675
TRINITY_DN123910_c0_g1_i1.p1,-0.120093454260979
TRINITY_DN123921_c0_g1_i1.p1,-2.38674480978183
TRINITY_DN123968_c0_g1_i1.p1,-0.120096726146836
TRINITY_DN12398_c1_g2_i2.p1,0.348961993579432
TRINITY_DN123_c0_g1_i14.p1,-1.28604373575444
TRINITY_DN123_c0_g1_i2.p1,0.45699272948254
TRINITY_DN123_c0_g1_i5.p1,-0.658573338676026
TRINITY_DN123_c0_g1_i8.p1,-1.10599063867716
TRINITY_DN124075_c0_g1_i1.p1,-0.120090639299077
TRINITY_DN12408_c0_g1_i1.p1,-1.52486114321134
TRINITY_DN12413_c5_g1_i3.p1,-0.244085475427941
TRINITY_DN12413_c5_g1_i7.p1,-1.49815027725914
TRINITY_DN12413_c5_g1_i9.p1,0.495837811616353
TRINITY_DN12414_c0_g1_i3.p1,-0.281410836208253
TRINITY_DN12414_c0_g1_i5.p1,-0.530139298752854
TRINITY_DN12414_c0_g1_i6.p1,1.32350064782302
TRINITY_DN12422_c0_g1_i2.p1,0.440896023547976
TRINITY_DN12426_c0_g1_i24.p1,-0.758495625618649
TRINITY_DN12426_c0_g1_i28.p1,-0.00440115577688218
TRINITY_DN12426_c0_g2_i3.p1,-0.1302221597548
TRINITY_DN12426_c0_g2_i6.p1,0.823951528975497
TRINITY_DN12428_c1_g1_i1.p1,-0.69590100272993
TRINITY_DN12428_c1_g1_i2.p1,0.157941487355031
TRINITY_DN12431_c0_g1_i1.p1,-0.0575624332012553
TRINITY_DN12431_c1_g1_i1.p1,1.29628213522027
TRINITY_DN12436_c0_g1_i4.p1,2.35381180734667
TRINITY_DN124509_c0_g1_i1.p1,-0.120090639299077
TRINITY_DN12451_c2_g1_i1.p1,-0.0460631308978665
TRINITY_DN1245_c0_g1_i3.p1,0.320335582146123
TRINITY_DN12466_c0_g1_i1.p1,-2.63863266506752
TRINITY_DN12466_c0_g1_i2.p1,-1.28983128809594
TRINITY_DN12479_c0_g1_i1.p1,-0.218897872411612
TRINITY_DN12479_c0_g1_i2.p1,1.4274186290976
TRINITY_DN12479_c0_g1_i3.p1,-1.60158196304021
TRINITY_DN1247_c1_g1_i1.p1,-0.404003704241411
TRINITY_DN1247_c1_g1_i3.p1,1.00245405572129
TRINITY_DN1247_c1_g1_i5.p1,0.679666707862996
TRINITY_DN1247_c1_g1_i6.p1,-0.366918775779012
TRINITY_DN1247_c1_g1_i8.p1,1.23460439552409
TRINITY_DN12491_c0_g1_i5.p1,1.02295496180413
TRINITY_DN12493_c0_g1_i1.p1,0.893784127962471
TRINITY_DN12493_c0_g2_i1.p1,-0.487031494913259
TRINITY_DN12493_c0_g3_i1.p1,0.155143922412828
TRINITY_DN124986_c0_g1_i1.p1,0.524726974463788
TRINITY_DN1249_c0_g1_i1.p1,-0.401889447488254
TRINITY_DN1249_c0_g1_i11.p1,-0.153955358615255
TRINITY_DN1249_c0_g1_i15.p1,0.465724863394842
TRINITY_DN1249_c0_g1_i2.p1,0.192857132658675
TRINITY_DN1249_c0_g1_i6.p1,-2.45070750884367
TRINITY_DN1249_c0_g1_i7.p1,-1.78650072707283
TRINITY_DN124_c0_g1_i16.p1,-1.04211225354567
TRINITY_DN124_c0_g1_i24.p1,-1.39532214488818
TRINITY_DN124_c0_g1_i51.p1,-1.14511728052486
TRINITY_DN125015_c0_g1_i1.p1,-2.03053058286118
TRINITY_DN12501_c0_g1_i2.p1,-1.20125784582505
TRINITY_DN12501_c0_g1_i3.p1,-0.120097073490535
TRINITY_DN12514_c0_g1_i1.p1,0.513051718577626
TRINITY_DN12516_c0_g1_i13.p1,-0.0237965796728507
TRINITY_DN12516_c0_g1_i15.p1,-0.36739747742056
TRINITY_DN12516_c0_g1_i18.p2,-0.22407490600115
TRINITY_DN12516_c0_g1_i2.p1,0.702470985051903
TRINITY_DN12516_c0_g1_i20.p1,-2.51383030770126
TRINITY_DN1251_c0_g1_i23.p1,-0.120087824337174
TRINITY_DN1251_c0_g1_i27.p1,0.711702722763809
TRINITY_DN1251_c0_g1_i31.p1,-0.527883676283034
TRINITY_DN1251_c1_g1_i39.p1,0.846218561272077
TRINITY_DN1251_c1_g1_i4.p1,-0.741865197637254
TRINITY_DN1251_c1_g1_i42.p1,-0.678603847048462
TRINITY_DN1251_c1_g1_i6.p1,0.0337052511168948
TRINITY_DN1251_c1_g2_i1.p1,0.713845115533562
TRINITY_DN125265_c0_g1_i1.p1,0.304125619605543
TRINITY_DN12528_c0_g1_i1.p1,-0.22359132899879
TRINITY_DN12545_c0_g1_i12.p1,0.393754917429062
TRINITY_DN1254_c0_g1_i3.p2,1.08271053502014
TRINITY_DN1254_c0_g1_i4.p1,-0.014200994623086
TRINITY_DN12564_c0_g1_i4.p1,-0.457170799459868
TRINITY_DN12569_c0_g1_i2.p1,-0.586098523491955
TRINITY_DN12569_c0_g1_i4.p1,-0.138548611541216
TRINITY_DN1256_c0_g1_i1.p1,0.748195519916709
TRINITY_DN1256_c0_g1_i13.p1,-0.582466881607986
TRINITY_DN1256_c0_g1_i14.p1,-1.0813488702713
TRINITY_DN1256_c0_g1_i3.p1,0.0963173443554987
TRINITY_DN1256_c0_g1_i6.p1,-0.0982941590551646
TRINITY_DN1256_c0_g1_i9.p1,0.00350910267238279
TRINITY_DN12586_c2_g1_i1.p1,-0.0863977385186151
TRINITY_DN125889_c0_g1_i1.p1,-0.375654798229384
TRINITY_DN126056_c0_g1_i1.p1,1.06785469157671
TRINITY_DN12611_c1_g1_i1.p1,-0.153092456791883
TRINITY_DN12618_c0_g4_i1.p1,-0.141644716881535
TRINITY_DN12618_c0_g5_i1.p1,1.19983209825057
TRINITY_DN12620_c0_g3_i1.p1,0.92437912971318
TRINITY_DN12620_c0_g3_i2.p1,1.27109395024985
TRINITY_DN12625_c0_g1_i2.p1,0.970479826366639
TRINITY_DN12630_c1_g2_i3.p1,1.53072435266218
TRINITY_DN12645_c2_g1_i2.p1,-0.170564715720541
TRINITY_DN12645_c2_g1_i4.p1,0.456981296478662
TRINITY_DN12657_c0_g1_i1.p1,-0.054894488908821
TRINITY_DN12657_c0_g1_i2.p1,0.206848488863437
TRINITY_DN12657_c0_g3_i2.p2,-0.246840539583128
TRINITY_DN12659_c0_g1_i9.p1,-0.120087824337175
TRINITY_DN12683_c0_g1_i12.p1,0.603934301403876
TRINITY_DN12683_c0_g1_i20.p1,1.23079532372444
TRINITY_DN12683_c0_g1_i7.p1,0.859734777534194
TRINITY_DN12687_c0_g1_i3.p1,2.22697959188181
TRINITY_DN12687_c0_g1_i5.p1,-1.16574886101944
TRINITY_DN12691_c0_g1_i11.p1,0.614358117448975
TRINITY_DN12691_c0_g1_i5.p1,-1.1246058700696
TRINITY_DN12691_c4_g1_i1.p1,0.463175307884485
TRINITY_DN12697_c0_g1_i1.p1,0.763342639075287
TRINITY_DN12697_c0_g1_i11.p1,-0.0954720626118762
TRINITY_DN12697_c0_g1_i13.p1,0.112000922532024
TRINITY_DN12697_c0_g1_i18.p1,0.230569270532106
TRINITY_DN12697_c0_g1_i5.p1,0.0874798581103459
TRINITY_DN12697_c0_g1_i6.p1,-0.264339068478831
TRINITY_DN12699_c0_g1_i1.p1,-0.72637707548583
TRINITY_DN12699_c0_g1_i6.p1,-0.360410338573917
TRINITY_DN12705_c0_g1_i7.p1,0.904252216220301
TRINITY_DN1270_c0_g1_i11.p1,0.611499370615632
TRINITY_DN12712_c2_g2_i4.p2,-0.25821055127972
TRINITY_DN127156_c0_g1_i1.p1,-0.0368803858823199
TRINITY_DN12717_c0_g1_i5.p1,-0.206308967648886
TRINITY_DN12727_c0_g1_i2.p1,-1.0233192353273
TRINITY_DN12727_c0_g1_i3.p1,0.49687148765841
TRINITY_DN12727_c0_g1_i7.p1,0.410827716490527
TRINITY_DN12745_c2_g1_i1.p1,0.754227190852373
TRINITY_DN12745_c2_g1_i4.p1,-0.615176163972588
TRINITY_DN12750_c0_g1_i2.p1,-0.419023682022434
TRINITY_DN12758_c0_g1_i3.p1,-0.195462702361947
TRINITY_DN12759_c1_g2_i16.p1,0.540689353389909
TRINITY_DN12764_c0_g2_i6.p1,-1.09836964410311
TRINITY_DN12771_c1_g1_i5.p1,-0.134015352831277
TRINITY_DN12785_c0_g1_i1.p2,0.166568864036485
TRINITY_DN1278_c8_g1_i2.p1,0.694790722145578
TRINITY_DN12791_c0_g1_i2.p1,-0.2923441210621
TRINITY_DN12791_c3_g2_i2.p1,0.546902234987891
TRINITY_DN12791_c3_g2_i4.p1,0.516580381185163
TRINITY_DN12792_c0_g3_i1.p1,-0.0428356056375069
TRINITY_DN12795_c0_g1_i1.p1,-0.627294978025822
TRINITY_DN1279_c0_g2_i2.p1,0.0597765246603942
TRINITY_DN1279_c0_g2_i3.p1,-0.480752688208286
TRINITY_DN127_c0_g2_i8.p1,0.78298635923439
TRINITY_DN127_c1_g1_i2.p1,1.28975468669154
TRINITY_DN127_c1_g1_i4.p1,0.0128066103580586
TRINITY_DN127_c1_g1_i6.p1,-0.202710226522714
TRINITY_DN1280_c0_g1_i28.p1,-0.0721276726473756
TRINITY_DN12812_c0_g1_i4.p1,-0.338351863827032
TRINITY_DN12812_c0_g1_i5.p1,-1.10061353987695
TRINITY_DN12812_c1_g1_i1.p1,-0.0873222224254599
TRINITY_DN1281_c1_g1_i10.p1,-0.0154061788298964
TRINITY_DN1281_c1_g1_i9.p1,-0.638308491616688
TRINITY_DN128424_c0_g1_i1.p1,-1.39731896231343
TRINITY_DN12849_c0_g1_i1.p1,0.710035993649095
TRINITY_DN12851_c0_g1_i1.p1,1.22941604644933
TRINITY_DN12851_c0_g1_i6.p1,0.479401053965481
TRINITY_DN128583_c0_g1_i1.p1,-0.155402013443709
TRINITY_DN1285_c0_g2_i5.p1,-1.07508793793622
TRINITY_DN1285_c0_g2_i8.p1,-1.70855326587668
TRINITY_DN1285_c1_g1_i10.p1,-1.15397762646011
TRINITY_DN1285_c1_g1_i14.p1,-0.0496595362114512
TRINITY_DN1285_c1_g1_i5.p1,-0.625260339936296
TRINITY_DN1285_c1_g1_i6.p1,2.60937132513265
TRINITY_DN12860_c0_g1_i13.p1,-3.5555315113172
TRINITY_DN12860_c0_g1_i23.p1,-3.55147312021644
TRINITY_DN12860_c0_g1_i8.p1,0.977855249758624
TRINITY_DN128680_c0_g1_i1.p1,1.79258049144713
TRINITY_DN128728_c0_g1_i1.p1,-1.20234649155267
TRINITY_DN128728_c0_g1_i2.p1,0.686058342092267
TRINITY_DN128743_c0_g1_i1.p1,0.63049549096665
TRINITY_DN128753_c0_g1_i1.p1,0.95148060321263
TRINITY_DN12876_c0_g2_i1.p1,-1.33157149461081
TRINITY_DN12876_c0_g2_i2.p1,0.326134605525553
TRINITY_DN12885_c0_g2_i2.p1,-1.20234689566444
TRINITY_DN12885_c0_g2_i3.p1,-0.845607945975604
TRINITY_DN12885_c0_g2_i4.p1,-0.133634767096769
TRINITY_DN12885_c0_g2_i5.p1,-0.625276761437903
TRINITY_DN12885_c0_g2_i7.p1,0.239321701257474
TRINITY_DN12885_c0_g2_i9.p1,0.585317929206091
TRINITY_DN128880_c0_g1_i1.p1,-0.625287460528251
TRINITY_DN12888_c0_g1_i5.p1,2.95631046439786
TRINITY_DN1288_c0_g2_i1.p1,-2.57963531514589
TRINITY_DN128905_c0_g1_i1.p1,0.456981296478662
TRINITY_DN128905_c0_g1_i2.p1,1.22147783708332
TRINITY_DN128914_c0_g1_i1.p1,0.117300131132423
TRINITY_DN128965_c0_g1_i1.p1,-0.120088226471002
TRINITY_DN128965_c0_g1_i4.p1,0.215609828891611
TRINITY_DN128970_c0_g1_i1.p1,-0.264340747884684
TRINITY_DN128977_c0_g1_i1.p1,-0.264339976653083
TRINITY_DN129051_c0_g1_i1.p1,0.721456701241914
TRINITY_DN129121_c0_g1_i1.p1,2.03702816857045
TRINITY_DN12914_c0_g1_i10.p1,0.268201766899112
TRINITY_DN12914_c0_g1_i3.p1,0.878245697828074
TRINITY_DN129167_c0_g1_i1.p1,-0.942547900920966
TRINITY_DN12922_c0_g1_i6.p1,2.70800034387736
TRINITY_DN12923_c0_g1_i1.p1,0.366598041310487
TRINITY_DN1292_c1_g1_i4.p1,-1.69401420513722
TRINITY_DN129326_c0_g1_i1.p1,0.643288632587572
TRINITY_DN129366_c0_g1_i1.p1,1.07414897552897
TRINITY_DN12938_c0_g1_i1.p1,0.929764137577958
TRINITY_DN12939_c0_g2_i1.p1,0.62781707679886
TRINITY_DN129456_c0_g1_i1.p1,-2.18015391891596
TRINITY_DN12954_c2_g1_i10.p1,-1.96609934380438
TRINITY_DN129591_c0_g1_i1.p1,1.74529428329052
TRINITY_DN129625_c0_g1_i1.p1,1.32320773634304
TRINITY_DN129653_c0_g1_i1.p1,-0.428798425861327
TRINITY_DN129734_c0_g1_i1.p1,-0.0175861492412669
TRINITY_DN12973_c0_g1_i1.p1,0.764720635671338
TRINITY_DN129762_c0_g1_i1.p1,0.0409174956117352
TRINITY_DN129818_c0_g1_i1.p1,-0.840498312399583
TRINITY_DN12987_c0_g1_i1.p1,0.324360957799107
TRINITY_DN12987_c0_g1_i3.p1,-0.264341236702932
TRINITY_DN12987_c0_g1_i4.p1,-0.709560779796827
TRINITY_DN12989_c0_g1_i13.p1,0.207401418048735
TRINITY_DN12989_c0_g1_i6.p1,-1.03608684232712
TRINITY_DN129914_c0_g1_i1.p1,0.292943259749033
TRINITY_DN130088_c0_g1_i1.p1,-0.429845448468116
TRINITY_DN130109_c0_g1_i1.p1,0.177990889971102
TRINITY_DN130146_c0_g1_i1.p1,-1.20233680777261
TRINITY_DN13015_c1_g1_i13.p1,0.833126841671376
TRINITY_DN13015_c1_g1_i2.p1,-1.27743069046928
TRINITY_DN13015_c1_g1_i20.p1,-0.271690258828211
TRINITY_DN13015_c1_g1_i5.p1,0.241569327828834
TRINITY_DN13020_c2_g1_i22.p1,-1.45356377581065
TRINITY_DN130230_c0_g1_i1.p1,-1.074517147868
TRINITY_DN130262_c0_g1_i1.p1,-1.037306271822
TRINITY_DN130262_c0_g1_i2.p1,-0.120093882430656
TRINITY_DN13027_c1_g2_i1.p1,0.93806641885338
TRINITY_DN13030_c0_g1_i1.p1,-0.115975909955953
TRINITY_DN13030_c2_g1_i12.p1,0.35182504029715
TRINITY_DN13032_c0_g2_i1.p1,-0.424243720670597
TRINITY_DN130386_c0_g1_i1.p1,-0.120107700617942
TRINITY_DN13038_c3_g1_i1.p1,-0.770043709651893
TRINITY_DN13044_c0_g1_i18.p1,-0.389494316203701
TRINITY_DN13044_c0_g1_i2.p1,-0.625244064880024
TRINITY_DN13044_c0_g1_i20.p1,-0.480745820591345
TRINITY_DN13044_c0_g1_i3.p1,0.089591619027742
TRINITY_DN13044_c0_g1_i32.p1,-1.28990542190217
TRINITY_DN13044_c0_g1_i34.p1,-1.62281553537838
TRINITY_DN13044_c0_g1_i36.p1,-1.51134205428837
TRINITY_DN13044_c0_g1_i43.p1,-0.431236417115046
TRINITY_DN13044_c0_g1_i7.p1,0.6514376233699
TRINITY_DN130496_c0_g1_i1.p1,1.23802518627823
TRINITY_DN1304_c0_g1_i136.p1,-0.724485785424968
TRINITY_DN1304_c0_g1_i145.p1,0.177538345536999
TRINITY_DN1304_c0_g1_i42.p1,1.01739009917755
TRINITY_DN1304_c0_g1_i55.p1,-0.246441886721602
TRINITY_DN1304_c0_g1_i8.p1,0.365738823090723
TRINITY_DN1304_c0_g1_i93.p1,1.29406106604322
TRINITY_DN130550_c0_g1_i1.p1,-3.06956434744466
TRINITY_DN13063_c0_g2_i1.p1,0.752216152120778
TRINITY_DN13063_c1_g1_i2.p1,0.958147116266111
TRINITY_DN13067_c0_g1_i3.p1,0.0346804235617002
TRINITY_DN1306_c0_g1_i11.p1,-0.153478872853681
TRINITY_DN1306_c0_g1_i15.p1,0.180484794225784
TRINITY_DN1306_c0_g1_i7.p1,0.0111613774402486
TRINITY_DN1306_c2_g1_i1.p1,0.43315832682273
TRINITY_DN1306_c2_g1_i17.p1,1.7026523298547
TRINITY_DN130711_c0_g1_i1.p1,-1.5781171505767
TRINITY_DN130800_c0_g1_i1.p1,0.586719485613828
TRINITY_DN13081_c0_g1_i1.p1,-0.817159606764537
TRINITY_DN130852_c0_g1_i1.p1,-0.411175323427645
TRINITY_DN13088_c0_g1_i1.p1,-0.372057030097739
TRINITY_DN13088_c0_g1_i2.p1,-0.0641071839867618
TRINITY_DN1308_c0_g1_i4.p1,-0.737712450254192
TRINITY_DN1308_c0_g1_i5.p1,1.65712729598174
TRINITY_DN1308_c0_g1_i50.p1,-0.570953054037893
TRINITY_DN1308_c0_g1_i51.p1,-0.085538933813673
TRINITY_DN13105_c0_g1_i1.p1,-0.00758085384641437
TRINITY_DN131138_c0_g1_i1.p1,-2.09694627855419
TRINITY_DN131195_c0_g1_i1.p1,-0.62528077966037
TRINITY_DN131214_c0_g1_i1.p1,0.388588322243107
TRINITY_DN131222_c0_g1_i1.p1,0.196202922449841
TRINITY_DN13125_c0_g2_i2.p1,0.126893691682142
TRINITY_DN131264_c0_g1_i1.p1,0.372155299789765
TRINITY_DN1312_c0_g1_i2.p1,-0.841401001883615
TRINITY_DN13133_c2_g7_i1.p1,0.430338442579007
TRINITY_DN131404_c0_g1_i1.p1,-0.409549048528866
TRINITY_DN131430_c0_g1_i1.p1,-0.26433469602968
TRINITY_DN131430_c0_g1_i2.p1,-0.808207275214471
TRINITY_DN131454_c0_g1_i1.p1,-0.264340011776479
TRINITY_DN131532_c0_g1_i1.p1,0.266078857238975
TRINITY_DN131532_c0_g1_i4.p1,-0.844340200237435
TRINITY_DN1315_c1_g2_i1.p1,0.0284796951776775
TRINITY_DN131600_c0_g1_i2.p1,-1.19536952301837
TRINITY_DN13164_c5_g1_i1.p1,-0.0942598041164174
TRINITY_DN13169_c0_g2_i1.p1,1.6566994919004
TRINITY_DN13169_c0_g2_i2.p1,0.999168809854918
TRINITY_DN13171_c1_g1_i3.p2,-2.20443356374236
TRINITY_DN13171_c2_g1_i2.p2,1.40186512623948
TRINITY_DN131733_c0_g1_i1.p1,1.60083630976633
TRINITY_DN13174_c0_g1_i17.p1,-0.480743005629443
TRINITY_DN13184_c0_g1_i8.p1,0.242262042922225
TRINITY_DN131850_c0_g1_i1.p1,-0.120096726146836
TRINITY_DN131865_c0_g1_i1.p1,1.07852848350853
TRINITY_DN13188_c0_g1_i1.p1,0.437449714444087
TRINITY_DN131915_c0_g1_i1.p1,1.46133883983639
TRINITY_DN13203_c0_g1_i1.p1,-0.421560062717563
TRINITY_DN13203_c0_g1_i4.p1,0.239860419670131
TRINITY_DN13203_c0_g1_i6.p1,-1.62631202271539
TRINITY_DN132093_c0_g1_i1.p1,-1.30046669730239
TRINITY_DN132118_c0_g1_i1.p1,-2.60261389098844
TRINITY_DN1322_c0_g1_i2.p1,2.59799803512388
TRINITY_DN1322_c0_g1_i6.p1,-0.534108632389092
TRINITY_DN132300_c0_g1_i1.p1,0.645480163571101
TRINITY_DN1323_c0_g1_i1.p1,-0.796110950365188
TRINITY_DN1323_c0_g1_i14.p1,1.19132496289348
TRINITY_DN1323_c0_g1_i17.p1,-1.25063224619364
TRINITY_DN1323_c0_g1_i22.p1,0.838812154013373
TRINITY_DN1323_c0_g1_i36.p1,1.03367177040891
TRINITY_DN1323_c0_g1_i9.p1,-0.720890645737558
TRINITY_DN132468_c0_g1_i1.p1,-0.409964705878865
TRINITY_DN132473_c0_g1_i1.p1,0.0963316204735404
TRINITY_DN132473_c0_g1_i2.p1,-0.903702128849864
TRINITY_DN132473_c0_g1_i3.p1,-1.41439268672443
TRINITY_DN13249_c0_g1_i11.p1,0.855056145872858
TRINITY_DN13249_c0_g1_i5.p1,1.11394904578179
TRINITY_DN13249_c0_g1_i7.p1,0.142863130948449
TRINITY_DN1324_c0_g1_i31.p1,-0.35891339017336
TRINITY_DN132521_c0_g1_i1.p1,-0.0221839495621152
TRINITY_DN132545_c0_g1_i1.p1,0.224162907471129
TRINITY_DN132546_c0_g1_i1.p1,1.60587074507464
TRINITY_DN13266_c1_g1_i3.p1,-0.110064682948207
TRINITY_DN13275_c0_g1_i1.p1,-0.0924982694404874
TRINITY_DN13275_c0_g1_i4.p1,-1.60724600597507
TRINITY_DN13275_c0_g1_i5.p1,0.519544297241413
TRINITY_DN132795_c0_g1_i1.p1,-0.39798753095156
TRINITY_DN13285_c0_g1_i2.p1,0.456981296478662
TRINITY_DN13285_c0_g1_i4.p1,0.456981296478662
TRINITY_DN13285_c0_g1_i5.p1,0.994150917396064
TRINITY_DN13285_c0_g1_i6.p1,-0.120091041432904
TRINITY_DN132921_c0_g1_i1.p1,2.02817566834574
TRINITY_DN132989_c0_g1_i1.p1,0.0963254368901949
TRINITY_DN1329_c2_g1_i2.p1,-0.326255646941916
TRINITY_DN132_c1_g1_i10.p1,-0.10701053166675
TRINITY_DN132_c1_g1_i2.p1,0.704320128581075
TRINITY_DN132_c1_g1_i3.p1,-0.272968200972155
TRINITY_DN133008_c0_g1_i1.p1,0.622606729723024
TRINITY_DN13300_c0_g1_i20.p1,-0.0900524665917669
TRINITY_DN13300_c0_g1_i30.p1,1.36988738826657
TRINITY_DN13300_c0_g1_i31.p1,-0.120088226471002
TRINITY_DN13300_c0_g1_i35.p1,0.281564148714783
TRINITY_DN13300_c0_g1_i37.p1,-0.646538870832711
TRINITY_DN133029_c0_g1_i1.p1,-2.79033683109628
TRINITY_DN133049_c0_g1_i1.p1,-1.19307447778231
TRINITY_DN13307_c0_g4_i1.p1,0.871925857432734
TRINITY_DN13307_c4_g1_i1.p1,0.11900689962193
TRINITY_DN13310_c0_g4_i1.p1,0.209887369633882
TRINITY_DN13330_c1_g1_i1.p1,0.884764442976807
TRINITY_DN13330_c1_g1_i2.p1,1.15097611423775
TRINITY_DN13348_c0_g1_i13.p1,-1.20233786861848
TRINITY_DN13355_c0_g1_i6.p1,-0.480752409400467
TRINITY_DN133574_c0_g1_i1.p1,-0.349439037262551
TRINITY_DN13357_c1_g1_i1.p1,-0.264340627645412
TRINITY_DN13357_c1_g1_i2.p1,1.17122010220702
TRINITY_DN1335_c0_g4_i2.p2,0.122665245708369
TRINITY_DN1335_c2_g1_i5.p2,-0.11480058505622
TRINITY_DN1335_c2_g2_i3.p1,-0.454281170149413
TRINITY_DN1335_c2_g2_i4.p1,0.396287407245127
TRINITY_DN133618_c0_g1_i2.p1,0.228325662385999
TRINITY_DN13362_c0_g3_i1.p1,-0.218855949013146
TRINITY_DN13362_c3_g1_i1.p1,-0.209722521065398
TRINITY_DN133633_c0_g1_i1.p1,0.195060507462661
TRINITY_DN133762_c0_g1_i1.p1,0.22082334834795
TRINITY_DN1337_c0_g1_i25.p1,-0.945945042993076
TRINITY_DN1337_c0_g1_i5.p1,-0.120094633234964
TRINITY_DN1337_c1_g1_i2.p1,-0.417210304903174
TRINITY_DN1337_c1_g1_i6.p1,2.289923489755
TRINITY_DN1337_c1_g1_i9.p1,1.59004251112647
TRINITY_DN133861_c0_g1_i1.p1,-0.120094633234965
TRINITY_DN133956_c0_g1_i1.p1,-0.166478817791271
TRINITY_DN13397_c0_g1_i2.p1,1.50077108488468
TRINITY_DN13397_c0_g1_i3.p1,-0.00204748255528762
TRINITY_DN13397_c0_g1_i5.p1,-0.815812337808666
TRINITY_DN133_c0_g1_i1.p1,-0.689029733579397
TRINITY_DN133_c0_g1_i4.p1,0.162702441759389
TRINITY_DN134127_c0_g1_i1.p1,0.911486058493073
TRINITY_DN13412_c0_g1_i12.p1,0.770766262938734
TRINITY_DN13412_c0_g1_i15.p1,-1.004971846137
TRINITY_DN13415_c0_g1_i7.p1,-0.844177235803156
TRINITY_DN134162_c0_g1_i1.p1,-0.480748365678978
TRINITY_DN13420_c0_g1_i3.p1,-0.309274753977306
TRINITY_DN134253_c0_g1_i1.p1,-3.28341707764369
TRINITY_DN134261_c0_g1_i1.p1,-0.264339212608308
TRINITY_DN1342_c0_g1_i1.p1,-0.0634239143279087
TRINITY_DN1342_c0_g1_i7.p1,-0.281926740646207
TRINITY_DN134317_c0_g1_i1.p1,0.706395035574382
TRINITY_DN134346_c0_g1_i1.p2,-1.70391381244361
TRINITY_DN134356_c0_g1_i1.p1,-0.120096726146836
TRINITY_DN13442_c0_g1_i3.p1,-2.43037012847422
TRINITY_DN13442_c0_g1_i6.p1,0.252017584080653
TRINITY_DN13446_c0_g2_i6.p1,-1.02573701842159
TRINITY_DN13446_c0_g2_i8.p1,-0.869897430034232
TRINITY_DN1344_c1_g1_i2.p1,1.58594125716938
TRINITY_DN134560_c0_g1_i1.p1,-0.961425369431632
TRINITY_DN134576_c0_g1_i2.p1,-0.216833333570978
TRINITY_DN1345_c0_g1_i1.p1,0.0681247982486357
TRINITY_DN13462_c0_g1_i3.p1,-0.0174314602209578
TRINITY_DN13462_c1_g1_i1.p1,0.276673845320398
TRINITY_DN134671_c0_g1_i1.p1,-0.443299614126373
TRINITY_DN134672_c0_g1_i1.p1,-1.67278857755547
TRINITY_DN134685_c0_g1_i1.p1,-1.20234771531104
TRINITY_DN134760_c0_g1_i1.p1,-0.942600660441344
TRINITY_DN13479_c1_g1_i1.p1,-1.89641278475975
TRINITY_DN13479_c1_g1_i2.p1,-0.480752932037235
TRINITY_DN1347_c4_g1_i1.p1,-0.152228074431053
TRINITY_DN13489_c6_g1_i1.p1,0.265671427960037
TRINITY_DN134965_c0_g1_i1.p1,0.776012022393199
TRINITY_DN135073_c0_g1_i1.p1,-0.0437308243621025
TRINITY_DN1350_c0_g1_i1.p1,0.841491560148004
TRINITY_DN1350_c0_g1_i3.p1,0.169945978937476
TRINITY_DN135135_c0_g1_i1.p1,0.0963175568812543
TRINITY_DN135156_c0_g1_i1.p1,1.59706014770881
TRINITY_DN1351_c1_g1_i1.p1,-0.599650264717439
TRINITY_DN13522_c0_g1_i2.p1,-0.177538241845057
TRINITY_DN13526_c0_g1_i1.p1,0.0963233002244915
TRINITY_DN13526_c0_g1_i10.p1,0.573027915366198
TRINITY_DN13526_c0_g1_i11.p1,-0.480746222725173
TRINITY_DN13526_c0_g1_i12.p1,-0.120091041432904
TRINITY_DN13526_c0_g1_i4.p1,0.0963233002244917
TRINITY_DN135281_c0_g1_i1.p1,0.0963283176276509
TRINITY_DN1353_c0_g1_i12.p1,-0.0631028682046928
TRINITY_DN1353_c0_g1_i14.p1,0.517801646144301
TRINITY_DN1353_c0_g1_i18.p1,-0.581985857048376
TRINITY_DN1353_c0_g1_i22.p1,1.57079249320903
TRINITY_DN1353_c0_g1_i27.p1,-0.00869850609387709
TRINITY_DN1353_c0_g1_i29.p1,-0.721764321988246
TRINITY_DN1353_c0_g1_i39.p1,0.505127063062955
TRINITY_DN13544_c0_g1_i3.p1,-0.775540286090578
TRINITY_DN13544_c0_g1_i4.p1,-0.400101249005534
TRINITY_DN13544_c0_g1_i5.p1,-1.22467103688312
TRINITY_DN13550_c0_g1_i12.p1,-1.20234689566444
TRINITY_DN13550_c0_g1_i2.p1,-1.9338048044694
TRINITY_DN13550_c0_g1_i5.p1,-1.20234967774232
TRINITY_DN13550_c0_g1_i8.p1,-0.629171868051522
TRINITY_DN135517_c0_g1_i1.p1,0.0901667746158239
TRINITY_DN13551_c0_g1_i15.p1,-1.13093258723219
TRINITY_DN13551_c0_g1_i23.p1,-1.09379294852949
TRINITY_DN13551_c0_g1_i32.p1,0.478702253237866
TRINITY_DN13551_c0_g1_i51.p1,-0.84141564142997
TRINITY_DN13557_c0_g1_i2.p1,-0.788230426290232
TRINITY_DN13561_c4_g1_i1.p1,0.257513315511785
TRINITY_DN1357_c0_g1_i1.p1,-1.15113745253676
TRINITY_DN1357_c0_g1_i5.p1,0.359763788119839
TRINITY_DN13581_c0_g1_i2.p1,-0.354789264275012
TRINITY_DN13581_c0_g1_i4.p1,-2.58616620427486
TRINITY_DN135988_c0_g1_i1.p1,-0.625232410560742
TRINITY_DN1359_c1_g1_i5.p1,-0.120094530565324
TRINITY_DN13606_c2_g1_i1.p1,1.13570850003925
TRINITY_DN13627_c7_g1_i1.p1,0.039709409281265
TRINITY_DN136330_c0_g1_i1.p1,-1.76737915120787
TRINITY_DN13636_c1_g2_i1.p1,0.0523471336711935
TRINITY_DN13640_c0_g1_i12.p1,-1.28110638865493
TRINITY_DN13640_c0_g1_i14.p1,-0.727333849026052
TRINITY_DN13640_c0_g1_i19.p1,-2.50366281694993
TRINITY_DN13640_c0_g1_i20.p1,-0.424741016181414
TRINITY_DN13640_c0_g1_i6.p1,-1.2013657986317
TRINITY_DN13640_c0_g1_i9.p1,-0.120094551175484
TRINITY_DN13644_c1_g1_i4.p1,0.336382602898501
TRINITY_DN13645_c0_g1_i1.p1,-0.120098004270841
TRINITY_DN13645_c0_g1_i4.p1,0.00422216965201727
TRINITY_DN13646_c0_g1_i1.p1,0.559552628291838
TRINITY_DN136509_c0_g1_i1.p1,-1.36351832479851
TRINITY_DN13651_c3_g1_i1.p1,-2.44637594673406
TRINITY_DN136592_c0_g1_i1.p1,-0.12008597144527
TRINITY_DN136674_c0_g1_i1.p1,-0.12009882508506
TRINITY_DN13671_c0_g2_i2.p1,0.270951909267545
TRINITY_DN1367_c0_g1_i3.p1,-1.89457736038226
TRINITY_DN13681_c2_g2_i1.p1,0.372678471323359
TRINITY_DN136985_c0_g1_i1.p1,0.838235000802046
TRINITY_DN136_c0_g1_i112.p1,0.769976183527312
TRINITY_DN136_c0_g1_i154.p1,0.242193423879803
TRINITY_DN136_c0_g1_i23.p1,-1.20234724359714
TRINITY_DN136_c0_g1_i67.p1,-1.17972717023472
TRINITY_DN136_c0_g1_i69.p1,1.05490940234939
TRINITY_DN136_c0_g1_i72.p1,-0.823696680555482
TRINITY_DN136_c0_g1_i79.p1,2.45554516090278
TRINITY_DN13703_c0_g1_i5.p1,0.511374172822402
TRINITY_DN137041_c0_g1_i1.p1,0.758272834838075
TRINITY_DN13713_c0_g1_i1.p1,0.663261179841221
TRINITY_DN137171_c0_g1_i1.p1,-1.57932495020071
TRINITY_DN13722_c0_g1_i4.p1,-0.595829569065791
TRINITY_DN137242_c0_g1_i1.p1,-1.82494195959584
TRINITY_DN137375_c0_g1_i1.p1,-0.480765496746781
TRINITY_DN13741_c0_g1_i2.p2,0.924685650742084
TRINITY_DN13741_c0_g4_i1.p1,0.515032019600799
TRINITY_DN137446_c0_g1_i1.p1,-0.429822044683472
TRINITY_DN13756_c0_g2_i2.p1,-0.715958972776867
TRINITY_DN13757_c1_g2_i1.p2,-0.337760492799338
TRINITY_DN13758_c0_g1_i1.p1,0.0589779393142425
TRINITY_DN13758_c0_g1_i3.p1,-0.625189841256496
TRINITY_DN13758_c0_g1_i4.p1,-1.70746982702788
TRINITY_DN13766_c5_g1_i3.p1,0.740782538992359
TRINITY_DN1376_c0_g1_i10.p1,-1.48145348903463
TRINITY_DN1376_c0_g1_i5.p1,0.503118195263472
TRINITY_DN1376_c0_g1_i8.p1,0.134775060512354
TRINITY_DN1376_c0_g1_i9.p1,-0.147814123069738
TRINITY_DN13773_c0_g1_i3.p1,-1.41362864512518
TRINITY_DN13773_c0_g1_i6.p1,0.0975973936493284
TRINITY_DN13776_c0_g1_i10.p1,-0.480754599562669
TRINITY_DN13776_c0_g1_i9.p1,-0.120093454260978
TRINITY_DN13781_c0_g3_i1.p1,0.182619451805667
TRINITY_DN137848_c0_g1_i1.p1,1.22810746900357
TRINITY_DN1378_c0_g1_i8.p1,0.351050260591331
TRINITY_DN13794_c0_g1_i44.p1,-0.714269118956969
TRINITY_DN13794_c0_g1_i50.p1,-0.279371434998612
TRINITY_DN137971_c0_g1_i1.p1,1.86277622683942
TRINITY_DN13800_c0_g1_i6.p1,-0.0848352189783218
TRINITY_DN1380_c0_g1_i12.p1,0
TRINITY_DN138222_c0_g1_i1.p1,-1.79624736736159
TRINITY_DN138226_c0_g1_i1.p1,-2.37128977575857
TRINITY_DN138260_c0_g1_i1.p1,-0.120100876619793
TRINITY_DN13831_c0_g1_i1.p1,-0.761476087760615
TRINITY_DN13853_c0_g1_i5.p1,0.241977949908904
TRINITY_DN138549_c0_g1_i1.p1,-0.120105441383789
TRINITY_DN1385_c0_g1_i1.p1,-0.518057466131097
TRINITY_DN1385_c0_g1_i10.p1,1.55245565749753
TRINITY_DN1385_c0_g1_i3.p1,0.100413513493918
TRINITY_DN1385_c0_g1_i4.p1,-1.99714454820346
TRINITY_DN1385_c0_g1_i7.p1,-0.77302543909445
TRINITY_DN13862_c0_g1_i13.p1,-1.03826414222301
TRINITY_DN13862_c0_g1_i14.p1,1.16517823967482
TRINITY_DN13862_c0_g1_i15.p1,0.567556262465953
TRINITY_DN138661_c0_g1_i1.p2,-0.120093454260979
TRINITY_DN13872_c0_g1_i8.p1,-0.213805277934225
TRINITY_DN13876_c0_g1_i1.p1,1.29614234245713
TRINITY_DN13876_c0_g1_i10.p1,-2.0303235233586
TRINITY_DN13876_c0_g1_i8.p1,-0.648745070631141
TRINITY_DN13883_c0_g1_i3.p1,0.652759946865414
TRINITY_DN13885_c0_g2_i1.p1,0.688233799102881
TRINITY_DN13885_c0_g2_i3.p1,-0.276266774754895
TRINITY_DN1389_c0_g1_i17.p1,-0.128046586754635
TRINITY_DN1389_c0_g1_i7.p1,1.06380120125239
TRINITY_DN13911_c0_g1_i2.p1,0.16151318448346
TRINITY_DN13911_c0_g1_i3.p1,-1.55903512035357
TRINITY_DN139122_c0_g1_i1.p1,1.40257921907603
TRINITY_DN13914_c0_g1_i11.p1,-0.409099348380935
TRINITY_DN13914_c0_g1_i20.p1,0.0963298894230437
TRINITY_DN13914_c0_g1_i28.p1,0.531721812098725
TRINITY_DN13914_c0_g1_i59.p1,0.0963233002244916
TRINITY_DN13918_c0_g1_i1.p1,0.396663971519495
TRINITY_DN13918_c0_g1_i2.p1,-0.480743005629443
TRINITY_DN13918_c0_g1_i4.p1,-2.40947517095267
TRINITY_DN1391_c0_g1_i2.p1,0.293251333128188
TRINITY_DN1391_c0_g1_i4.p1,-0.0313008435205458
TRINITY_DN13920_c0_g1_i10.p1,-0.201676616969346
TRINITY_DN13920_c0_g1_i9.p1,1.63983404930987
TRINITY_DN13930_c1_g1_i1.p1,0.906258955416846
TRINITY_DN13930_c1_g1_i2.p1,-0.123601010481195
TRINITY_DN13930_c1_g1_i3.p1,-0.62448610280335
TRINITY_DN13938_c1_g1_i8.p1,0.438537507529238
TRINITY_DN139398_c0_g1_i2.p1,-0.445032744515662
TRINITY_DN13940_c0_g1_i2.p1,1.20002582591087
TRINITY_DN13948_c0_g2_i3.p1,-0.841404218979345
TRINITY_DN13948_c0_g2_i4.p1,-0.799857594697125
TRINITY_DN13953_c1_g1_i3.p1,1.14119818767854
TRINITY_DN13959_c0_g1_i1.p1,0.379870243896028
TRINITY_DN13969_c1_g1_i16.p1,-2.34066337145311
TRINITY_DN13969_c1_g1_i23.p1,-0.416170819038213
TRINITY_DN13969_c1_g1_i4.p1,0.343702866051463
TRINITY_DN13969_c1_g1_i6.p1,1.04162536441073
TRINITY_DN139702_c0_g1_i1.p1,0.0963232535570295
TRINITY_DN139745_c0_g1_i1.p1,0.0963235637746585
TRINITY_DN13976_c0_g2_i1.p1,0.498401313725239
TRINITY_DN13992_c0_g1_i1.p2,-0.63125805076745
TRINITY_DN139_c0_g1_i13.p1,-1.2056668184911
TRINITY_DN139_c0_g1_i15.p1,1.03740547383315
TRINITY_DN139_c0_g1_i6.p1,0.480166626626539
TRINITY_DN140014_c0_g1_i1.p1,-0.264341277505215
TRINITY_DN14004_c1_g1_i1.p1,-0.507404464982541
TRINITY_DN14004_c1_g1_i2.p1,2.58796304214131
TRINITY_DN1400_c0_g1_i3.p2,-0.120088226471002
TRINITY_DN1400_c0_g1_i4.p2,1.000367942123
TRINITY_DN1400_c0_g1_i7.p2,-0.815485719974564
TRINITY_DN1400_c7_g1_i1.p1,0.146730443910279
TRINITY_DN14017_c0_g3_i1.p1,-0.141744020293672
TRINITY_DN14019_c0_g1_i5.p1,2.07772378707412
TRINITY_DN1401_c0_g1_i10.p1,-0.67562833422948
TRINITY_DN1401_c0_g1_i15.p1,-0.410842331359222
TRINITY_DN1401_c0_g1_i9.p1,-1.40922158662838
TRINITY_DN14029_c1_g5_i2.p1,0.0329628416300042
TRINITY_DN1402_c1_g1_i1.p1,1.44771233509328
TRINITY_DN1402_c1_g1_i2.p1,-2.72957491376057
TRINITY_DN14032_c0_g1_i1.p1,-0.30291521498685
TRINITY_DN14036_c0_g1_i1.p1,-1.86874289881328
TRINITY_DN14036_c0_g1_i2.p1,0.45697489715248
TRINITY_DN14036_c0_g1_i3.p1,-0.841401001883615
TRINITY_DN14036_c0_g1_i4.p1,-1.20235023507854
TRINITY_DN14040_c0_g2_i1.p1,-1.99763279439322
TRINITY_DN14040_c0_g2_i5.p1,-0.120090639299077
TRINITY_DN14043_c0_g1_i14.p1,-1.64394163058425
TRINITY_DN14043_c0_g1_i18.p1,-1.53635192995233
TRINITY_DN14043_c0_g1_i22.p1,-2.5213469625446
TRINITY_DN14043_c0_g1_i5.p1,0.0963229102794476
TRINITY_DN14043_c0_g1_i6.p1,-0.719551342547781
TRINITY_DN14043_c0_g1_i7.p1,-0.00670778550638618
TRINITY_DN14043_c0_g1_i9.p1,0.570242006371412
TRINITY_DN14056_c0_g1_i9.p1,-0.120099694720305
TRINITY_DN14062_c0_g1_i11.p1,-0.142316136330017
TRINITY_DN14062_c0_g1_i21.p1,-1.20234689566444
TRINITY_DN14062_c0_g1_i22.p1,-0.841415182654376
TRINITY_DN14062_c0_g1_i25.p1,-0.480751439553538
TRINITY_DN14062_c0_g1_i48.p1,-0.480745820591345
TRINITY_DN14062_c0_g1_i56.p1,0.951484444750269
TRINITY_DN14062_c0_g1_i8.p1,0.0445818886840606
TRINITY_DN14064_c0_g1_i6.p1,0.710204418214713
TRINITY_DN14064_c0_g1_i7.p1,-0.307629380686825
TRINITY_DN14064_c1_g2_i4.p1,-0.712734713134868
TRINITY_DN140773_c0_g1_i1.p1,-2.13389073795034
TRINITY_DN14082_c2_g1_i1.p2,0.253062890979076
TRINITY_DN14085_c0_g1_i13.p1,-0.841411065595212
TRINITY_DN14085_c0_g1_i2.p1,-2.80262583333799
TRINITY_DN14085_c0_g1_i3.p1,0.197556443666584
TRINITY_DN14085_c0_g1_i7.p1,0.413320543441673
TRINITY_DN14088_c0_g1_i1.p1,1.01217864463356
TRINITY_DN14090_c0_g1_i2.p1,-0.917507804984662
TRINITY_DN14091_c0_g1_i41.p1,0.203463528263153
TRINITY_DN14091_c0_g1_i82.p1,-1.8521209274605
TRINITY_DN14098_c0_g1_i1.p1,-0.0430528098763429
TRINITY_DN1410_c0_g1_i11.p1,0.321678688565052
TRINITY_DN14110_c0_g1_i1.p1,-0.681316865403116
TRINITY_DN14110_c0_g1_i2.p1,-0.651582989610591
TRINITY_DN14113_c0_g1_i1.p1,-1.55877015819239
TRINITY_DN14113_c0_g1_i2.p1,-0.120100170364115
TRINITY_DN1414_c0_g1_i46.p1,1.70912436818211
TRINITY_DN14157_c2_g1_i1.p1,-1.77505546491891
TRINITY_DN14171_c0_g2_i1.p1,-0.435284712978967
TRINITY_DN14171_c6_g1_i1.p2,0.254351505678908
TRINITY_DN14179_c0_g1_i6.p1,-0.462924081825005
TRINITY_DN14179_c0_g1_i9.p1,0.156216561900541
TRINITY_DN14187_c1_g1_i1.p1,-0.301698227576722
TRINITY_DN14187_c2_g3_i1.p1,0.215145269386033
TRINITY_DN14187_c2_g3_i2.p1,-0.103108023003894
TRINITY_DN1418_c1_g1_i2.p1,0.398424662816159
TRINITY_DN1418_c1_g1_i5.p1,1.08900514028806
TRINITY_DN14192_c0_g1_i2.p1,-0.573703112189186
TRINITY_DN14192_c0_g1_i3.p1,0.34640883619649
TRINITY_DN14192_c0_g1_i6.p1,0.0963233002244915
TRINITY_DN14192_c0_g1_i7.p1,0.0445469568605313
TRINITY_DN14193_c0_g1_i4.p1,1.52408097898381
TRINITY_DN14194_c1_g2_i2.p1,0.335940009883181
TRINITY_DN141_c2_g1_i1.p1,-0.418282069643014
TRINITY_DN14209_c1_g1_i1.p1,-0.449464262940307
TRINITY_DN14209_c3_g1_i1.p1,-0.298134099640233
TRINITY_DN1420_c0_g1_i2.p1,-2.62436887228987
TRINITY_DN1420_c0_g1_i3.p1,-0.316433431644091
TRINITY_DN14211_c0_g1_i1.p2,-1.20134589467643
TRINITY_DN14217_c0_g1_i1.p1,-1.7666660748452
TRINITY_DN14217_c0_g1_i8.p1,-0.633703843963706
TRINITY_DN14218_c0_g2_i1.p1,1.08218935560262
TRINITY_DN142198_c0_g1_i1.p1,-0.480750365949845
TRINITY_DN14255_c0_g1_i1.p1,1.08861321400125
TRINITY_DN142609_c0_g1_i1.p2,-0.12009882508506
TRINITY_DN14280_c1_g1_i3.p1,-0.0778663358964693
TRINITY_DN14282_c0_g1_i2.p2,0.599059369324861
TRINITY_DN14282_c0_g1_i5.p1,0.303065695724106
TRINITY_DN14282_c0_g1_i6.p1,-0.359649647053796
TRINITY_DN14306_c1_g2_i1.p1,-0.212329935002141
TRINITY_DN14315_c0_g1_i101.p1,-3.46295004921773
TRINITY_DN14315_c0_g1_i103.p1,0.595994056489319
TRINITY_DN14315_c0_g1_i42.p1,0.977574523989042
TRINITY_DN14329_c0_g1_i5.p1,-0.00447090598530654
TRINITY_DN14338_c0_g1_i1.p1,-0.480747417899166
TRINITY_DN14338_c0_g1_i2.p1,-0.904880387117209
TRINITY_DN14338_c0_g1_i6.p2,-1.53883307751453
TRINITY_DN1433_c2_g1_i2.p1,1.03368860500691
TRINITY_DN14341_c0_g1_i1.p1,0.304103291233528
TRINITY_DN14344_c0_g1_i1.p1,0.885906375828075
TRINITY_DN14350_c0_g1_i14.p1,-1.88460996762719
TRINITY_DN14350_c0_g1_i16.p1,1.06083873162072
TRINITY_DN14350_c0_g1_i17.p1,1.3952918577999
TRINITY_DN14350_c0_g1_i18.p1,-1.89545353055522
TRINITY_DN14350_c0_g1_i2.p1,0.0256067782413729
TRINITY_DN14351_c1_g1_i1.p1,1.08949497952476
TRINITY_DN14351_c1_g1_i3.p1,0.733884927242635
TRINITY_DN143600_c0_g1_i1.p1,0.0963280533291066
TRINITY_DN14363_c0_g2_i10.p1,0.922823647983329
TRINITY_DN14363_c0_g2_i3.p1,-0.0919306186079896
TRINITY_DN14363_c0_g2_i5.p1,-0.120091443566731
TRINITY_DN14363_c0_g2_i9.p1,0.0963269202696357
TRINITY_DN14365_c0_g1_i3.p1,0.0979158019107322
TRINITY_DN14365_c0_g1_i4.p1,-1.59373212215067
TRINITY_DN14371_c0_g1_i4.p1,0.357032175253873
TRINITY_DN14371_c0_g1_i5.p1,-0.0570610420418774
TRINITY_DN1437_c0_g1_i7.p1,-0.59763087853143
TRINITY_DN14387_c0_g1_i1.p1,0.337884062259868
TRINITY_DN14389_c0_g1_i3.p1,0.147591944796119
TRINITY_DN14389_c0_g1_i5.p1,2.11420066015101
TRINITY_DN14390_c0_g1_i19.p1,-1.88366073218821
TRINITY_DN14390_c0_g1_i4.p1,1.42177294204403
TRINITY_DN14392_c0_g1_i3.p1,0.634785253151714
TRINITY_DN14392_c0_g1_i4.p1,-0.289196943893377
TRINITY_DN14402_c0_g2_i1.p1,0.322974765352163
TRINITY_DN14402_c1_g1_i1.p1,0.356686974999521
TRINITY_DN14432_c0_g1_i1.p1,-1.12601257121284
TRINITY_DN14433_c0_g1_i7.p1,-1.20193675928913
TRINITY_DN14433_c0_g1_i8.p1,-1.05453058964377
TRINITY_DN1443_c0_g1_i3.p1,-0.672967722580776
TRINITY_DN14441_c0_g1_i1.p1,-0.200515869309085
TRINITY_DN14448_c0_g1_i3.p1,0.456978079382933
TRINITY_DN14452_c0_g1_i5.p1,-1.19830897415077
TRINITY_DN14472_c0_g1_i1.p1,-0.441132954945017
TRINITY_DN14472_c0_g1_i7.p1,-0.443314328105273
TRINITY_DN144732_c0_g1_i1.p1,0.0314069539633497
TRINITY_DN14475_c0_g1_i1.p1,0.338051182181403
TRINITY_DN144768_c0_g1_i1.p1,-0.0733522060883551
TRINITY_DN144798_c0_g1_i1.p1,1.73443291477451
TRINITY_DN1447_c0_g1_i26.p1,-0.206500901025858
TRINITY_DN1447_c0_g1_i51.p1,0.540685169355691
TRINITY_DN1447_c0_g1_i67.p1,-0.841428587437029
TRINITY_DN144885_c0_g1_i1.p1,1.21397357059156
TRINITY_DN1448_c1_g5_i1.p1,-0.433496439526102
TRINITY_DN144902_c0_g1_i1.p1,-0.253354354715815
TRINITY_DN144916_c0_g1_i1.p1,0.10121018484179
TRINITY_DN14492_c0_g2_i1.p1,0.311169135264348
TRINITY_DN14501_c1_g1_i7.p1,0.28480764760615
TRINITY_DN14503_c0_g1_i1.p1,0.046919703597507
TRINITY_DN14503_c0_g1_i2.p1,0.627578522985595
TRINITY_DN145091_c0_g1_i2.p1,-2.36880404461198
TRINITY_DN145096_c0_g1_i1.p1,-0.0783595458664668
TRINITY_DN14509_c0_g1_i1.p1,-0.862617638586654
TRINITY_DN145112_c0_g1_i1.p1,-3.16105866410675
TRINITY_DN14511_c0_g1_i3.p1,-0.841403816845517
TRINITY_DN14511_c0_g1_i5.p1,-1.21087873969746
TRINITY_DN14511_c0_g1_i8.p1,3.85992423435334
TRINITY_DN145131_c0_g1_i1.p1,1.18403693536384
TRINITY_DN145165_c0_g1_i1.p1,-0.210387295359608
TRINITY_DN145187_c0_g1_i1.p1,-2.54167083778529
TRINITY_DN145230_c0_g1_i1.p1,-0.120104115353242
TRINITY_DN145253_c0_g1_i1.p1,-0.0170281566964253
TRINITY_DN145276_c0_g1_i2.p1,0.816117905611808
TRINITY_DN145281_c0_g1_i1.p1,1.61978050843429
TRINITY_DN14529_c1_g1_i5.p1,-0.0755342436255162
TRINITY_DN1452_c0_g2_i5.p1,-0.0240463463902672
TRINITY_DN14530_c1_g1_i1.p1,1.10070762466121
TRINITY_DN14530_c1_g1_i2.p1,-0.769120090220602
TRINITY_DN14530_c1_g1_i3.p1,-0.118921576930635
TRINITY_DN14530_c1_g2_i1.p1,0.172923342554772
TRINITY_DN145324_c0_g1_i1.p1,-0.120094633234965
TRINITY_DN145346_c0_g1_i1.p1,0.000531509207659269
TRINITY_DN145358_c0_g1_i3.p1,-0.35525909366375
TRINITY_DN145358_c0_g1_i4.p1,0.456996958995067
TRINITY_DN145371_c0_g1_i1.p1,-1.61079640636491
TRINITY_DN1453_c0_g2_i7.p1,-0.0203598451163132
TRINITY_DN1453_c1_g1_i9.p1,0.00116861250470076
TRINITY_DN1453_c3_g1_i1.p1,-0.577678350349617
TRINITY_DN14541_c0_g1_i2.p1,0.52966227780948
TRINITY_DN14541_c0_g1_i3.p1,0.0522194114088779
TRINITY_DN14541_c0_g1_i5.p1,0.239593638835711
TRINITY_DN14541_c0_g1_i6.p1,-1.0881669016702
TRINITY_DN14541_c0_g1_i7.p1,1.37343223127834
TRINITY_DN1454_c1_g1_i2.p1,0.217259214202094
TRINITY_DN1454_c1_g1_i21.p1,-0.0751403094425195
TRINITY_DN1454_c1_g1_i26.p1,-1.5184890553529
TRINITY_DN1454_c1_g1_i4.p1,0.240871127658583
TRINITY_DN1454_c1_g1_i40.p1,-0.410120552125151
TRINITY_DN1454_c1_g1_i43.p1,-0.111345704022696
TRINITY_DN145596_c0_g1_i1.p1,-0.013399932192733
TRINITY_DN145609_c0_g1_i1.p1,-0.48074831241274
TRINITY_DN145617_c0_g1_i1.p1,-1.17087724521766
TRINITY_DN145628_c0_g1_i1.p1,-0.841407888112311
TRINITY_DN145628_c0_g1_i2.p1,-0.120087824337175
TRINITY_DN145628_c0_g1_i3.p1,0.45697848151676
TRINITY_DN14567_c0_g2_i2.p2,-0.615272752641581
TRINITY_DN14567_c0_g3_i2.p2,2.02343874988817
TRINITY_DN145687_c0_g1_i1.p1,2.74584395135897
TRINITY_DN14569_c0_g1_i5.p1,0.0684894413434435
TRINITY_DN145801_c0_g1_i1.p1,-1.12202929804251
TRINITY_DN145843_c0_g1_i1.p1,1.58101207584003
TRINITY_DN145883_c0_g1_i1.p1,1.12160522416117
TRINITY_DN145907_c0_g1_i1.p1,0.657951678819039
TRINITY_DN145927_c0_g1_i1.p1,-1.12168250693119
TRINITY_DN145974_c0_g1_i1.p1,-1.10267096220291
TRINITY_DN145_c1_g1_i1.p1,-1.04205370315531
TRINITY_DN145_c1_g1_i2.p1,3.05399486110128
TRINITY_DN145_c1_g1_i3.p1,-0.664756752232949
TRINITY_DN145_c1_g1_i4.p1,1.55843863146074
TRINITY_DN145_c4_g2_i1.p1,1.3695480484007
TRINITY_DN14600_c0_g1_i2.p1,0.235934747521594
TRINITY_DN146028_c0_g1_i1.p1,-0.362502022682075
TRINITY_DN146092_c0_g1_i1.p1,0.680629213796216
TRINITY_DN14614_c0_g1_i3.p1,-0.967513668697315
TRINITY_DN146188_c0_g1_i1.p2,2.06201093525333
TRINITY_DN14618_c1_g1_i6.p1,-1.05522863258303
TRINITY_DN14618_c1_g1_i8.p1,-0.625230798035533
TRINITY_DN146193_c0_g1_i1.p1,0.517371870572009
TRINITY_DN146204_c0_g1_i1.p1,-0.929558948524338
TRINITY_DN146243_c0_g1_i1.p1,-0.990856986540173
TRINITY_DN146243_c0_g1_i3.p1,-0.841409446769321
TRINITY_DN146312_c0_g1_i1.p1,-2.55961663952066
TRINITY_DN14633_c0_g1_i8.p1,-0.0148593457364232
TRINITY_DN146361_c0_g1_i1.p1,-0.12011260174417
TRINITY_DN146387_c0_g1_i1.p1,1.33078071332071
TRINITY_DN14640_c0_g1_i3.p1,-0.295163312510185
TRINITY_DN146410_c0_g1_i1.p1,-0.930544706339162
TRINITY_DN146413_c0_g1_i1.p1,-0.636206632743373
TRINITY_DN146462_c0_g1_i1.p1,-0.405718280636602
TRINITY_DN1464_c0_g1_i1.p1,1.4186239472177
TRINITY_DN14655_c8_g1_i1.p1,0.167497573138312
TRINITY_DN14664_c0_g1_i5.p1,-1.86101792477853
TRINITY_DN146673_c0_g1_i1.p1,-3.21559637964161
TRINITY_DN146723_c0_g1_i1.p1,0.456981296478662
TRINITY_DN1467_c2_g1_i1.p1,0.223355004817595
TRINITY_DN146830_c0_g1_i1.p1,0.0388904721188414
TRINITY_DN146932_c0_g1_i1.p1,-0.85121999335784
TRINITY_DN14697_c0_g1_i2.p1,-0.841418653939624
TRINITY_DN147048_c0_g1_i1.p1,1.20781213392484
TRINITY_DN1470_c0_g1_i24.p1,-2.01318297237191
TRINITY_DN1470_c0_g1_i31.p1,0.0963233002244913
TRINITY_DN1470_c0_g1_i32.p1,-0.617618704464567
TRINITY_DN1470_c0_g1_i39.p1,-0.51073404232005
TRINITY_DN1470_c0_g1_i43.p1,-0.120088226471002
TRINITY_DN1470_c0_g1_i50.p1,-1.01454101386153
TRINITY_DN1470_c0_g1_i66.p1,-0.121865616219297
TRINITY_DN147119_c0_g1_i1.p1,2.05719701037739
TRINITY_DN147124_c0_g1_i2.p1,-0.903817607040675
TRINITY_DN147143_c0_g1_i1.p1,0.280199830735883
TRINITY_DN147151_c0_g1_i1.p1,0.896421107258425
TRINITY_DN14717_c2_g1_i1.p1,-1.77337662248367
TRINITY_DN147191_c0_g1_i2.p1,0.838356408348398
TRINITY_DN147287_c0_g1_i2.p1,-0.714636181953435
TRINITY_DN147390_c0_g1_i1.p1,1.04261562293226
TRINITY_DN147426_c0_g1_i1.p1,-1.20228027237992
TRINITY_DN147441_c0_g1_i1.p1,-0.963114282437058
TRINITY_DN14748_c0_g1_i1.p1,0.56184947668449
TRINITY_DN14748_c0_g1_i2.p1,0.392312810158064
TRINITY_DN14748_c0_g1_i3.p1,-1.58624308143056
TRINITY_DN147503_c0_g1_i1.p1,0.709583357186749
TRINITY_DN147544_c0_g1_i1.p1,-0.48074748390995
TRINITY_DN147556_c0_g1_i1.p1,0.314711908585856
TRINITY_DN147596_c0_g1_i2.p1,-0.311475090236734
TRINITY_DN147619_c0_g1_i1.p1,-1.23973637548442
TRINITY_DN147630_c0_g1_i1.p1,-0.120093454260979
TRINITY_DN147714_c0_g1_i1.p1,1.00309960140976
TRINITY_DN14773_c0_g1_i2.p1,-0.746777033115407
TRINITY_DN147757_c0_g1_i1.p1,-0.120090639299077
TRINITY_DN147770_c0_g1_i1.p1,-0.585581457022744
TRINITY_DN147770_c0_g1_i2.p1,0.411149721403956
TRINITY_DN14777_c0_g1_i2.p1,-0.59077092922688
TRINITY_DN14779_c0_g1_i1.p1,-2.81225675687532
TRINITY_DN14779_c0_g1_i5.p1,-0.282662292648388
TRINITY_DN147913_c0_g1_i1.p1,0.0456627343036582
TRINITY_DN147926_c0_g1_i1.p1,-1.50089932502239
TRINITY_DN147926_c0_g1_i2.p1,-0.120091443566731
TRINITY_DN14795_c0_g1_i6.p1,0.0179562813548385
TRINITY_DN14795_c1_g1_i3.p1,-0.268581621896848
TRINITY_DN14795_c1_g1_i4.p1,0.753401851358258
TRINITY_DN14798_c0_g1_i2.p1,0.134559506998563
TRINITY_DN14798_c0_g1_i4.p1,-1.86933929596923
TRINITY_DN147_c0_g1_i1.p2,-0.846721877998083
TRINITY_DN147_c0_g1_i4.p1,-0.626354805250613
TRINITY_DN14802_c0_g1_i1.p1,-0.48075103137203
TRINITY_DN14802_c0_g1_i10.p1,-0.355304295471605
TRINITY_DN14804_c0_g1_i10.p1,0.023867866494736
TRINITY_DN14804_c0_g1_i2.p1,1.42051527856738
TRINITY_DN14804_c0_g1_i24.p1,1.31780726622484
TRINITY_DN1480_c0_g1_i1.p1,0.539340091219477
TRINITY_DN1480_c0_g1_i10.p1,-0.544625210947645
TRINITY_DN1480_c0_g1_i11.p1,0.0382341181060532
TRINITY_DN1480_c0_g1_i4.p1,-0.346349169052311
TRINITY_DN1480_c0_g1_i5.p1,-1.19598691382829
TRINITY_DN1480_c0_g1_i7.p1,0.275844111360741
TRINITY_DN1480_c0_g1_i8.p1,0.562764167370211
TRINITY_DN1480_c1_g1_i3.p1,0.00210566484035255
TRINITY_DN1480_c1_g1_i6.p1,1.80391457783059
TRINITY_DN148113_c0_g1_i1.p1,-1.59615212019754
TRINITY_DN148143_c0_g1_i2.p1,-0.305193603446231
TRINITY_DN148170_c0_g1_i1.p1,-0.12009882508506
TRINITY_DN14829_c0_g1_i2.p1,-1.30897393512963
TRINITY_DN14829_c0_g1_i3.p1,-0.939130971349605
TRINITY_DN1482_c0_g1_i2.p1,0.627418757019537
TRINITY_DN148305_c0_g1_i1.p1,0.854657633448062
TRINITY_DN14830_c0_g1_i3.p1,1.20248534262728
TRINITY_DN14835_c0_g1_i2.p1,-2.4726973747399
TRINITY_DN14837_c0_g1_i62.p1,0.403756486204579
TRINITY_DN14837_c0_g1_i70.p1,0.0304745744612416
TRINITY_DN14837_c1_g1_i2.p1,-0.880135623142445
TRINITY_DN14837_c1_g1_i3.p1,-0.654411954465251
TRINITY_DN14837_c1_g1_i5.p1,0.361558707189753
TRINITY_DN1483_c1_g1_i2.p1,0.639969046380738
TRINITY_DN14843_c0_g1_i4.p1,0.226553413451321
TRINITY_DN14844_c0_g2_i1.p3,-0.0295075652682775
TRINITY_DN148468_c0_g1_i1.p1,0.915575264558601
TRINITY_DN14848_c0_g1_i2.p1,0.526712376243484
TRINITY_DN1484_c6_g1_i4.p1,-0.709133115818139
TRINITY_DN14856_c2_g1_i1.p2,0.838272773268581
TRINITY_DN148710_c0_g1_i1.p1,-0.54874706684222
TRINITY_DN148788_c0_g1_i1.p1,-0.273845789351691
TRINITY_DN14878_c0_g1_i1.p1,0.988596209421017
TRINITY_DN14878_c0_g1_i6.p1,1.39107667825643
TRINITY_DN148859_c0_g1_i1.p1,1.84484523076118
TRINITY_DN148892_c0_g1_i1.p1,-1.17699079411156
TRINITY_DN14893_c0_g1_i1.p1,-0.11821647622753
TRINITY_DN148989_c0_g1_i1.p1,-0.363818512248224
TRINITY_DN1489_c0_g2_i1.p1,-0.120091041432904
TRINITY_DN1489_c2_g1_i7.p1,-0.208056418308009
TRINITY_DN148_c1_g1_i2.p1,-0.480749044341605
TRINITY_DN148_c1_g1_i3.p1,-1.68562691377014
TRINITY_DN149037_c0_g1_i1.p1,-2.4426856798859
TRINITY_DN14904_c0_g1_i7.p1,-0.544800867884426
TRINITY_DN149235_c0_g1_i1.p1,0.678197210034827
TRINITY_DN14935_c0_g1_i2.p1,-0.413400849471612
TRINITY_DN14935_c0_g1_i3.p1,1.53662538442626
TRINITY_DN14938_c0_g1_i3.p1,-0.298425636289364
TRINITY_DN149397_c0_g1_i1.p1,2.15521392335776
TRINITY_DN14939_c0_g3_i2.p1,0.802683469414035
TRINITY_DN14949_c0_g1_i4.p1,-0.120088226471002
TRINITY_DN1494_c0_g1_i2.p1,-0.417679415826351
TRINITY_DN149538_c0_g1_i1.p1,-1.12652373080285
TRINITY_DN149564_c0_g1_i3.p1,0.209583531666652
TRINITY_DN14960_c1_g1_i1.p1,-0.120103702687007
TRINITY_DN14960_c1_g1_i12.p1,0.049383087521275
TRINITY_DN14962_c1_g1_i1.p1,0.733876012611076
TRINITY_DN14964_c0_g1_i7.p1,-1.6922380870671
TRINITY_DN14973_c0_g1_i1.p1,-1.20224904229464
TRINITY_DN14975_c1_g1_i5.p1,-0.317780386223514
TRINITY_DN149813_c0_g1_i1.p1,-0.120093454260979
TRINITY_DN14981_c0_g1_i1.p1,0.243267667490081
TRINITY_DN149821_c0_g1_i1.p1,-1.17517809859429
TRINITY_DN14985_c1_g3_i1.p1,0.394776356062899
TRINITY_DN149918_c0_g1_i1.p1,-1.5032173752209
TRINITY_DN14996_c0_g1_i5.p1,-2.98300513364966
TRINITY_DN14997_c2_g1_i3.p1,0.472557247455926
TRINITY_DN14997_c2_g1_i4.p1,-0.558206833201772
TRINITY_DN14997_c2_g1_i5.p1,1.48884131203165
TRINITY_DN1499_c0_g1_i14.p1,-0.581575909574743
TRINITY_DN1499_c0_g1_i22.p1,-0.340687046969295
TRINITY_DN1499_c0_g1_i35.p1,-0.062553082568363
TRINITY_DN1499_c0_g1_i38.p1,-0.700510845288208
TRINITY_DN1499_c0_g1_i4.p1,-1.91871643933835
TRINITY_DN1499_c0_g1_i44.p1,-1.27253528958798
TRINITY_DN1499_c0_g1_i6.p1,-0.409421135363629
TRINITY_DN1499_c0_g1_i65.p1,-0.00715877427479134
TRINITY_DN1499_c0_g1_i69.p1,-0.148340600064601
TRINITY_DN1499_c0_g1_i71.p1,0.356930023113169
TRINITY_DN1499_c0_g1_i76.p1,-0.092833410439768
TRINITY_DN1499_c0_g1_i78.p1,-1.34414738895727
TRINITY_DN15008_c0_g1_i3.p1,-1.03562602666739
TRINITY_DN15012_c0_g1_i2.p1,-0.22906689274828
TRINITY_DN150143_c0_g1_i1.p1,0.833754916786662
TRINITY_DN15020_c0_g1_i3.p1,1.63883711750992
TRINITY_DN150338_c0_g1_i1.p1,0.0448671707202192
TRINITY_DN15052_c0_g1_i4.p1,-1.35234000164209
TRINITY_DN15052_c0_g1_i5.p1,0.171744936514037
TRINITY_DN150551_c0_g1_i1.p1,-0.300242008041927
TRINITY_DN15060_c0_g1_i1.p1,-0.772314225917778
TRINITY_DN15060_c1_g1_i3.p1,1.08949497952476
TRINITY_DN150643_c0_g1_i1.p1,-0.841415535201069
TRINITY_DN150643_c0_g1_i2.p1,-0.480746222725173
TRINITY_DN150696_c0_g1_i1.p1,1.31042641401104
TRINITY_DN150719_c0_g1_i1.p1,0.755711131721413
TRINITY_DN150793_c0_g1_i1.p1,0.00723493974188818
TRINITY_DN150925_c0_g1_i1.p1,-0.0790025398715185
TRINITY_DN150941_c0_g1_i1.p1,-0.120108680241047
TRINITY_DN1509_c0_g1_i1.p1,0.150751984754386
TRINITY_DN150_c0_g1_i11.p1,0.861589341096743
TRINITY_DN15110_c0_g1_i1.p2,2.47444798382406
TRINITY_DN15111_c0_g1_i1.p1,1.19309207678479
TRINITY_DN15111_c0_g1_i2.p1,1.84601905896991
TRINITY_DN15111_c0_g1_i3.p1,-0.197707958559604
TRINITY_DN15115_c0_g1_i2.p1,0.04936893547005
TRINITY_DN15123_c0_g1_i1.p1,-2.34489271622249
TRINITY_DN15123_c0_g1_i3.p1,0.762611046556127
TRINITY_DN15130_c0_g1_i5.p1,0.518821202235468
TRINITY_DN15130_c0_g1_i7.p1,0.987794355712186
TRINITY_DN1513_c0_g1_i2.p1,1.09178876231728
TRINITY_DN1513_c0_g1_i4.p1,-0.32883523528924
TRINITY_DN1513_c1_g1_i2.p1,-0.227906008952405
TRINITY_DN1513_c2_g1_i3.p1,-0.491870786808034
TRINITY_DN1513_c2_g1_i7.p1,-0.410299527837933
TRINITY_DN15140_c1_g1_i1.p1,0.213532711767795
TRINITY_DN15149_c0_g1_i11.p1,-0.475481136462318
TRINITY_DN15149_c0_g1_i12.p1,0.0580608194165556
TRINITY_DN15149_c0_g1_i6.p1,-0.242178419480244
TRINITY_DN15149_c0_g1_i7.p1,1.4343508397971
TRINITY_DN15149_c0_g3_i1.p1,-0.348291851409121
TRINITY_DN151507_c0_g1_i1.p1,-0.120104115353242
TRINITY_DN151516_c0_g1_i1.p1,-0.0149508326127664
TRINITY_DN15174_c0_g1_i1.p1,-0.470243880684821
TRINITY_DN151796_c0_g1_i1.p1,-1.2190837049436
TRINITY_DN15179_c0_g1_i1.p1,-1.1258912113308
TRINITY_DN1519_c0_g1_i3.p1,-1.2873307030998
TRINITY_DN1519_c0_g1_i4.p1,-0.801682469264624
TRINITY_DN151_c0_g1_i1.p1,-0.752308027662579
TRINITY_DN151_c0_g1_i10.p1,-1.11751418624467
TRINITY_DN151_c0_g1_i16.p1,-1.59808673782434
TRINITY_DN151_c0_g1_i5.p1,-0.950022352224053
TRINITY_DN151_c0_g1_i7.p1,-0.157339019457929
TRINITY_DN15216_c0_g1_i1.p1,-0.120087824337175
TRINITY_DN15216_c0_g1_i4.p1,-2.01683009195152
TRINITY_DN15216_c0_g1_i5.p1,0.456981296478662
TRINITY_DN15216_c0_g2_i2.p1,-3.60099605003976
TRINITY_DN15216_c0_g2_i4.p1,-0.513868148095305
TRINITY_DN15217_c0_g6_i1.p1,0.523577649360883
TRINITY_DN15217_c0_g6_i2.p1,0.564583199313933
TRINITY_DN15225_c0_g1_i1.p1,-1.20234967774232
TRINITY_DN15225_c0_g1_i2.p1,0.393734230956405
TRINITY_DN15225_c0_g1_i3.p1,-1.82940265081473
TRINITY_DN15225_c0_g1_i4.p1,0.110885371359412
TRINITY_DN15225_c0_g1_i5.p1,-0.903000526759248
TRINITY_DN15225_c0_g1_i6.p1,-2.01579062645122
TRINITY_DN152301_c0_g1_i1.p1,-0.882151616799467
TRINITY_DN15238_c0_g1_i8.p1,-0.00179864175770545
TRINITY_DN15239_c0_g1_i11.p1,0.802651187063977
TRINITY_DN15239_c0_g1_i31.p1,0.515415633162754
TRINITY_DN152442_c0_g1_i1.p1,-0.84141571798688
TRINITY_DN1524_c7_g1_i2.p1,1.88950982277649
TRINITY_DN15250_c2_g1_i1.p1,-0.107280462075024
TRINITY_DN15251_c0_g1_i1.p1,-0.333154151277245
TRINITY_DN15251_c0_g1_i2.p1,0.701698903192982
TRINITY_DN15257_c0_g1_i1.p1,0.171107036077112
TRINITY_DN15257_c0_g1_i2.p1,1.29842864525894
TRINITY_DN15257_c0_g1_i3.p1,-1.48404745396601
TRINITY_DN15259_c0_g1_i2.p1,0.719183299418471
TRINITY_DN15260_c0_g1_i2.p1,1.4985171693276
TRINITY_DN15267_c0_g2_i4.p1,0.301549882517731
TRINITY_DN15273_c0_g1_i2.p1,-0.486529378797633
TRINITY_DN15277_c0_g1_i2.p1,-0.991043713608639
TRINITY_DN152807_c0_g1_i1.p1,1.09133099530474
TRINITY_DN15283_c0_g2_i13.p2,-0.625210094852773
TRINITY_DN15283_c0_g2_i2.p1,0.442571086718344
TRINITY_DN152850_c0_g1_i1.p1,-0.287848487219122
TRINITY_DN1528_c2_g1_i3.p1,2.63810591980982
TRINITY_DN15293_c0_g1_i1.p1,-1.81263021812687
TRINITY_DN15302_c1_g1_i1.p1,0.276853628444819
TRINITY_DN15319_c0_g1_i25.p1,0.472565573823847
TRINITY_DN153224_c0_g1_i1.p1,0.966213598105693
TRINITY_DN15328_c0_g1_i2.p1,0.126018986682159
TRINITY_DN1532_c0_g1_i2.p1,-0.746972883169872
TRINITY_DN1532_c2_g1_i87.p1,0.756839979921268
TRINITY_DN1532_c2_g1_i9.p1,0.291965621775513
TRINITY_DN1532_c2_g1_i92.p1,0.778650653657209
TRINITY_DN1532_c2_g1_i94.p1,-0.120087824337174
TRINITY_DN1532_c2_g1_i98.p1,0.701119581342111
TRINITY_DN1532_c2_g1_i99.p1,1.14633658660879
TRINITY_DN1532_c3_g1_i1.p1,1.75892727464882
TRINITY_DN1532_c3_g1_i3.p1,-0.573839834119456
TRINITY_DN1532_c3_g1_i6.p1,-0.540654319612886
TRINITY_DN1532_c4_g1_i1.p1,-0.666928441549707
TRINITY_DN15335_c0_g2_i4.p1,1.84601905896991
TRINITY_DN15335_c0_g2_i7.p1,-0.330033696709687
TRINITY_DN153463_c0_g1_i1.p1,-1.86410715745147
TRINITY_DN15353_c0_g1_i1.p1,-0.0615940329262252
TRINITY_DN153548_c0_g1_i1.p1,-0.480750193453018
TRINITY_DN153592_c0_g1_i1.p1,-0.120096726146836
TRINITY_DN153639_c0_g1_i1.p1,-0.0050388112610751
TRINITY_DN15365_c0_g1_i2.p1,0.409570396693086
TRINITY_DN15374_c1_g1_i1.p1,2.85994382532096
TRINITY_DN153818_c0_g1_i1.p1,-1.20232017128779
TRINITY_DN15382_c0_g2_i1.p1,0.15839389114354
TRINITY_DN15387_c1_g1_i3.p1,-0.0980326711363603
TRINITY_DN153881_c0_g1_i1.p1,-1.02521340843501
TRINITY_DN15388_c0_g1_i5.p1,-0.841413066581306
TRINITY_DN15388_c0_g1_i6.p1,-0.184939484105385
TRINITY_DN154004_c0_g1_i1.p1,-0.120104115353242
TRINITY_DN15407_c0_g1_i3.p1,0.514343062085955
TRINITY_DN15423_c0_g1_i1.p1,0.308756153659221
TRINITY_DN154279_c0_g1_i1.p1,0.644547784612995
TRINITY_DN1542_c0_g1_i1.p1,-3.17882620108972
TRINITY_DN1542_c0_g1_i8.p1,0.243470236210507
TRINITY_DN15440_c0_g1_i10.p1,-0.355910345287962
TRINITY_DN15440_c0_g1_i12.p1,0.709258689523383
TRINITY_DN15440_c0_g1_i8.p1,0.339100500409546
TRINITY_DN15440_c0_g1_i9.p1,-0.325779593232251
TRINITY_DN15447_c0_g1_i5.p2,0.506885675838675
TRINITY_DN15464_c0_g1_i1.p1,-0.0410994955432685
TRINITY_DN1546_c0_g1_i2.p1,-0.414419898914093
TRINITY_DN154708_c0_g1_i1.p1,1.55018886420886
TRINITY_DN15477_c1_g1_i1.p1,-0.238586703001713
TRINITY_DN15478_c0_g1_i2.p2,0.187992050506328
TRINITY_DN15478_c5_g1_i1.p1,0.0381619947683576
TRINITY_DN1549_c0_g1_i2.p1,0.68384302788318
TRINITY_DN1549_c0_g1_i4.p1,-0.481460649162897
TRINITY_DN15514_c0_g1_i3.p1,-1.74694119017697
TRINITY_DN15514_c0_g1_i7.p1,-0.841412901583879
TRINITY_DN155222_c0_g1_i1.p1,0.0963218228418773
TRINITY_DN15535_c1_g1_i1.p1,-0.68641517013815
TRINITY_DN15537_c0_g1_i16.p1,-0.841407730041068
TRINITY_DN15537_c0_g1_i29.p1,-0.26002645852127
TRINITY_DN15537_c0_g1_i6.p1,-0.480748449372259
TRINITY_DN1553_c0_g1_i12.p1,0.234640881974217
TRINITY_DN1553_c0_g1_i4.p1,-1.31431206795185
TRINITY_DN15543_c0_g1_i1.p1,-0.977139063258446
TRINITY_DN15544_c0_g1_i3.p1,-0.17845240207658
TRINITY_DN15544_c0_g1_i4.p1,0.734091191627434
TRINITY_DN15559_c0_g1_i2.p1,0.555414089319658
TRINITY_DN1555_c0_g1_i7.p1,0.200359172777116
TRINITY_DN1555_c0_g1_i8.p1,-1.21095935145349
TRINITY_DN1555_c0_g1_i9.p1,0.522623950628084
TRINITY_DN155611_c0_g1_i1.p1,-1.97556947228262
TRINITY_DN155666_c0_g1_i1.p1,1.8019641004787
TRINITY_DN15567_c0_g1_i3.p1,0.408493951436401
TRINITY_DN15569_c3_g1_i4.p1,-0.138267546817885
TRINITY_DN15569_c3_g1_i5.p1,0.0963275322575771
TRINITY_DN15569_c3_g1_i6.p1,-0.748180037990834
TRINITY_DN15569_c3_g1_i7.p1,0.55755091157775
TRINITY_DN1556_c2_g1_i25.p1,0.467671352941232
TRINITY_DN15573_c1_g1_i2.p2,0.507938767892801
TRINITY_DN15579_c0_g1_i10.p1,-0.0989830249046473
TRINITY_DN15579_c0_g1_i12.p1,-1.20380396325917
TRINITY_DN15579_c0_g1_i5.p1,-0.841406920826763
TRINITY_DN15579_c0_g1_i6.p1,2.01050069700149
TRINITY_DN155833_c0_g1_i1.p1,0.583279046395275
TRINITY_DN155882_c0_g1_i1.p1,2.14346983647369
TRINITY_DN15588_c0_g1_i3.p1,1.15331693474806
TRINITY_DN15588_c0_g1_i4.p1,-0.120088226471002
TRINITY_DN15588_c0_g1_i6.p1,2.26415169014258
TRINITY_DN15588_c0_g2_i1.p1,0.705076427253013
TRINITY_DN15588_c0_g2_i7.p1,-0.126337502502111
TRINITY_DN15590_c0_g1_i2.p1,0.923902198533805
TRINITY_DN15590_c0_g1_i4.p1,-0.165213624055473
TRINITY_DN15591_c0_g1_i1.p1,0.639194064217194
TRINITY_DN15591_c0_g1_i2.p1,0.816978302929045
TRINITY_DN15593_c0_g1_i3.p1,2.15119476156198
TRINITY_DN15593_c0_g1_i4.p1,0.521173838881561
TRINITY_DN155_c0_g1_i10.p1,-0.126376520241759
TRINITY_DN155_c0_g1_i15.p1,-1.44300728602028
TRINITY_DN155_c0_g1_i17.p1,-1.19245296330643
TRINITY_DN155_c0_g1_i19.p1,-0.679763587331433
TRINITY_DN155_c0_g1_i6.p1,0.541616033548007
TRINITY_DN156003_c0_g1_i1.p1,-0.480752833672061
TRINITY_DN156031_c0_g1_i1.p1,2.00187135291287
TRINITY_DN15616_c0_g1_i2.p1,0.593181324619711
TRINITY_DN156388_c0_g1_i1.p1,-0.480745820591345
TRINITY_DN1564_c0_g1_i11.p1,0.347599070001786
TRINITY_DN15656_c0_g3_i2.p1,-0.406355743369104
TRINITY_DN156633_c0_g1_i1.p1,-0.120096726146836
TRINITY_DN15664_c0_g1_i6.p1,0.280073839086925
TRINITY_DN15666_c0_g1_i4.p1,-0.841413526327044
TRINITY_DN15672_c0_g1_i2.p1,-0.84948106163103
TRINITY_DN15678_c0_g1_i10.p1,-0.907272970303003
TRINITY_DN15678_c0_g1_i13.p1,1.08158200051307
TRINITY_DN15678_c0_g1_i9.p1,-1.48230681193417
TRINITY_DN15679_c0_g2_i1.p1,1.32997484483789
TRINITY_DN15679_c0_g2_i3.p1,0.463149363916494
TRINITY_DN15679_c1_g1_i1.p1,0.456974862287203
TRINITY_DN1567_c5_g1_i1.p1,0.338873845976064
TRINITY_DN15687_c0_g1_i4.p1,0.0963233002244912
TRINITY_DN15694_c1_g1_i6.p1,0.044973160775731
TRINITY_DN157115_c0_g1_i1.p1,1.0061017216395
TRINITY_DN1572_c13_g1_i3.p1,2.23631163332699
TRINITY_DN15739_c0_g1_i2.p1,-0.120091041432904
TRINITY_DN15739_c0_g2_i1.p1,2.68201032931946
TRINITY_DN15743_c0_g1_i34.p1,0.13534440636229
TRINITY_DN157457_c0_g1_i1.p1,-0.625247856693708
TRINITY_DN157463_c0_g1_i1.p1,0.456974862287203
TRINITY_DN15747_c0_g2_i2.p1,1.22803908285468
TRINITY_DN1574_c0_g1_i1.p1,-0.600159724790241
TRINITY_DN1574_c0_g1_i7.p1,-0.347358381373092
TRINITY_DN15766_c0_g1_i1.p1,0.409414256938523
TRINITY_DN1576_c0_g1_i1.p1,0.0554546491840752
TRINITY_DN1576_c0_g1_i10.p1,0.0523648153842976
TRINITY_DN1576_c0_g1_i13.p1,0.324354469621062
TRINITY_DN1576_c0_g1_i4.p1,0.702502904087577
TRINITY_DN1576_c0_g1_i6.p1,1.12148009762829
TRINITY_DN1576_c0_g1_i8.p1,1.18708817884061
TRINITY_DN157849_c0_g1_i1.p1,0.394408088666287
TRINITY_DN15791_c1_g1_i2.p2,0.662312432699437
TRINITY_DN15803_c0_g1_i1.p1,-0.294536390547028
TRINITY_DN15808_c0_g1_i2.p1,1.08949497952476
TRINITY_DN15809_c1_g1_i1.p1,0.869273671560125
TRINITY_DN15810_c0_g1_i19.p1,-1.55447270169952
TRINITY_DN15822_c0_g1_i13.p1,0.456978079382933
TRINITY_DN15822_c0_g1_i25.p1,-0.849473781295003
TRINITY_DN15822_c0_g1_i4.p1,0.234366142574998
TRINITY_DN15834_c0_g1_i1.p1,-1.51104318196548
TRINITY_DN15834_c0_g1_i6.p1,-1.53746257977972
TRINITY_DN1583_c0_g1_i3.p1,0.155885856438599
TRINITY_DN1583_c1_g1_i3.p1,0.971004869866106
TRINITY_DN15845_c0_g1_i1.p1,0.0387868726577125
TRINITY_DN15845_c0_g1_i3.p1,-0.159014552033191
TRINITY_DN158488_c0_g1_i1.p1,-1.29480193318843
TRINITY_DN15859_c2_g1_i5.p1,1.23292324029245
TRINITY_DN1587_c0_g1_i10.p1,-0.814365941841412
TRINITY_DN15880_c0_g3_i1.p1,0.409839139553799
TRINITY_DN15898_c1_g1_i1.p1,-2.03320841042094
TRINITY_DN1589_c3_g1_i10.p1,-0.264339187686509
TRINITY_DN1589_c3_g1_i13.p1,-1.40992117306346
TRINITY_DN1589_c3_g1_i16.p1,-0.501588932582329
TRINITY_DN1589_c3_g1_i4.p1,1.31310584670983
TRINITY_DN1589_c3_g1_i7.p1,1.01309741480649
TRINITY_DN158_c0_g1_i3.p1,-0.840250915227875
TRINITY_DN158_c0_g1_i6.p1,-0.211146866607264
TRINITY_DN1592_c0_g1_i3.p1,0.564295168281152
TRINITY_DN1592_c0_g1_i7.p1,0.697231345177732
TRINITY_DN15931_c0_g1_i2.p1,0.537935503413729
TRINITY_DN159412_c0_g1_i1.p1,-2.34047915779778
TRINITY_DN15965_c0_g1_i1.p1,0.369257543108394
TRINITY_DN15969_c0_g3_i1.p1,-0.988270954147121
TRINITY_DN15969_c0_g3_i3.p1,1.24522690922658
TRINITY_DN15969_c0_g3_i4.p1,-0.480743005629444
TRINITY_DN15974_c0_g1_i1.p1,0.201952163345269
TRINITY_DN15978_c0_g1_i1.p1,-1.13175258605831
TRINITY_DN15978_c0_g1_i2.p1,0.294947410545433
TRINITY_DN1597_c0_g1_i1.p1,-1.09671805966276
TRINITY_DN1597_c0_g1_i5.p1,-0.751073558129068
TRINITY_DN15983_c0_g1_i3.p1,-0.713945317791681
TRINITY_DN15983_c0_g1_i4.p1,0.842521472217911
TRINITY_DN15983_c0_g1_i5.p1,0.853417487542937
TRINITY_DN15985_c0_g1_i1.p1,0.327523468978081
TRINITY_DN15988_c0_g1_i1.p1,2.4820769284331
TRINITY_DN15988_c0_g1_i3.p1,1.44810132350383
TRINITY_DN15988_c0_g1_i5.p1,0.596458226706177
TRINITY_DN15991_c0_g1_i2.p1,-1.55516093484966
TRINITY_DN15991_c0_g1_i4.p1,-0.120094394032652
TRINITY_DN15993_c0_g1_i1.p1,-0.691701679030082
TRINITY_DN15993_c0_g1_i2.p1,2.54211901330728
TRINITY_DN15993_c0_g1_i5.p1,0.0963313282215028
TRINITY_DN15997_c0_g2_i1.p1,-0.492476008788181
TRINITY_DN15999_c0_g1_i1.p1,0.531543260249112
TRINITY_DN15999_c0_g1_i11.p1,0.192312930938397
TRINITY_DN15999_c0_g1_i3.p1,-0.21622318220298
TRINITY_DN15999_c0_g1_i6.p1,1.17080615016097
TRINITY_DN15999_c0_g1_i7.p1,-0.129917304154437
TRINITY_DN16004_c0_g1_i1.p1,-1.33987220605082
TRINITY_DN16004_c0_g1_i2.p1,0.440949703232466
TRINITY_DN16007_c0_g5_i1.p1,1.07380843042591
TRINITY_DN16007_c0_g5_i2.p1,0.242141806569466
TRINITY_DN1601_c0_g1_i2.p1,-0.120109292000457
TRINITY_DN1601_c0_g1_i9.p1,-0.141095477306697
TRINITY_DN16030_c0_g1_i10.p1,-0.249792244326823
TRINITY_DN16031_c0_g1_i20.p1,-0.120093856394805
TRINITY_DN16031_c0_g1_i21.p1,-0.923166262405916
TRINITY_DN16040_c0_g1_i1.p1,0.836087979233667
TRINITY_DN16045_c0_g1_i1.p1,1.83587563768797
TRINITY_DN16045_c0_g1_i3.p1,-0.999469649609056
TRINITY_DN16045_c0_g1_i5.p1,-0.842687433123892
TRINITY_DN16045_c0_g1_i7.p1,0.831620802398549
TRINITY_DN16045_c0_g1_i8.p1,-1.0392407631042
TRINITY_DN16074_c0_g1_i11.p1,-0.991505439145985
TRINITY_DN16074_c0_g1_i14.p1,-0.109195151053117
TRINITY_DN16074_c0_g1_i3.p1,1.08949216457104
TRINITY_DN16074_c0_g1_i34.p1,0.0578898437280235
TRINITY_DN1608_c0_g1_i1.p1,-0.841414820812431
TRINITY_DN16097_c0_g1_i1.p1,1.88583976722234
TRINITY_DN160_c0_g1_i11.p1,0.0788800883797535
TRINITY_DN160_c0_g1_i12.p1,-0.120087824337175
TRINITY_DN160_c0_g1_i14.p1,-1.0302107636959
TRINITY_DN16108_c0_g1_i1.p1,1.38937843399084
TRINITY_DN16108_c0_g1_i16.p1,1.14611839127412
TRINITY_DN16108_c0_g1_i18.p1,0.504242267626302
TRINITY_DN16108_c0_g1_i19.p1,0.113102382631563
TRINITY_DN16108_c0_g1_i20.p1,0.289282748817113
TRINITY_DN16108_c0_g1_i21.p1,1.50373764546016
TRINITY_DN16108_c0_g1_i4.p1,0.236400518571019
TRINITY_DN16118_c0_g1_i1.p1,-0.120096671356708
TRINITY_DN16118_c0_g1_i2.p1,-0.14339958994794
TRINITY_DN16118_c0_g1_i3.p1,-0.453702711783362
TRINITY_DN1611_c1_g1_i16.p1,-1.18432003273495
TRINITY_DN1611_c1_g1_i21.p1,-0.594102700703864
TRINITY_DN161205_c0_g1_i1.p1,-2.38003460855102
TRINITY_DN16120_c2_g2_i2.p1,1.80618311832123
TRINITY_DN161261_c0_g1_i1.p1,0.915074736461796
TRINITY_DN161268_c0_g1_i1.p1,0.600795227113469
TRINITY_DN16126_c0_g1_i2.p1,-0.272157323506327
TRINITY_DN16126_c0_g1_i7.p1,0.456978481516761
TRINITY_DN16126_c0_g1_i9.p1,1.8357893221885
TRINITY_DN161294_c0_g1_i2.p1,-1.74791594245323
TRINITY_DN1612_c0_g1_i6.p1,-2.60979430844921
TRINITY_DN161351_c0_g1_i2.p1,0.456981296478662
TRINITY_DN161351_c0_g1_i4.p1,-0.480754558357796
TRINITY_DN16135_c4_g1_i2.p1,0.456974862287203
TRINITY_DN161378_c0_g1_i1.p1,0.292738704261893
TRINITY_DN16138_c0_g1_i2.p1,-0.727493835970364
TRINITY_DN161400_c0_g1_i1.p1,-1.03147472626005
TRINITY_DN161422_c0_g1_i2.p1,-1.32614990196791
TRINITY_DN161424_c0_g1_i1.p1,0.971158417892149
TRINITY_DN161431_c0_g1_i1.p1,-0.841415904667592
TRINITY_DN16145_c0_g1_i3.p1,-0.360360834764171
TRINITY_DN16145_c5_g4_i1.p1,-0.993941253694651
TRINITY_DN16146_c1_g1_i1.p1,0.431960165006803
TRINITY_DN161500_c0_g1_i1.p1,0.702470880435663
TRINITY_DN161568_c0_g1_i1.p1,-1.52600295817132
TRINITY_DN161575_c0_g1_i1.p1,0.161815964145142
TRINITY_DN161579_c0_g1_i1.p1,-0.390549340332786
TRINITY_DN161589_c0_g1_i1.p1,-0.0680341186617344
TRINITY_DN16158_c0_g1_i2.p1,2.42581459969773
TRINITY_DN161641_c0_g1_i2.p1,-0.625244194816929
TRINITY_DN161687_c0_g1_i1.p1,0.866540859838618
TRINITY_DN161731_c0_g1_i1.p1,0.124457130978186
TRINITY_DN161770_c0_g1_i1.p1,0.927001656709972
TRINITY_DN161775_c0_g1_i5.p1,0.313150686521841
TRINITY_DN16180_c0_g1_i7.p1,-0.331416466300228
TRINITY_DN16181_c1_g1_i10.p1,-0.160329115958364
TRINITY_DN16181_c1_g1_i6.p1,-0.051616390773637
TRINITY_DN161841_c0_g1_i1.p1,-0.296681877258863
TRINITY_DN1618_c0_g1_i32.p1,-1.16210170530042
TRINITY_DN1618_c0_g1_i9.p1,-0.120088226471002
TRINITY_DN161915_c0_g1_i1.p1,0.0632015852624902
TRINITY_DN161956_c0_g1_i1.p1,-0.353528572222485
TRINITY_DN162001_c0_g1_i1.p1,0.843924654371666
TRINITY_DN162063_c0_g1_i1.p1,-1.40065261210863
TRINITY_DN162077_c0_g1_i1.p1,-2.48760947790784
TRINITY_DN162081_c0_g1_i1.p1,-0.117680112674363
TRINITY_DN162120_c0_g1_i2.p1,0.71828029015134
TRINITY_DN162125_c0_g1_i1.p1,0.0588219125204646
TRINITY_DN162147_c0_g1_i1.p1,1.80930522305913
TRINITY_DN162147_c0_g1_i2.p1,-1.36541279348661
TRINITY_DN16216_c0_g2_i7.p1,0.351657691638933
TRINITY_DN162173_c0_g1_i1.p1,-0.84141336399101
TRINITY_DN162182_c0_g1_i1.p1,-0.288501404802311
TRINITY_DN16218_c0_g2_i1.p1,0.905614159376039
TRINITY_DN162387_c0_g1_i1.p1,0.172510786794901
TRINITY_DN162433_c0_g1_i1.p1,0.484698034550624
TRINITY_DN162503_c0_g1_i1.p1,-0.841414801071169
TRINITY_DN162561_c0_g1_i1.p1,-0.120100876619793
TRINITY_DN16259_c1_g1_i22.p1,1.52483787840978
TRINITY_DN16259_c1_g1_i4.p1,-0.841413200629457
TRINITY_DN16259_c1_g1_i5.p1,-0.120087824337175
TRINITY_DN16266_c0_g1_i6.p1,-2.13800472126219
TRINITY_DN16268_c0_g1_i1.p1,-0.684951497958
TRINITY_DN16268_c0_g1_i3.p1,2.03388821015265
TRINITY_DN16269_c0_g1_i3.p1,1.14479723370532
TRINITY_DN162716_c0_g1_i1.p1,1.87289949908296
TRINITY_DN16278_c0_g1_i6.p1,0.228930015295618
TRINITY_DN162860_c0_g1_i1.p1,1.35492443625345
TRINITY_DN16288_c1_g1_i1.p1,-0.537377953279409
TRINITY_DN162959_c0_g1_i1.p1,-0.841418235109939
TRINITY_DN16297_c2_g1_i1.p1,-2.23006167691644
TRINITY_DN16301_c0_g1_i1.p1,-1.49010913290296
TRINITY_DN16301_c0_g1_i2.p1,1.62396887276003
TRINITY_DN16301_c0_g1_i3.p1,-0.12009469709182
TRINITY_DN16309_c0_g1_i2.p2,0.59392036245938
TRINITY_DN1630_c10_g1_i2.p1,1.08948854535201
TRINITY_DN1630_c3_g1_i3.p1,1.16739384727681
TRINITY_DN16310_c0_g1_i2.p1,0.550799218365237
TRINITY_DN16310_c0_g1_i4.p1,-1.06370913099551
TRINITY_DN163160_c0_g1_i1.p1,-0.109132850055929
TRINITY_DN163230_c0_g1_i1.p1,-1.4394532858749
TRINITY_DN163347_c0_g1_i1.p1,-1.7430863315163
TRINITY_DN163355_c0_g1_i1.p1,0.264335771195925
TRINITY_DN163395_c0_g1_i1.p1,-1.53918259700705
TRINITY_DN1633_c0_g1_i3.p1,-1.62757315383626
TRINITY_DN163606_c0_g1_i1.p1,-0.545155435809119
TRINITY_DN163612_c0_g1_i1.p1,-0.710137329502533
TRINITY_DN163627_c0_g1_i1.p1,0.215900738686038
TRINITY_DN163628_c0_g1_i1.p1,-0.447041818691234
TRINITY_DN16362_c0_g1_i1.p1,0.151775419868307
TRINITY_DN16362_c0_g1_i3.p1,-1.51212707356307
TRINITY_DN16362_c0_g1_i6.p1,1.42336062605498
TRINITY_DN163637_c0_g1_i2.p1,0.0963282566490969
TRINITY_DN16366_c0_g1_i2.p1,0.12923059939812
TRINITY_DN1636_c0_g1_i1.p1,0.241669721385129
TRINITY_DN1636_c0_g1_i10.p1,0.192293556414056
TRINITY_DN1636_c0_g1_i12.p1,-0.0445244309653027
TRINITY_DN1636_c0_g1_i2.p1,-1.53360301638473
TRINITY_DN1636_c0_g1_i5.p1,-2.20592496478182
TRINITY_DN16373_c0_g1_i1.p1,-0.963645238227155
TRINITY_DN16376_c1_g1_i3.p1,-0.433007301362453
TRINITY_DN163782_c0_g1_i1.p1,-0.544293702451168
TRINITY_DN16382_c0_g1_i1.p1,-0.427771798162517
TRINITY_DN16382_c0_g1_i2.p1,-1.48086843889515
TRINITY_DN16384_c0_g1_i2.p1,0.142114212910191
TRINITY_DN16396_c3_g1_i1.p1,1.45374164742312
TRINITY_DN163_c0_g1_i5.p1,-1.31866295653536
TRINITY_DN163_c0_g1_i6.p1,1.10728985616713
TRINITY_DN16404_c0_g1_i1.p1,0.456985400688821
TRINITY_DN164079_c0_g1_i1.p1,-0.120093454260979
TRINITY_DN164082_c0_g1_i1.p1,-0.393467504016421
TRINITY_DN1640_c0_g1_i15.p1,0.28310442435025
TRINITY_DN1640_c0_g1_i6.p1,0.781639218778564
TRINITY_DN164142_c0_g1_i1.p1,-0.480745820591346
TRINITY_DN164142_c0_g1_i2.p2,1.08949497952476
TRINITY_DN164142_c0_g1_i3.p1,-1.83714588953961
TRINITY_DN164142_c0_g1_i4.p1,-0.120088226471002
TRINITY_DN164142_c0_g1_i6.p1,-0.120091443566732
TRINITY_DN16427_c0_g4_i1.p1,0.568964321763327
TRINITY_DN16435_c0_g2_i2.p2,-0.120091443566731
TRINITY_DN164374_c0_g1_i1.p1,-0.21225307239189
TRINITY_DN164432_c0_g1_i1.p1,-0.384190949685555
TRINITY_DN16443_c0_g1_i1.p1,-1.74992272998173
TRINITY_DN16443_c0_g1_i11.p1,2.39971825627556
TRINITY_DN16443_c0_g1_i2.p1,-1.21932154710661
TRINITY_DN1644_c0_g1_i25.p1,0.650811874747465
TRINITY_DN1644_c0_g1_i26.p1,-1.58584167137311
TRINITY_DN1644_c0_g1_i30.p1,-1.09721874536787
TRINITY_DN1644_c0_g1_i31.p1,-1.47906496167251
TRINITY_DN1644_c2_g1_i1.p3,-1.31694483051202
TRINITY_DN16452_c0_g1_i12.p1,1.32887442901078
TRINITY_DN16452_c0_g1_i30.p1,1.30974794770023
TRINITY_DN16453_c0_g1_i7.p1,-0.495693677526945
TRINITY_DN16453_c0_g1_i9.p1,1.0781554820006
TRINITY_DN164560_c0_g1_i1.p1,-0.0166981812725676
TRINITY_DN164677_c0_g1_i1.p1,-0.0632880788153854
TRINITY_DN16468_c1_g1_i2.p1,1.18361056934893
TRINITY_DN164693_c0_g1_i1.p1,-2.33204721037727
TRINITY_DN16481_c0_g1_i2.p1,2.67909841322822
TRINITY_DN16481_c0_g1_i4.p1,1.61850065491807
TRINITY_DN164827_c0_g1_i1.p1,-1.62739601964102
TRINITY_DN16485_c0_g1_i2.p1,-2.1404464264124
TRINITY_DN164907_c0_g1_i1.p1,-1.20232932036532
TRINITY_DN16492_c1_g1_i2.p1,0.0525449548901619
TRINITY_DN16492_c5_g1_i1.p2,0.578213880661027
TRINITY_DN164946_c0_g1_i1.p1,-0.374871092219149
TRINITY_DN16494_c1_g1_i1.p1,-0.790638170931698
TRINITY_DN16494_c1_g1_i2.p1,0.862639022370752
TRINITY_DN164956_c0_g1_i1.p1,-0.70090260345252
TRINITY_DN164969_c0_g1_i1.p1,-0.00786037262040223
TRINITY_DN16499_c0_g1_i3.p1,1.29861662130006
TRINITY_DN16499_c0_g1_i7.p1,-0.518553977123042
TRINITY_DN16499_c0_g1_i9.p1,-1.5115599525232
TRINITY_DN16500_c0_g1_i1.p1,-0.342009575339945
TRINITY_DN165010_c0_g1_i1.p1,-1.20234649155267
TRINITY_DN16503_c1_g1_i4.p1,-0.235279476955216
TRINITY_DN165060_c0_g1_i1.p1,-0.63967813612386
TRINITY_DN165164_c0_g1_i1.p1,0.924616333176773
TRINITY_DN16516_c0_g1_i16.p1,1.0401906887788
TRINITY_DN16516_c0_g1_i7.p1,-1.85059935558776
TRINITY_DN16519_c0_g1_i1.p1,-0.480748030159359
TRINITY_DN16519_c0_g1_i4.p1,-2.34167866160003
TRINITY_DN16524_c2_g1_i1.p1,1.57648074878209
TRINITY_DN16524_c2_g2_i1.p1,0.469168138098953
TRINITY_DN16528_c0_g1_i2.p1,-0.28386798569452
TRINITY_DN16535_c0_g1_i1.p1,-0.80436326614536
TRINITY_DN16535_c0_g1_i3.p1,1.24388870416332
TRINITY_DN165364_c0_g1_i1.p1,-1.37044749153086
TRINITY_DN165366_c0_g1_i1.p1,-0.480743005629444
TRINITY_DN16543_c0_g1_i2.p1,0.599038823518978
TRINITY_DN165441_c0_g1_i1.p1,0.0963233002244913
TRINITY_DN165441_c0_g1_i2.p1,-0.0639504141353748
TRINITY_DN16548_c0_g1_i3.p1,1.00452963134411
TRINITY_DN165565_c0_g1_i1.p1,-1.53614411032373
TRINITY_DN165569_c0_g1_i1.p1,-3.05115913903854
TRINITY_DN165609_c0_g1_i2.p1,-0.120093454260978
TRINITY_DN165609_c0_g1_i4.p1,1.27047530163351
TRINITY_DN165830_c0_g1_i1.p1,1.09774436758429
TRINITY_DN165853_c0_g1_i1.p1,-2.04352480446034
TRINITY_DN16589_c1_g1_i1.p1,0.51122276382635
TRINITY_DN16599_c6_g1_i1.p1,-1.22242836100037
TRINITY_DN16603_c0_g1_i7.p1,0.190453783013642
TRINITY_DN16605_c0_g1_i17.p1,0.694102281999601
TRINITY_DN16612_c0_g1_i11.p1,0.0884141007011074
TRINITY_DN166135_c0_g1_i1.p1,-0.841411058299101
TRINITY_DN1662_c0_g1_i10.p1,0.45695852900722
TRINITY_DN16639_c0_g2_i1.p1,0.306606288493834
TRINITY_DN16639_c0_g2_i2.p1,-0.0974492516032665
TRINITY_DN16641_c0_g1_i3.p1,0.417349541805175
TRINITY_DN166477_c0_g1_i1.p1,-0.480748635553247
TRINITY_DN1664_c0_g2_i1.p1,-0.349658856248476
TRINITY_DN1664_c0_g2_i6.p1,-1.22371355147645
TRINITY_DN16659_c1_g1_i1.p1,0.375747013555454
TRINITY_DN16659_c1_g1_i4.p1,1.072143352857
TRINITY_DN16659_c1_g1_i9.p1,0.533089150547307
TRINITY_DN166667_c0_g1_i1.p1,-0.120093454260979
TRINITY_DN166682_c0_g1_i1.p1,2.43460885078128
TRINITY_DN166764_c0_g1_i1.p1,-0.120110415773957
TRINITY_DN1667_c3_g2_i3.p1,0.954573971415071
TRINITY_DN166801_c0_g1_i1.p1,0.235930852670273
TRINITY_DN166854_c0_g1_i1.p1,-1.793389888086
TRINITY_DN166910_c0_g1_i1.p1,-0.12009882508506
TRINITY_DN166944_c0_g1_i1.p1,0.624561767982792
TRINITY_DN166959_c0_g1_i1.p1,-0.375874002444403
TRINITY_DN16698_c0_g1_i12.p1,-0.493372747826946
TRINITY_DN16698_c0_g1_i3.p1,0.148121346545916
TRINITY_DN16698_c0_g1_i6.p1,0.315204124509693
TRINITY_DN16698_c0_g1_i7.p1,0.603803987148755
TRINITY_DN166_c0_g1_i121.p1,-1.06451609712991
TRINITY_DN166_c0_g1_i14.p1,-0.120087824337174
TRINITY_DN166_c0_g1_i33.p1,-0.0743201362803986
TRINITY_DN166_c0_g1_i41.p1,0.198164498445833
TRINITY_DN166_c0_g1_i88.p1,-0.438816779520074
TRINITY_DN167014_c0_g1_i1.p1,0.487035589873404
TRINITY_DN16701_c0_g1_i10.p1,-1.23775752304991
TRINITY_DN16701_c0_g1_i5.p1,-0.677686215364162
TRINITY_DN16701_c0_g1_i6.p1,0.991198867936214
TRINITY_DN167052_c0_g1_i1.p1,0.147018523826179
TRINITY_DN167140_c0_g1_i1.p1,-0.662371819686787
TRINITY_DN16719_c0_g1_i1.p1,-1.23264701480053
TRINITY_DN16719_c0_g1_i2.p1,-0.389665203568716
TRINITY_DN167252_c0_g1_i1.p1,0.42878854778867
TRINITY_DN167262_c0_g1_i1.p1,-1.27852158610619
TRINITY_DN167269_c0_g1_i1.p1,-0.00936356602882744
TRINITY_DN167307_c0_g1_i1.p1,-0.474533972627737
TRINITY_DN1673_c1_g1_i2.p1,1.46979379954351
TRINITY_DN167410_c0_g1_i1.p1,0.110004656116775
TRINITY_DN16741_c0_g3_i2.p1,-0.985713578404556
TRINITY_DN16756_c0_g3_i4.p1,3.53656547373801
TRINITY_DN16757_c0_g1_i2.p1,-0.353615605522318
TRINITY_DN1675_c0_g1_i15.p1,-0.566346163177251
TRINITY_DN1675_c0_g1_i22.p1,0.118178669682429
TRINITY_DN16769_c0_g2_i1.p1,-0.0108416089292662
TRINITY_DN16788_c0_g2_i1.p1,-1.02351705650786
TRINITY_DN16791_c0_g1_i1.p1,1.26083870072858
TRINITY_DN167969_c0_g1_i1.p1,0.740405364212989
TRINITY_DN168004_c0_g1_i1.p1,-2.17252818137037
TRINITY_DN168066_c0_g1_i1.p1,-0.480755572114749
TRINITY_DN1680_c0_g1_i2.p1,-0.307078754217408
TRINITY_DN1680_c0_g1_i3.p1,-0.0719010941065597
TRINITY_DN1681_c0_g1_i11.p1,-1.00130663341851
TRINITY_DN1681_c0_g1_i25.p1,-0.0478021586818964
TRINITY_DN1681_c0_g1_i3.p1,0.0963269744476115
TRINITY_DN168292_c0_g1_i1.p1,-1.20232315341009
TRINITY_DN16831_c0_g1_i1.p1,-0.504403613889536
TRINITY_DN168389_c0_g1_i2.p1,-0.256649831221471
TRINITY_DN16844_c1_g1_i5.p1,0.0963278479385812
TRINITY_DN168456_c0_g1_i1.p1,0.123152992188659
TRINITY_DN16847_c0_g1_i13.p1,0.0900774636091413
TRINITY_DN16847_c0_g1_i14.p1,1.72857249856564
TRINITY_DN16847_c0_g1_i4.p1,-0.319829016765745
TRINITY_DN16847_c0_g1_i5.p1,-1.71526054683946
TRINITY_DN168488_c0_g1_i1.p1,-0.120096726146836
TRINITY_DN168506_c0_g1_i1.p1,-1.34551178940902
TRINITY_DN16865_c3_g1_i3.p1,0.951484444750269
TRINITY_DN168848_c0_g1_i1.p1,-0.657499638312279
TRINITY_DN1688_c0_g1_i1.p1,0.131966554585062
TRINITY_DN1688_c0_g1_i10.p1,0.0323527201008445
TRINITY_DN1688_c0_g1_i15.p1,-0.171589524478618
TRINITY_DN1688_c0_g1_i19.p1,-3.57884384449231
TRINITY_DN16892_c1_g1_i4.p1,-0.550691673572969
TRINITY_DN168952_c0_g1_i1.p1,-1.47911835624918
TRINITY_DN168971_c0_g1_i1.p1,-0.264337251719067
TRINITY_DN168_c0_g1_i1.p1,-2.83134769133837
TRINITY_DN168_c0_g1_i5.p1,-0.120093856394805
TRINITY_DN169037_c0_g1_i1.p1,0.350347483616444
TRINITY_DN169076_c0_g1_i1.p1,1.00173810205644
TRINITY_DN16908_c0_g1_i1.p2,0.0757678095280754
TRINITY_DN16908_c0_g1_i2.p1,0.641871148822812
TRINITY_DN16923_c0_g1_i1.p1,-1.98292436644264
TRINITY_DN16928_c0_g2_i8.p1,-0.80928279306641
TRINITY_DN16936_c3_g1_i1.p1,-1.79183383871658
TRINITY_DN1694_c0_g1_i45.p1,0.569802733174194
TRINITY_DN1694_c0_g1_i46.p1,-0.288855300456201
TRINITY_DN16961_c0_g1_i11.p1,-0.530666902260859
TRINITY_DN16961_c0_g1_i5.p1,1.16487759820169
TRINITY_DN16966_c0_g1_i4.p1,-1.21867672853253
TRINITY_DN16969_c0_g1_i2.p1,1.03400188346845
TRINITY_DN16972_c0_g1_i17.p1,0.82236140510946
TRINITY_DN16972_c0_g1_i6.p1,0.0492337716896329
TRINITY_DN16972_c0_g1_i7.p1,2.27158721564284
TRINITY_DN16976_c1_g1_i2.p1,0.542464877902716
TRINITY_DN1697_c0_g1_i36.p1,0.201601244566497
TRINITY_DN169836_c0_g1_i1.p1,-0.968748901242272
TRINITY_DN1698_c0_g1_i2.p1,-0.31408877311894
TRINITY_DN169903_c0_g1_i1.p1,0.398118750076965
TRINITY_DN169_c6_g1_i3.p1,-1.2016885320892
TRINITY_DN170026_c0_g1_i1.p1,-0.12009882508506
TRINITY_DN17014_c0_g1_i1.p1,-0.137640761513811
TRINITY_DN17014_c0_g1_i11.p1,-2.64604981278727
TRINITY_DN17014_c0_g1_i9.p1,-1.83550536493018
TRINITY_DN170223_c0_g1_i1.p2,-0.120100876619793
TRINITY_DN17027_c0_g1_i1.p2,-0.426670286024993
TRINITY_DN170339_c0_g1_i1.p1,-0.904096467982077
TRINITY_DN17036_c0_g1_i1.p1,0.25425132481675
TRINITY_DN1703_c3_g1_i11.p1,0.505437797176944
TRINITY_DN1703_c3_g1_i13.p1,1.45649350627911
TRINITY_DN1703_c3_g1_i19.p1,0.210446502725708
TRINITY_DN170420_c0_g1_i1.p1,-0.29111368502168
TRINITY_DN17050_c0_g1_i11.p1,0.994131422254711
TRINITY_DN17050_c0_g1_i12.p1,0.357817455982727
TRINITY_DN17050_c0_g1_i7.p1,0.456972851592956
TRINITY_DN170599_c0_g1_i1.p1,-0.759466070900896
TRINITY_DN17066_c0_g1_i2.p2,0.364749552478903
TRINITY_DN17068_c0_g1_i1.p1,-0.311365291943225
TRINITY_DN170787_c0_g1_i1.p1,-0.638845352575458
TRINITY_DN1708_c0_g1_i2.p1,0.1114445767167
TRINITY_DN1708_c0_g1_i5.p1,-0.480748635553247
TRINITY_DN1708_c0_g2_i1.p1,-0.778050116574092
TRINITY_DN1708_c0_g2_i3.p1,-0.480754311568892
TRINITY_DN1708_c0_g2_i7.p1,1.75204610129154
TRINITY_DN17098_c0_g2_i1.p2,-1.17866868321687
TRINITY_DN17098_c0_g2_i4.p2,0.0346374106504742
TRINITY_DN17098_c0_g2_i5.p1,0.0487376511332954
TRINITY_DN17099_c0_g1_i2.p2,-0.61537284683169
TRINITY_DN1709_c1_g1_i12.p1,1.46636840162899
TRINITY_DN1709_c1_g1_i16.p1,-1.83495576352486
TRINITY_DN1709_c1_g1_i17.p1,-0.480749220186536
TRINITY_DN1709_c1_g1_i2.p1,-0.49837532499474
TRINITY_DN1709_c1_g1_i6.p1,0.616447758222613
TRINITY_DN170_c0_g2_i3.p1,-1.30922548294859
TRINITY_DN170_c1_g1_i3.p1,-0.170660016985684
TRINITY_DN170_c1_g1_i8.p1,0.45698575300865
TRINITY_DN170_c2_g1_i4.p1,-0.120102286745974
TRINITY_DN171029_c0_g1_i1.p1,-2.6733966158526
TRINITY_DN171088_c0_g1_i1.p1,-1.20187311523518
TRINITY_DN1710_c0_g1_i2.p1,-0.626939889249152
TRINITY_DN171384_c0_g1_i1.p1,-0.737509182337106
TRINITY_DN171479_c0_g1_i1.p1,0.711232105313148
TRINITY_DN1715_c0_g1_i14.p1,-0.978999343349759
TRINITY_DN171647_c0_g1_i1.p1,-2.14308936790434
TRINITY_DN17165_c0_g1_i3.p1,0.378207515381787
TRINITY_DN17165_c0_g1_i6.p1,2.05990532443176
TRINITY_DN17165_c0_g1_i8.p1,1.43834981693137
TRINITY_DN1716_c0_g1_i1.p1,-1.89655143841928
TRINITY_DN1716_c0_g1_i2.p1,0.804354911270337
TRINITY_DN1716_c0_g1_i6.p1,-0.245973652044983
TRINITY_DN1719_c0_g1_i1.p1,-0.610632259533097
TRINITY_DN1719_c0_g1_i13.p1,-2.17780426052528
TRINITY_DN1719_c0_g1_i14.p1,-1.23120213494858
TRINITY_DN1719_c0_g1_i18.p1,-0.658912694658851
TRINITY_DN1719_c0_g1_i2.p1,-0.514937479099535
TRINITY_DN1719_c0_g1_i5.p1,-0.237553578909429
TRINITY_DN1719_c0_g1_i7.p1,-1.20230343784032
TRINITY_DN1719_c0_g1_i8.p1,-0.419587315018833
TRINITY_DN1719_c1_g1_i25.p1,0.280610087027202
TRINITY_DN171_c0_g1_i11.p1,-1.06748487531632
TRINITY_DN171_c0_g1_i13.p1,-1.86165478230355
TRINITY_DN171_c0_g1_i15.p1,1.59886522905341
TRINITY_DN171_c0_g1_i21.p1,-0.25636925742136
TRINITY_DN171_c0_g1_i31.p1,0.00852557534641147
TRINITY_DN171_c0_g1_i35.p1,0.195210855028314
TRINITY_DN171_c0_g1_i6.p1,-0.201171299016851
TRINITY_DN171_c0_g1_i9.p1,-0.0226046679073693
TRINITY_DN172000_c0_g1_i1.p1,1.5742411734309
TRINITY_DN17217_c0_g1_i1.p1,-2.9363895429131
TRINITY_DN17223_c0_g1_i1.p1,0.315430041978008
TRINITY_DN17223_c0_g1_i2.p1,0.517932342975414
TRINITY_DN17225_c0_g1_i2.p1,-1.44506484724836
TRINITY_DN172311_c0_g1_i1.p1,-0.841410817056982
TRINITY_DN172316_c0_g1_i1.p1,-1.15063550374166
TRINITY_DN17237_c0_g1_i4.p1,0.0699707407418796
TRINITY_DN17237_c0_g2_i1.p1,1.14975223144972
TRINITY_DN17237_c1_g2_i1.p1,0.312005780008208
TRINITY_DN172412_c0_g1_i1.p1,0.643638796512431
TRINITY_DN17259_c2_g2_i3.p1,-1.1907674337706
TRINITY_DN17259_c2_g2_i6.p1,-0.420747959284643
TRINITY_DN17264_c0_g1_i16.p1,-1.15985921910375
TRINITY_DN17264_c0_g1_i20.p1,-3.02237993536486
TRINITY_DN17264_c0_g1_i23.p1,-1.72964703345591
TRINITY_DN172725_c0_g1_i1.p1,1.32996625008641
TRINITY_DN172829_c0_g1_i1.p1,-0.841407247821995
TRINITY_DN172834_c0_g1_i1.p1,1.61428386615901
TRINITY_DN17285_c1_g2_i2.p1,2.58796304214131
TRINITY_DN1728_c0_g2_i3.p1,-1.35881670169966
TRINITY_DN172970_c0_g1_i1.p1,0.774013682578011
TRINITY_DN17306_c1_g1_i1.p1,-0.048963944930001
TRINITY_DN173072_c0_g1_i1.p1,-1.53024239968148
TRINITY_DN173094_c0_g1_i1.p1,1.36520123258232
TRINITY_DN17312_c0_g1_i7.p1,2.03954125799581
TRINITY_DN17331_c0_g1_i1.p1,-1.52832926017841
TRINITY_DN17331_c0_g2_i1.p1,-1.53658800797264
TRINITY_DN17331_c0_g2_i3.p1,0.499675870948989
TRINITY_DN17331_c0_g2_i4.p1,0.456981296478662
TRINITY_DN17331_c0_g2_i5.p1,-1.31555288504599
TRINITY_DN17332_c1_g1_i1.p1,0.597454897974103
TRINITY_DN17334_c1_g1_i3.p1,0.827433174021714
TRINITY_DN17339_c0_g1_i1.p1,1.17037303071251
TRINITY_DN173426_c0_g1_i1.p2,-0.120086625118416
TRINITY_DN17345_c2_g1_i1.p2,0.664848465407732
TRINITY_DN17345_c2_g1_i3.p1,-0.0655841854083694
TRINITY_DN17346_c0_g1_i3.p1,0.294991167662618
TRINITY_DN17347_c0_g1_i1.p1,-1.23149954893407
TRINITY_DN17347_c0_g1_i11.p2,0.818940445056363
TRINITY_DN1735_c0_g1_i29.p1,0.111581764280219
TRINITY_DN17375_c0_g1_i5.p2,1.12978078621902
TRINITY_DN1738_c0_g1_i9.p1,-0.700519174518997
TRINITY_DN17392_c5_g1_i2.p1,1.78478499233397
TRINITY_DN17392_c5_g1_i3.p1,0.478918193312104
TRINITY_DN17392_c5_g1_i4.p1,0.12025658547487
TRINITY_DN17397_c0_g1_i2.p1,0.096323738393437
TRINITY_DN17398_c0_g1_i7.p1,-1.62869731689454
TRINITY_DN1739_c0_g1_i11.p1,-1.33835381142202
TRINITY_DN17401_c0_g1_i2.p1,0.456262443859026
TRINITY_DN17402_c0_g1_i2.p1,1.09528410706702
TRINITY_DN17409_c0_g1_i1.p1,-1.20235211847445
TRINITY_DN17409_c0_g1_i2.p1,-0.62524458805132
TRINITY_DN17409_c0_g1_i3.p1,-1.42866673133095
TRINITY_DN17432_c0_g1_i3.p1,-0.0102536902782356
TRINITY_DN17432_c0_g1_i4.p1,0.225098156661608
TRINITY_DN174370_c0_g1_i1.p1,-0.26434367263823
TRINITY_DN17441_c0_g1_i4.p1,-0.193565401945404
TRINITY_DN17443_c0_g1_i1.p1,0.456981296478662
TRINITY_DN17443_c0_g1_i2.p1,0.502910808191981
TRINITY_DN17443_c0_g1_i3.p1,0.678743070404844
TRINITY_DN17472_c0_g1_i11.p1,0.250229823656908
TRINITY_DN17473_c0_g1_i1.p1,0.925631338032033
TRINITY_DN1750_c0_g1_i10.p1,0.319773182012159
TRINITY_DN1750_c0_g1_i20.p1,0.0920993557232348
TRINITY_DN17513_c0_g1_i1.p1,0.287309098109811
TRINITY_DN17528_c0_g1_i1.p1,0.354539145619849
TRINITY_DN175314_c0_g1_i1.p1,-2.33481326811123
TRINITY_DN175460_c0_g1_i1.p1,1.25003585341507
TRINITY_DN175744_c0_g1_i1.p1,0.546720082527905
TRINITY_DN17574_c0_g1_i2.p1,-1.20232097034069
TRINITY_DN17574_c0_g1_i3.p1,0.350654357548464
TRINITY_DN17593_c0_g1_i11.p1,0.336421775377049
TRINITY_DN17593_c0_g1_i6.p1,-0.696977701442587
TRINITY_DN17612_c0_g1_i1.p1,0.213607317971954
TRINITY_DN17613_c1_g2_i6.p1,0.440333731525975
TRINITY_DN176289_c0_g1_i1.p1,-0.841407976246583
TRINITY_DN17635_c0_g1_i3.p1,1.65190879664675
TRINITY_DN1763_c0_g1_i8.p1,1.21405222869655
TRINITY_DN17650_c0_g1_i2.p1,-0.120087284841163
TRINITY_DN17662_c0_g1_i1.p1,-0.0312560827964139
TRINITY_DN17672_c0_g1_i2.p1,-0.916987477986736
TRINITY_DN17676_c0_g1_i2.p1,-0.443447643409825
TRINITY_DN176838_c0_g1_i1.p1,-0.841404218979344
TRINITY_DN17684_c0_g1_i3.p1,-0.480749439820902
TRINITY_DN1768_c0_g1_i5.p1,-1.15742742761599
TRINITY_DN17690_c0_g1_i14.p1,1.05558516441077
TRINITY_DN17690_c0_g3_i1.p1,1.42564674322479
TRINITY_DN17695_c0_g1_i1.p1,-0.120088226471002
TRINITY_DN17695_c0_g1_i11.p1,0.544144083230351
TRINITY_DN17695_c0_g1_i4.p1,0.22309283765103
TRINITY_DN17701_c0_g1_i1.p1,0.216190915249745
TRINITY_DN17708_c0_g1_i32.p1,-1.00130374241675
TRINITY_DN17708_c0_g1_i33.p1,-0.120096671356708
TRINITY_DN17708_c0_g1_i37.p1,0.393030789034561
TRINITY_DN17708_c0_g1_i39.p1,-0.438140028597852
TRINITY_DN17708_c0_g1_i4.p1,-0.0849001400684708
TRINITY_DN17708_c0_g1_i45.p1,0.240037835456682
TRINITY_DN17708_c0_g1_i5.p1,-1.20231828741381
TRINITY_DN17708_c0_g1_i56.p1,-0.841415989819016
TRINITY_DN17708_c0_g1_i62.p1,1.08501487044001
TRINITY_DN17708_c1_g1_i1.p1,0.847346070101134
TRINITY_DN17720_c0_g1_i2.p1,0.214574954678944
TRINITY_DN177341_c0_g1_i1.p1,-0.0397198271497761
TRINITY_DN177343_c0_g1_i2.p1,2.08358748466837
TRINITY_DN177430_c0_g1_i1.p1,-1.10405047804656
TRINITY_DN17747_c0_g1_i5.p1,0.183983901748903
TRINITY_DN17747_c0_g1_i8.p1,0.605060548875091
TRINITY_DN177510_c0_g1_i1.p1,-3.80641105609843
TRINITY_DN177534_c0_g1_i1.p1,-1.77702921230688
TRINITY_DN177543_c0_g1_i1.p1,0.789182480381635
TRINITY_DN17754_c0_g1_i2.p1,0.0748395344117788
TRINITY_DN177565_c0_g1_i1.p1,-0.333277578988207
TRINITY_DN17758_c0_g1_i1.p1,-0.435413353791351
TRINITY_DN177591_c0_g1_i3.p1,0.662614259297158
TRINITY_DN177594_c0_g1_i1.p1,-0.235223318135867
TRINITY_DN17764_c2_g2_i1.p1,2.27047826430608
TRINITY_DN17764_c2_g2_i3.p1,0.267860344671374
TRINITY_DN17767_c0_g1_i11.p1,-1.19460143792623
TRINITY_DN17767_c0_g1_i5.p1,0.298130524330494
TRINITY_DN17767_c0_g3_i1.p1,1.07362423278915
TRINITY_DN177690_c0_g1_i1.p1,-1.26328511895104
TRINITY_DN1776_c5_g1_i1.p1,0.225648504426786
TRINITY_DN1776_c5_g1_i3.p1,-2.29383078838159
TRINITY_DN177724_c0_g1_i1.p1,1.17731046293033
TRINITY_DN177726_c0_g1_i1.p1,-0.633993475870631
TRINITY_DN17773_c0_g1_i2.p1,-0.461128110124992
TRINITY_DN17773_c1_g2_i1.p1,0.951484444750269
TRINITY_DN17774_c0_g1_i16.p1,-0.968703616320644
TRINITY_DN177778_c0_g1_i1.p1,-1.58461099211949
TRINITY_DN17777_c0_g1_i2.p1,-0.299874688456769
TRINITY_DN177795_c0_g1_i1.p1,0.919649820895929
TRINITY_DN177834_c0_g1_i1.p1,1.84601905896991
TRINITY_DN177872_c0_g1_i2.p1,1.08949497952476
TRINITY_DN17787_c1_g3_i1.p1,0.493597302444586
TRINITY_DN177891_c0_g1_i1.p1,0.694157162314472
TRINITY_DN177971_c0_g1_i1.p1,-0.124580267739704
TRINITY_DN1779_c0_g2_i2.p1,0.713828172293239
TRINITY_DN1779_c0_g2_i4.p1,-0.480776883465044
TRINITY_DN178033_c0_g1_i1.p1,-0.581888042065534
TRINITY_DN178099_c0_g1_i1.p1,-0.298878764006094
TRINITY_DN178103_c0_g1_i1.p1,-0.480745348502301
TRINITY_DN178103_c0_g1_i2.p1,-1.12734348009967
TRINITY_DN178163_c0_g1_i1.p1,-0.394280556261443
TRINITY_DN178163_c0_g1_i3.p1,1.08620790727578
TRINITY_DN178226_c0_g1_i1.p1,-0.140694974458915
TRINITY_DN178226_c0_g1_i2.p1,0.456985635230545
TRINITY_DN17822_c0_g1_i2.p1,1.00208985940408
TRINITY_DN178257_c0_g1_i1.p1,2.09467932456013
TRINITY_DN17825_c0_g1_i1.p1,0.641195251257657
TRINITY_DN17825_c0_g1_i6.p1,0.685387936262913
TRINITY_DN17825_c0_g1_i7.p1,-0.223808649176238
TRINITY_DN17829_c0_g1_i1.p1,0.366933569755725
TRINITY_DN1782_c0_g1_i2.p1,-0.565968419837442
TRINITY_DN1782_c0_g1_i4.p1,1.13418990589464
TRINITY_DN1782_c0_g1_i5.p1,0.386802388285955
TRINITY_DN178305_c0_g1_i1.p1,0.452953482074554
TRINITY_DN17832_c0_g1_i3.p1,0.406834891192677
TRINITY_DN17832_c0_g1_i6.p1,0.310289987451783
TRINITY_DN178375_c0_g1_i1.p1,-0.169869375314491
TRINITY_DN178386_c0_g1_i2.p1,0.127774952285296
TRINITY_DN17840_c0_g1_i3.p1,0.560734048682655
TRINITY_DN178521_c0_g1_i1.p1,0.456975666554858
TRINITY_DN178521_c0_g1_i2.p1,1.03539296586148
TRINITY_DN178598_c0_g1_i1.p1,-1.84534093575669
TRINITY_DN178631_c0_g1_i1.p1,-0.625215907585554
TRINITY_DN178632_c0_g1_i1.p1,1.80930522305913
TRINITY_DN17866_c0_g1_i3.p1,-0.413144736062345
TRINITY_DN178763_c0_g1_i1.p1,0.456975666554858
TRINITY_DN178764_c0_g1_i1.p1,0.844650575286859
TRINITY_DN17883_c0_g1_i1.p1,0.0584643661997719
TRINITY_DN17883_c0_g1_i11.p1,-1.21119435643135
TRINITY_DN17883_c0_g1_i20.p1,-0.380812683588597
TRINITY_DN178861_c0_g1_i1.p1,0.42421411065106
TRINITY_DN17889_c0_g1_i8.p1,-0.834335731463393
TRINITY_DN178918_c0_g1_i1.p1,1.92848605130741
TRINITY_DN178959_c0_g1_i1.p1,-2.42325305831595
TRINITY_DN17897_c0_g1_i1.p1,0.456975264421031
TRINITY_DN17898_c0_g1_i1.p1,-0.795960288638293
TRINITY_DN17898_c0_g1_i3.p1,-0.139613859430235
TRINITY_DN17902_c0_g2_i2.p1,-1.78541237717294
TRINITY_DN179040_c0_g1_i1.p1,-1.33935128383085
TRINITY_DN17905_c0_g1_i18.p1,-0.238593089017099
TRINITY_DN17905_c0_g1_i28.p1,0.197657201191656
TRINITY_DN179067_c0_g1_i1.p1,2.4236048264603
TRINITY_DN17912_c0_g1_i2.p1,-1.49059707116719
TRINITY_DN179313_c0_g1_i1.p1,-0.0267758709226796
TRINITY_DN17936_c0_g2_i1.p1,1.42569473702611
TRINITY_DN179374_c0_g1_i1.p1,-1.5565861804871
TRINITY_DN1793_c0_g1_i1.p1,0.27347371060669
TRINITY_DN1793_c0_g1_i10.p1,-0.858357585697864
TRINITY_DN1793_c0_g1_i13.p1,-0.51728681519966
TRINITY_DN1793_c0_g2_i2.p1,1.42569906759616
TRINITY_DN1793_c2_g1_i1.p1,-0.162093572387268
TRINITY_DN17940_c2_g1_i2.p1,-3.12375295555565
TRINITY_DN1794_c0_g1_i8.p1,-0.726873512181395
TRINITY_DN179554_c0_g1_i1.p1,-1.75881900702266
TRINITY_DN179570_c0_g1_i1.p1,-1.49993400011255
TRINITY_DN17959_c0_g1_i4.p1,-0.805903748322259
TRINITY_DN17959_c2_g1_i1.p1,-1.01833330170492
TRINITY_DN1795_c0_g1_i3.p1,-0.760513818847569
TRINITY_DN17962_c0_g1_i2.p1,-1.15249069181127
TRINITY_DN179712_c0_g1_i1.p1,0
TRINITY_DN17975_c0_g1_i1.p1,-0.253549878783988
TRINITY_DN1797_c12_g1_i1.p1,1.16245186952451
TRINITY_DN179924_c0_g1_i1.p1,-1.2023323091694
TRINITY_DN17992_c0_g1_i2.p1,-0.322336010104202
TRINITY_DN17992_c4_g1_i1.p1,1.41619593750164
TRINITY_DN17992_c4_g1_i2.p1,0.456981296478662
TRINITY_DN17994_c0_g2_i1.p1,0.591287148594958
TRINITY_DN179986_c0_g1_i2.p1,-0.952037318980133
TRINITY_DN180072_c0_g1_i1.p1,-0.485002885750077
TRINITY_DN180086_c0_g1_i2.p1,-0.967920729590415
TRINITY_DN180086_c0_g1_i3.p1,-0.100167377934033
TRINITY_DN18008_c0_g1_i4.p1,-1.32350508941857
TRINITY_DN180185_c0_g1_i1.p1,-0.0332689235151565
TRINITY_DN180200_c0_g1_i1.p1,0.0171987917126824
TRINITY_DN18023_c0_g1_i1.p1,-1.09584375690684
TRINITY_DN18023_c0_g1_i2.p1,1.23326078212105
TRINITY_DN18029_c0_g1_i9.p1,-1.74414975329416
TRINITY_DN180308_c0_g1_i1.p1,0.456978079382933
TRINITY_DN180308_c0_g1_i2.p1,-1.24271415610465
TRINITY_DN180451_c0_g1_i1.p1,-0.382265947726287
TRINITY_DN180453_c0_g1_i1.p1,0
TRINITY_DN180491_c0_g1_i1.p1,0.582087139102814
TRINITY_DN180515_c0_g1_i1.p1,-0.120096726146836
TRINITY_DN18058_c1_g3_i1.p2,0.458852585339338
TRINITY_DN180611_c0_g1_i1.p1,-1.11862157719638
TRINITY_DN18062_c0_g2_i1.p1,0.781664571425184
TRINITY_DN180668_c0_g1_i1.p1,-0.241898404499743
TRINITY_DN18066_c6_g1_i1.p1,-0.137187686747055
TRINITY_DN180696_c0_g1_i1.p1,-0.264339664529665
TRINITY_DN180708_c0_g1_i1.p1,0.648378107382415
TRINITY_DN18073_c1_g1_i4.p1,2.47204689672301
TRINITY_DN18073_c1_g2_i1.p1,-1.70553962004914
TRINITY_DN180789_c0_g1_i1.p1,-0.841411308523313
TRINITY_DN180843_c0_g1_i1.p1,-0.264337745657889
TRINITY_DN180903_c0_g1_i1.p1,-0.625229947701367
TRINITY_DN180921_c0_g1_i1.p1,-0.120093454260979
TRINITY_DN18093_c0_g1_i4.p1,0.782921786360121
TRINITY_DN18093_c0_g1_i6.p1,2.39707487249468
TRINITY_DN1809_c0_g1_i63.p1,1.10596047671403
TRINITY_DN1809_c0_g1_i69.p1,-0.483388318687302
TRINITY_DN180_c1_g1_i1.p1,2.16349253537009
TRINITY_DN180_c1_g1_i11.p1,3.25445387193815
TRINITY_DN180_c1_g1_i7.p1,-0.417456556050475
TRINITY_DN180_c1_g1_i8.p1,0.366779976688558
TRINITY_DN181014_c0_g1_i1.p1,-3.19693722022353
TRINITY_DN181036_c0_g1_i1.p1,-1.90021698158789
TRINITY_DN181041_c0_g1_i1.p1,-0.331045053482945
TRINITY_DN18105_c0_g3_i2.p1,-2.65419751497141
TRINITY_DN1810_c0_g1_i8.p1,0.153974754047466
TRINITY_DN181136_c0_g1_i1.p1,-0.0182990956963065
TRINITY_DN181151_c0_g1_i1.p1,-1.29070224110234
TRINITY_DN18120_c0_g2_i2.p1,-0.767059063113103
TRINITY_DN18120_c0_g2_i3.p1,-1.41394659457975
TRINITY_DN18120_c0_g2_i5.p1,-1.56245660942036
TRINITY_DN18120_c0_g3_i1.p1,-0.172470357107799
TRINITY_DN18121_c0_g1_i2.p1,-1.28302912574703
TRINITY_DN18122_c0_g1_i2.p1,-0.076525735112432
TRINITY_DN18131_c0_g1_i1.p1,0.681398264708563
TRINITY_DN181335_c0_g1_i1.p1,-1.24913963352613
TRINITY_DN18154_c0_g1_i1.p1,-1.03344332982359
TRINITY_DN181714_c0_g1_i1.p1,-3.63179555024812
TRINITY_DN181792_c0_g1_i1.p1,-0.587341488421892
TRINITY_DN181847_c0_g1_i1.p1,-0.254022829365137
TRINITY_DN18187_c0_g3_i1.p1,-0.605859355259511
TRINITY_DN18187_c0_g3_i3.p1,-0.946208413321691
TRINITY_DN18187_c0_g3_i5.p1,0.360812679788936
TRINITY_DN18193_c0_g1_i2.p2,0.315603170150342
TRINITY_DN1820_c13_g1_i1.p1,0.546747467021615
TRINITY_DN18211_c0_g5_i1.p1,-0.349517426256196
TRINITY_DN18214_c0_g2_i4.p1,-1.51145850814844
TRINITY_DN18214_c0_g2_i6.p1,1.43571370543567
TRINITY_DN18219_c0_g2_i1.p1,-0.166939731278762
TRINITY_DN18219_c0_g2_i12.p1,-0.772845253906647
TRINITY_DN18219_c0_g2_i14.p1,-0.264338899411664
TRINITY_DN18219_c0_g2_i15.p1,-0.0457373401062741
TRINITY_DN18219_c0_g2_i8.p1,0.0778826062031768
TRINITY_DN1822_c0_g1_i13.p1,0.571990096959074
TRINITY_DN1822_c0_g1_i19.p1,-0.457262616071612
TRINITY_DN1822_c0_g1_i20.p1,1.08949497952476
TRINITY_DN1822_c0_g1_i41.p1,0.0963204852625891
TRINITY_DN1822_c0_g1_i42.p1,0.376047970124074
TRINITY_DN1822_c0_g1_i46.p1,-0.199362859453684
TRINITY_DN1824_c0_g1_i1.p2,0.0129009228514182
TRINITY_DN1824_c1_g1_i2.p2,0.113010490524512
TRINITY_DN1824_c1_g1_i3.p1,-1.00412781737139
TRINITY_DN18252_c0_g1_i1.p1,0.493883313411247
TRINITY_DN1825_c0_g1_i2.p1,0.259929894683236
TRINITY_DN182600_c0_g1_i1.p1,0.154664570530799
TRINITY_DN182796_c0_g1_i1.p1,1.62955477122175
TRINITY_DN18279_c0_g1_i1.p1,-0.0630240335974949
TRINITY_DN18288_c0_g1_i1.p1,0.120728477484063
TRINITY_DN18288_c0_g1_i3.p1,0.688284038644741
TRINITY_DN1828_c1_g1_i5.p1,1.57558562668488
TRINITY_DN183057_c0_g1_i1.p1,-0.841404218979345
TRINITY_DN18306_c0_g1_i8.p1,-0.0634165845575807
TRINITY_DN18307_c0_g1_i2.p2,-0.120093454260979
TRINITY_DN1831_c0_g1_i1.p1,1.06841947773831
TRINITY_DN1831_c0_g1_i11.p1,-0.120093454260978
TRINITY_DN1831_c0_g1_i31.p1,0.710618656624508
TRINITY_DN18322_c0_g1_i1.p1,0.689640734809327
TRINITY_DN18322_c1_g1_i1.p1,0.662164923795902
TRINITY_DN18322_c2_g1_i2.p1,-0.0664250354773662
TRINITY_DN183242_c0_g1_i1.p1,-0.992376690793024
TRINITY_DN18325_c0_g1_i2.p2,0.610111803451344
TRINITY_DN18326_c0_g5_i1.p2,0.573873273374716
TRINITY_DN18326_c1_g1_i1.p1,0.0176600072111442
TRINITY_DN1832_c0_g3_i2.p1,0.233757929542857
TRINITY_DN18351_c0_g1_i1.p1,0.943194049078214
TRINITY_DN183522_c0_g1_i2.p1,-0.558048520633879
TRINITY_DN183558_c0_g1_i1.p1,0.882391419549303
TRINITY_DN183570_c0_g1_i1.p1,-0.625274908958251
TRINITY_DN183587_c0_g1_i1.p1,-1.61401294685087
TRINITY_DN18375_c0_g1_i1.p1,0.513125765531623
TRINITY_DN18375_c0_g1_i11.p1,-0.482994742913015
TRINITY_DN18375_c0_g1_i12.p1,-0.480745820591345
TRINITY_DN18375_c0_g1_i13.p1,-0.652217689878571
TRINITY_DN18375_c0_g1_i17.p1,1.28740000662957
TRINITY_DN183875_c0_g1_i1.p1,0.0963224241403919
TRINITY_DN183925_c0_g1_i1.p1,-0.535228266161344
TRINITY_DN18413_c0_g1_i1.p1,-0.229049653177907
TRINITY_DN18414_c0_g1_i1.p1,1.06603009460763
TRINITY_DN184233_c0_g1_i1.p1,-0.480745325502711
TRINITY_DN184304_c0_g1_i1.p1,1.44921023828695
TRINITY_DN18435_c0_g1_i1.p1,-0.358034856290597
TRINITY_DN184492_c0_g1_i1.p1,-0.741728360205142
TRINITY_DN184495_c0_g1_i1.p1,-1.00624359659379
TRINITY_DN18453_c0_g1_i1.p1,-0.584217892509217
TRINITY_DN18454_c0_g1_i2.p1,0.234874506212174
TRINITY_DN18454_c0_g1_i4.p1,-0.216145844354261
TRINITY_DN18454_c0_g1_i6.p1,-1.9666668460711
TRINITY_DN18465_c0_g1_i2.p1,-0.0102736431434455
TRINITY_DN184737_c0_g1_i1.p1,-0.519670282840324
TRINITY_DN18474_c0_g1_i1.p1,0.344073940074812
TRINITY_DN18477_c2_g1_i10.p1,-0.983474960294916
TRINITY_DN18477_c2_g1_i31.p1,0.747604610753328
TRINITY_DN184803_c0_g1_i1.p1,2.27660005859459
TRINITY_DN184815_c0_g1_i1.p1,1.47516717394914
TRINITY_DN1848_c4_g1_i1.p1,-0.329525114372868
TRINITY_DN18495_c0_g2_i2.p1,0.95664838684812
TRINITY_DN18501_c0_g1_i1.p1,-0.689357624811931
TRINITY_DN18501_c0_g1_i2.p1,0.656277141061097
TRINITY_DN18501_c0_g1_i3.p1,0.58000340190887
TRINITY_DN18501_c2_g1_i3.p1,-0.107052226115292
TRINITY_DN18501_c3_g1_i1.p1,-0.44801312911714
TRINITY_DN18520_c0_g2_i2.p1,-0.0837365891028825
TRINITY_DN185218_c0_g1_i1.p1,0.00392003118086623
TRINITY_DN185268_c0_g1_i1.p1,-0.120101224537575
TRINITY_DN185268_c0_g1_i2.p1,1.00465955563442
TRINITY_DN185300_c0_g1_i1.p1,-1.19958454561738
TRINITY_DN185318_c0_g1_i1.p1,0.722820383978042
TRINITY_DN185370_c0_g1_i1.p1,-0.480749094288794
TRINITY_DN18538_c6_g1_i1.p2,0.744084236880751
TRINITY_DN185445_c0_g1_i1.p1,2.38675819839118
TRINITY_DN185464_c0_g1_i1.p1,-0.521118270684925
TRINITY_DN185562_c0_g1_i1.p1,-0.153935476883652
TRINITY_DN18571_c0_g1_i4.p1,0.464317306555092
TRINITY_DN18571_c0_g1_i5.p1,-0.391022120982765
TRINITY_DN18572_c0_g1_i2.p1,-0.760474874374329
TRINITY_DN18588_c0_g2_i1.p1,0.227829470553696
TRINITY_DN18602_c0_g1_i1.p2,1.26860847616833
TRINITY_DN18605_c0_g1_i4.p1,0.456975666554858
TRINITY_DN18616_c0_g1_i1.p1,2.4358816239495
TRINITY_DN18627_c1_g1_i2.p1,0.932326121325326
TRINITY_DN18639_c1_g1_i5.p1,-1.8425414717288
TRINITY_DN1863_c0_g1_i14.p1,-0.54168658297561
TRINITY_DN18646_c0_g1_i4.p1,0.300368933482922
TRINITY_DN18649_c0_g1_i5.p1,0.0401861969898527
TRINITY_DN186532_c0_g1_i1.p1,-0.0361451948756964
TRINITY_DN18656_c0_g1_i13.p1,2.21632682037267
TRINITY_DN18673_c0_g1_i20.p1,1.46798502847538
TRINITY_DN18673_c0_g1_i28.p1,-0.128009851518293
TRINITY_DN18677_c0_g1_i1.p1,1.0164582333173
TRINITY_DN186827_c0_g1_i1.p1,0.354443962837984
TRINITY_DN18683_c1_g1_i2.p1,-1.05187098433792
TRINITY_DN186867_c0_g1_i1.p1,0.348491178382952
TRINITY_DN1868_c0_g1_i4.p1,-2.14635929140873
TRINITY_DN1868_c1_g1_i3.p1,0.280937241048661
TRINITY_DN1868_c1_g1_i4.p1,-0.643461948888786
TRINITY_DN186947_c0_g1_i1.p1,-0.488966148412035
TRINITY_DN18697_c1_g1_i1.p1,-0.84141354202885
TRINITY_DN18697_c4_g1_i1.p3,-0.653088790058864
TRINITY_DN186990_c0_g1_i1.p1,-2.12332804461038
TRINITY_DN186_c1_g1_i1.p1,0.538665052480796
TRINITY_DN186_c2_g2_i2.p1,0.281121539830381
TRINITY_DN187065_c0_g1_i1.p1,-0.120096726146836
TRINITY_DN187096_c0_g1_i1.p1,0.359349588796702
TRINITY_DN18713_c2_g1_i1.p1,-0.152187514478645
TRINITY_DN18731_c0_g1_i1.p1,-1.85493551926621
TRINITY_DN187328_c0_g1_i1.p1,0.770095468476215
TRINITY_DN18740_c0_g1_i1.p1,0.0309388416713261
TRINITY_DN187537_c0_g1_i1.p1,-0.890110494909054
TRINITY_DN18759_c0_g1_i5.p1,-0.114451629449351
TRINITY_DN1875_c0_g1_i3.p1,2.26415169014258
TRINITY_DN1875_c0_g1_i8.p1,0.171548000249635
TRINITY_DN18768_c0_g1_i5.p1,1.84472894083048
TRINITY_DN18768_c0_g1_i8.p1,0.722678042540595
TRINITY_DN18774_c0_g2_i1.p2,-2.43835195752955
TRINITY_DN18774_c0_g2_i2.p1,-0.118525420288731
TRINITY_DN187774_c0_g1_i1.p1,-0.12009882508506
TRINITY_DN1877_c0_g2_i20.p1,-0.465738699290105
TRINITY_DN18781_c0_g1_i1.p1,1.04561251451092
TRINITY_DN18781_c0_g2_i2.p1,0.0127757637443432
TRINITY_DN18781_c0_g2_i4.p1,-1.49040847884307
TRINITY_DN18781_c1_g1_i1.p1,0.646850073383837
TRINITY_DN18781_c1_g4_i1.p1,-2.39794569096805
TRINITY_DN18781_c1_g4_i4.p1,1.71359202321202
TRINITY_DN187843_c0_g1_i1.p1,-0.12009882508506
TRINITY_DN18784_c3_g1_i1.p1,0.298777456604785
TRINITY_DN187896_c0_g1_i1.p1,-0.841404218979344
TRINITY_DN18790_c0_g1_i27.p1,0.707395274047778
TRINITY_DN18790_c0_g1_i4.p1,1.41537817414002
TRINITY_DN18792_c0_g2_i1.p1,-1.43278525897647
TRINITY_DN18795_c0_g1_i3.p1,-1.13984526802315
TRINITY_DN18802_c0_g1_i1.p1,0.141357123754791
TRINITY_DN188070_c0_g1_i1.p1,0.289874690081698
TRINITY_DN188218_c0_g1_i2.p1,0.470654580237302
TRINITY_DN18824_c0_g1_i3.p1,-0.685471815672332
TRINITY_DN18824_c0_g1_i6.p1,-0.890436359326918
TRINITY_DN18824_c0_g1_i7.p1,1.76470650014485
TRINITY_DN18824_c0_g1_i8.p1,1.68232247330432
TRINITY_DN18832_c0_g1_i3.p1,-0.120103297100793
TRINITY_DN18834_c0_g1_i2.p1,-0.265559246016432
TRINITY_DN18834_c1_g1_i1.p1,-0.878248405354163
TRINITY_DN18836_c0_g1_i3.p1,1.00382383832863
TRINITY_DN18840_c0_g1_i1.p1,-0.209802761162572
TRINITY_DN18860_c0_g1_i3.p1,1.13769564429284
TRINITY_DN18871_c0_g2_i7.p1,0.504206084751048
TRINITY_DN18874_c0_g1_i2.p1,-0.841414701442887
TRINITY_DN1887_c0_g1_i1.p1,0.129728951362493
TRINITY_DN1887_c0_g1_i2.p1,1.15744386980003
TRINITY_DN18881_c0_g1_i7.p1,-0.0501723397961615
TRINITY_DN188852_c0_g1_i1.p1,0.847516562475404
TRINITY_DN1888_c2_g2_i2.p1,1.69750580054772
TRINITY_DN1888_c3_g1_i2.p2,-0.571753099791946
TRINITY_DN18915_c0_g1_i15.p1,-0.495777098027705
TRINITY_DN18929_c1_g1_i2.p1,-1.89908774621363
TRINITY_DN18948_c0_g1_i1.p1,-1.96364303066465
TRINITY_DN1894_c0_g1_i1.p1,-1.58786476540057
TRINITY_DN1894_c0_g1_i16.p1,1.24058874034157
TRINITY_DN1894_c0_g1_i5.p1,-0.505675080126773
TRINITY_DN1894_c0_g1_i50.p1,1.26402842677848
TRINITY_DN189500_c0_g1_i1.p1,1.56663565948963
TRINITY_DN189584_c0_g1_i1.p1,-0.120102612041738
TRINITY_DN18961_c3_g1_i3.p1,-0.118255972195546
TRINITY_DN18961_c3_g1_i4.p1,-0.0414447730708675
TRINITY_DN18965_c0_g1_i1.p1,-0.222561889638633
TRINITY_DN18972_c0_g1_i1.p1,-0.610556077688275
TRINITY_DN18972_c0_g1_i2.p1,-0.120091443566731
TRINITY_DN18972_c0_g1_i3.p1,0.213613276764451
TRINITY_DN189736_c0_g1_i1.p1,-0.841404218979345
TRINITY_DN18979_c0_g1_i1.p1,0.0963280016659311
TRINITY_DN18979_c0_g1_i2.p1,-1.52593271539657
TRINITY_DN18979_c0_g1_i8.p1,0.258128862467882
TRINITY_DN18980_c1_g1_i3.p1,-3.09271046174557
TRINITY_DN18981_c0_g1_i1.p1,0.520029627950572
TRINITY_DN18986_c0_g1_i3.p1,-1.67357276388662
TRINITY_DN18986_c0_g1_i6.p3,-1.20234649155267
TRINITY_DN1898_c1_g1_i13.p1,-0.120087824337174
TRINITY_DN1898_c1_g1_i14.p1,0.798009238237715
TRINITY_DN1898_c1_g1_i21.p1,-0.120087824337175
TRINITY_DN1898_c1_g1_i6.p1,0.963125117637556
TRINITY_DN18992_c0_g1_i3.p1,1.24111134079404
TRINITY_DN18994_c0_g1_i3.p1,0.004545109103203
TRINITY_DN18995_c0_g1_i1.p1,0.929491645627033
TRINITY_DN18_c0_g1_i12.p1,1.33135545460834
TRINITY_DN19013_c0_g1_i2.p1,3.68691513417006
TRINITY_DN19013_c0_g1_i3.p1,0.640033759761539
TRINITY_DN1901_c0_g1_i2.p1,-0.780871308419179
TRINITY_DN1901_c0_g1_i4.p1,-0.480743005629443
TRINITY_DN1902_c1_g1_i3.p1,-0.518909777977386
TRINITY_DN1902_c2_g1_i1.p1,-0.938832760578065
TRINITY_DN1902_c4_g1_i1.p1,-2.27606512164562
TRINITY_DN19033_c0_g1_i1.p1,-0.71720997858112
TRINITY_DN19033_c0_g1_i10.p1,-0.951920610501115
TRINITY_DN19033_c0_g1_i2.p1,-1.2271984558976
TRINITY_DN19033_c0_g1_i4.p1,0.0963227550586759
TRINITY_DN1904_c0_g1_i12.p1,-1.02022457210579
TRINITY_DN1904_c0_g1_i18.p1,0.266702434449837
TRINITY_DN1904_c0_g1_i22.p1,-0.909567525769946
TRINITY_DN1904_c0_g1_i5.p1,-1.02155077041396
TRINITY_DN1904_c0_g1_i6.p1,-1.52362196808746
TRINITY_DN19054_c0_g1_i10.p1,0.122968851323469
TRINITY_DN19061_c0_g1_i1.p1,0.483400619443725
TRINITY_DN19082_c0_g1_i3.p1,0.61140971747375
TRINITY_DN1908_c0_g1_i2.p1,-0.120095504840853
TRINITY_DN1908_c0_g1_i7.p1,0.310282564883465
TRINITY_DN1908_c0_g2_i5.p1,0.19079310982153
TRINITY_DN190924_c0_g1_i2.p1,0.0963262476292642
TRINITY_DN19099_c0_g1_i1.p1,0.153378665224627
TRINITY_DN19099_c0_g1_i4.p1,1.08743849539842
TRINITY_DN190_c0_g1_i28.p1,0.141649444555459
TRINITY_DN19103_c0_g2_i1.p1,0.101790350728071
TRINITY_DN19105_c0_g1_i3.p1,0.0963185776377565
TRINITY_DN191168_c0_g1_i2.p1,1.01877948653096
TRINITY_DN19126_c0_g2_i1.p2,1.54620837071208
TRINITY_DN19126_c0_g3_i1.p1,-0.0471291241154756
TRINITY_DN19130_c2_g1_i8.p1,0.500970681741402
TRINITY_DN1913_c0_g1_i35.p1,0.640475885256773
TRINITY_DN1913_c0_g1_i48.p1,-1.36213057056661
TRINITY_DN1913_c0_g1_i73.p1,-0.993164210031294
TRINITY_DN1913_c0_g1_i92.p1,-0.0702108358912151
TRINITY_DN1913_c1_g2_i3.p1,0.196441728228319
TRINITY_DN1913_c4_g1_i4.p1,-0.92853743011622
TRINITY_DN1913_c4_g1_i5.p1,0.923028815307771
TRINITY_DN19141_c0_g1_i2.p1,0.570809321147164
TRINITY_DN19153_c1_g1_i1.p1,0.646177248398724
TRINITY_DN19160_c0_g1_i1.p1,-0.0739732366489741
TRINITY_DN19185_c0_g1_i1.p1,-1.20234689566444
TRINITY_DN19197_c0_g1_i1.p1,0.885358958654723
TRINITY_DN19197_c0_g1_i2.p1,0.0247582272896748
TRINITY_DN19201_c0_g1_i1.p1,0.431211995797012
TRINITY_DN1920_c0_g1_i11.p1,-0.264342210880703
TRINITY_DN19213_c0_g1_i2.p1,-0.624844038079438
TRINITY_DN19213_c0_g1_i8.p1,-0.168465059010998
TRINITY_DN19213_c0_g1_i9.p1,-0.625244791732161
TRINITY_DN19228_c0_g1_i1.p1,-0.0559125371105803
TRINITY_DN19228_c0_g1_i4.p1,0.486444985297174
TRINITY_DN1922_c0_g1_i3.p1,0.428375005863388
TRINITY_DN19238_c0_g1_i1.p1,-0.841413575162787
TRINITY_DN19238_c0_g1_i2.p1,-2.21316331573824
TRINITY_DN19238_c0_g1_i3.p1,0.228354960551607
TRINITY_DN1923_c0_g1_i25.p1,0.470672620073736
TRINITY_DN1923_c0_g1_i9.p1,-0.368759050848927
TRINITY_DN19246_c0_g1_i2.p1,-0.567984939570559
TRINITY_DN19250_c0_g1_i4.p2,-0.612881328185387
TRINITY_DN19250_c2_g1_i1.p1,-0.343366271339679
TRINITY_DN19257_c0_g1_i3.p1,0.789599497826484
TRINITY_DN19268_c0_g1_i1.p1,-0.57362165818407
TRINITY_DN1926_c0_g1_i3.p1,0.571593169481396
TRINITY_DN19276_c1_g1_i1.p1,0.423689330024938
TRINITY_DN19276_c1_g1_i11.p1,-0.605694817125578
TRINITY_DN19276_c1_g1_i12.p1,-1.87505560270455
TRINITY_DN19276_c1_g1_i13.p1,-4.78239961432099
TRINITY_DN19276_c1_g1_i18.p1,0.217961175451602
TRINITY_DN19276_c1_g1_i8.p1,0.84228343118092
TRINITY_DN19279_c0_g1_i1.p1,0.0758713354004731
TRINITY_DN19279_c0_g1_i2.p1,-0.264334696029681
TRINITY_DN19284_c1_g2_i1.p1,0.668310345015478
TRINITY_DN19284_c1_g2_i4.p1,0.312155984437637
TRINITY_DN192_c0_g1_i17.p1,0.227132239237792
TRINITY_DN192_c0_g1_i8.p1,0.130910126136026
TRINITY_DN192_c0_g1_i9.p1,-1.03045149350789
TRINITY_DN19300_c0_g1_i3.p1,0.562330570713105
TRINITY_DN19301_c0_g2_i1.p1,0.771728010839723
TRINITY_DN19302_c2_g1_i1.p1,0.168385475751153
TRINITY_DN19321_c0_g1_i16.p1,-0.368834022352767
TRINITY_DN19331_c0_g1_i6.p1,0.391851460534931
TRINITY_DN19332_c1_g1_i4.p1,0.889782417394584
TRINITY_DN19332_c1_g1_i5.p1,0.456981296478662
TRINITY_DN19333_c0_g3_i1.p1,-0.921422489947653
TRINITY_DN19333_c0_g3_i2.p1,1.0402995325067
TRINITY_DN19333_c0_g3_i3.p1,-0.316948367973802
TRINITY_DN19343_c0_g2_i2.p1,2.0121871632682
TRINITY_DN19343_c0_g2_i4.p1,1.29909329490146
TRINITY_DN19344_c0_g1_i1.p1,-0.12009469709182
TRINITY_DN19344_c0_g1_i2.p1,-2.75718744063292
TRINITY_DN19344_c0_g1_i5.p1,-0.480743005629444
TRINITY_DN1936_c4_g3_i10.p1,0.393941384150223
TRINITY_DN19371_c0_g2_i2.p1,-1.40480435682698
TRINITY_DN19381_c1_g1_i4.p1,-0.164791427156834
TRINITY_DN19383_c2_g1_i1.p1,0.0115466022121413
TRINITY_DN19383_c2_g1_i3.p1,0.0792959135123158
TRINITY_DN19384_c0_g1_i3.p1,-0.264338886719135
TRINITY_DN19384_c0_g1_i4.p1,-0.120090639299077
TRINITY_DN19384_c0_g1_i5.p1,1.46316326917731
TRINITY_DN19389_c0_g1_i12.p1,-2.88321260719932
TRINITY_DN19389_c0_g1_i2.p1,-0.821546185224556
TRINITY_DN19389_c0_g1_i22.p1,-2.22847885519086
TRINITY_DN19389_c0_g1_i6.p1,-1.24471047702943
TRINITY_DN19408_c2_g4_i1.p2,-2.69645265944217
TRINITY_DN19410_c0_g1_i5.p2,0.0967643938441643
TRINITY_DN19410_c1_g1_i2.p1,0.596286681194283
TRINITY_DN19416_c2_g1_i1.p1,-0.336051802211661
TRINITY_DN19419_c0_g1_i1.p2,-0.120086024733865
TRINITY_DN1942_c8_g1_i2.p1,-1.5667294152561
TRINITY_DN1942_c8_g1_i5.p1,-2.19966645956239
TRINITY_DN19435_c0_g1_i13.p1,-0.466434217750524
TRINITY_DN19435_c0_g1_i15.p1,0.456975666554858
TRINITY_DN19457_c0_g2_i3.p1,1.48458447879195
TRINITY_DN1945_c0_g1_i14.p1,-0.00748896047713815
TRINITY_DN1945_c0_g1_i4.p1,-0.408966988348801
TRINITY_DN19460_c0_g1_i1.p1,-0.831186595920524
TRINITY_DN19460_c0_g1_i3.p1,0.711999096439308
TRINITY_DN19461_c0_g1_i12.p1,2.02584037635867
TRINITY_DN19461_c0_g1_i13.p1,-0.264342874860316
TRINITY_DN19461_c0_g1_i19.p1,-0.120094446458506
TRINITY_DN19479_c0_g1_i4.p1,0.454538792561148
TRINITY_DN19488_c1_g1_i1.p1,-0.0335917509671676
TRINITY_DN19492_c0_g1_i27.p1,1.41014423977916
TRINITY_DN19492_c0_g1_i32.p1,-0.412279456991545
TRINITY_DN19492_c0_g1_i7.p1,0.531418462328592
TRINITY_DN1949_c0_g1_i4.p1,1.03473695396444
TRINITY_DN1949_c2_g1_i19.p1,-1.66869802912101
TRINITY_DN1949_c2_g1_i20.p1,-0.609541230793388
TRINITY_DN1949_c2_g1_i24.p1,0.109403420532434
TRINITY_DN1949_c2_g1_i6.p1,0.5842846874688
TRINITY_DN1949_c2_g1_i9.p1,1.75694439861861
TRINITY_DN19514_c0_g1_i2.p1,0.921801288719384
TRINITY_DN19514_c0_g1_i3.p1,-0.120091443566731
TRINITY_DN1951_c0_g1_i15.p1,-0.692651711059664
TRINITY_DN1951_c0_g1_i21.p1,-0.480743005629444
TRINITY_DN1951_c0_g1_i25.p1,-0.199360033114029
TRINITY_DN1951_c0_g1_i26.p1,-1.20233566999527
TRINITY_DN1951_c0_g1_i6.p1,0.699904857243703
TRINITY_DN1951_c0_g1_i7.p1,-0.433926879386552
TRINITY_DN19523_c1_g1_i1.p1,0.0423425225943915
TRINITY_DN19526_c0_g1_i1.p1,0.590885637646684
TRINITY_DN19526_c0_g1_i2.p1,0.563487225407648
TRINITY_DN19526_c0_g1_i5.p1,1.08515331336844
TRINITY_DN19528_c0_g1_i3.p1,-0.841403816845518
TRINITY_DN19537_c0_g1_i2.p1,-0.551004975255139
TRINITY_DN1953_c0_g1_i1.p1,-0.544857964165343
TRINITY_DN1953_c0_g1_i4.p1,-0.309543392392253
TRINITY_DN19541_c1_g1_i2.p1,0.456991423726777
TRINITY_DN19541_c1_g1_i3.p1,-0.267170279225043
TRINITY_DN19547_c0_g1_i4.p1,0.299803763104976
TRINITY_DN19552_c0_g1_i3.p1,-1.67393031919413
TRINITY_DN19556_c0_g4_i1.p1,-0.125831078030011
TRINITY_DN19571_c0_g3_i1.p1,0.305330640102403
TRINITY_DN19572_c0_g2_i5.p1,0.797492352001001
TRINITY_DN19572_c0_g2_i7.p1,1.62030558962686
TRINITY_DN19600_c0_g1_i1.p1,-0.325709254684622
TRINITY_DN19607_c0_g1_i2.p1,1.56176358748507
TRINITY_DN19627_c3_g1_i8.p1,-1.94131700554301
TRINITY_DN19652_c0_g2_i3.p1,0.429515992307666
TRINITY_DN19652_c0_g2_i4.p1,-0.363936531370436
TRINITY_DN19652_c1_g1_i1.p1,0.91724028665532
TRINITY_DN19652_c1_g1_i3.p1,-0.0985720895058136
TRINITY_DN19652_c1_g3_i1.p1,1.00612842402608
TRINITY_DN1965_c1_g1_i2.p1,0.718838149727567
TRINITY_DN1965_c3_g3_i1.p2,-0.21034449251646
TRINITY_DN19674_c0_g3_i1.p1,1.16036676860506
TRINITY_DN19674_c0_g3_i3.p1,-0.0703214167769961
TRINITY_DN19674_c0_g3_i5.p1,-0.632835366571767
TRINITY_DN1967_c2_g1_i1.p1,0.455318227520053
TRINITY_DN19690_c0_g1_i6.p1,-1.2773478806879
TRINITY_DN19690_c0_g1_i7.p1,-2.38663708178619
TRINITY_DN19691_c0_g1_i2.p1,0.0139544599307755
TRINITY_DN19691_c1_g1_i2.p1,0.456981296478662
TRINITY_DN19695_c0_g1_i1.p1,1.42402508715141
TRINITY_DN19695_c0_g1_i4.p1,0.866847461666264
TRINITY_DN1970_c0_g1_i9.p1,-0.684744703421998
TRINITY_DN19710_c0_g1_i2.p1,-1.2019020951964
TRINITY_DN19724_c0_g1_i12.p1,0.948843969390788
TRINITY_DN19724_c0_g1_i5.p1,1.1083039900562
TRINITY_DN19724_c0_g1_i8.p1,1.02085648224198
TRINITY_DN19724_c0_g2_i2.p1,0.68362185476804
TRINITY_DN19734_c1_g1_i1.p1,0.365782043321085
TRINITY_DN19752_c0_g1_i1.p1,-0.480745820591346
TRINITY_DN19768_c0_g1_i22.p1,0.197045037023701
TRINITY_DN19768_c0_g1_i27.p1,0.515616790971299
TRINITY_DN19768_c0_g1_i32.p1,-0.120082665893536
TRINITY_DN19768_c0_g1_i5.p1,1.01271602921218
TRINITY_DN19768_c0_g1_i8.p1,-0.0133932880781183
TRINITY_DN1976_c0_g1_i17.p1,-1.02284931978135
TRINITY_DN19789_c0_g1_i4.p1,-1.5992499897965
TRINITY_DN19789_c0_g2_i1.p1,-0.590442966155205
TRINITY_DN19789_c0_g2_i2.p1,-0.264343723904047
TRINITY_DN1979_c2_g2_i2.p1,-0.0881677217021125
TRINITY_DN1981_c6_g3_i1.p1,0.346720516759504
TRINITY_DN1981_c6_g3_i3.p1,-0.841401001883615
TRINITY_DN19825_c0_g1_i16.p1,0.0774325069731296
TRINITY_DN19825_c0_g1_i23.p1,0.553234293693558
TRINITY_DN19837_c0_g1_i1.p1,-0.573790656119198
TRINITY_DN19839_c0_g1_i1.p1,-0.505081439030653
TRINITY_DN19839_c0_g1_i4.p1,0.295297217407683
TRINITY_DN19839_c0_g1_i5.p1,0.881015278709015
TRINITY_DN19876_c0_g2_i12.p2,0.190937542679572
TRINITY_DN19878_c0_g1_i2.p1,-0.753502593432928
TRINITY_DN19884_c0_g1_i2.p1,-0.372966950172598
TRINITY_DN19884_c0_g1_i4.p1,1.00522386829743
TRINITY_DN19890_c4_g1_i1.p1,0.534772345094422
TRINITY_DN19892_c0_g1_i1.p1,0.139695597818211
TRINITY_DN19894_c0_g1_i3.p1,-0.130298191492182
TRINITY_DN19915_c0_g1_i2.p1,0.788703561194603
TRINITY_DN1992_c0_g1_i4.p1,-0.722081610077461
TRINITY_DN19954_c0_g1_i1.p1,-1.11118611051863
TRINITY_DN1996_c0_g1_i1.p1,-0.0249587545290073
TRINITY_DN1996_c0_g1_i3.p1,0.863841814638381
TRINITY_DN19976_c0_g1_i3.p2,-0.0833668205281886
TRINITY_DN19980_c0_g1_i1.p1,-0.480749439820903
TRINITY_DN19980_c0_g1_i4.p1,0.663461870490245
TRINITY_DN19980_c0_g1_i5.p1,-0.755199340457882
TRINITY_DN19981_c0_g1_i1.p1,-0.264341321592497
TRINITY_DN19996_c2_g1_i2.p1,-0.0190938774805288
TRINITY_DN2000_c0_g1_i17.p1,0.0532546664177672
TRINITY_DN2000_c0_g1_i23.p1,1.28905750582899
TRINITY_DN20012_c0_g1_i1.p1,1.24057355591519
TRINITY_DN20012_c0_g1_i8.p1,1.02244502670469
TRINITY_DN20012_c0_g1_i9.p1,-1.22434149391996
TRINITY_DN20026_c0_g1_i11.p1,-0.349835453755263
TRINITY_DN20026_c0_g1_i7.p1,-0.273669943103843
TRINITY_DN20054_c0_g1_i1.p1,-0.833617576374637
TRINITY_DN20059_c0_g1_i2.p1,-0.624737217689358
TRINITY_DN2006_c0_g1_i1.p1,1.30580456006561
TRINITY_DN2006_c0_g1_i2.p1,0.811534759297926
TRINITY_DN2006_c0_g1_i22.p1,-0.480745820591345
TRINITY_DN2006_c0_g1_i25.p1,-1.07701681283921
TRINITY_DN2006_c0_g1_i37.p1,-0.480746222725173
TRINITY_DN2006_c0_g1_i39.p1,0.333587512041272
TRINITY_DN2006_c0_g1_i4.p1,1.46352910141094
TRINITY_DN2006_c0_g1_i49.p1,0.414793560374721
TRINITY_DN2006_c0_g1_i50.p1,-0.676632954004099
TRINITY_DN2006_c0_g1_i73.p1,-0.5157694775957
TRINITY_DN2006_c0_g1_i92.p1,0.119068426703448
TRINITY_DN2006_c0_g1_i95.p1,0.623656231996638
TRINITY_DN20073_c0_g1_i4.p1,-0.841414500481229
TRINITY_DN20073_c0_g1_i8.p1,-0.557959411764998
TRINITY_DN20074_c0_g1_i2.p1,0.445656314231516
TRINITY_DN20089_c0_g1_i4.p1,-0.0797674245095868
TRINITY_DN2008_c0_g1_i17.p1,0.502491471023273
TRINITY_DN2008_c0_g1_i30.p1,-0.0228342380077086
TRINITY_DN2008_c0_g1_i32.p1,0.928548092653209
TRINITY_DN2008_c0_g1_i34.p1,1.63966914095534
TRINITY_DN2008_c0_g1_i41.p1,-1.37433268283906
TRINITY_DN2008_c0_g1_i43.p1,-1.20234689566444
TRINITY_DN20120_c0_g1_i7.p1,-3.79780064263409
TRINITY_DN20121_c0_g1_i2.p1,0.456972916783291
TRINITY_DN20130_c0_g3_i1.p1,-0.685500222642033
TRINITY_DN2016_c0_g5_i1.p1,0.503017525760536
TRINITY_DN20172_c0_g1_i1.p1,-1.90690779412536
TRINITY_DN20172_c0_g1_i3.p1,0.686824417735568
TRINITY_DN20192_c0_g1_i1.p1,0.0760601816341947
TRINITY_DN2020_c0_g1_i3.p1,0.882339998759573
TRINITY_DN2021_c2_g2_i1.p1,-0.120091041432904
TRINITY_DN2021_c2_g2_i4.p1,-0.0162033590789631
TRINITY_DN2021_c2_g2_i5.p1,2.05743858171459
TRINITY_DN20220_c0_g1_i1.p1,1.04378497962
TRINITY_DN20250_c0_g1_i1.p1,-1.85363939803537
TRINITY_DN20250_c0_g1_i2.p1,-0.0811258315906762
TRINITY_DN20260_c0_g2_i2.p1,1.47113261744345
TRINITY_DN20260_c0_g2_i3.p1,-0.163086502212595
TRINITY_DN20299_c1_g1_i1.p1,0.127546179508057
TRINITY_DN2029_c0_g1_i8.p1,-2.82552814620445
TRINITY_DN20309_c0_g1_i4.p1,2.83596395769827
TRINITY_DN20309_c0_g1_i7.p1,1.00915611507036
TRINITY_DN20309_c0_g1_i8.p1,0.264163130020509
TRINITY_DN2031_c1_g2_i1.p2,0.166949409258841
TRINITY_DN20320_c5_g1_i3.p1,0.619820309287628
TRINITY_DN20333_c0_g1_i11.p1,-0.206778545419277
TRINITY_DN20333_c0_g1_i6.p1,-1.0001581233406
TRINITY_DN2033_c4_g1_i1.p1,0.716879213930405
TRINITY_DN2033_c4_g1_i4.p1,-0.418235766813206
TRINITY_DN2033_c4_g1_i5.p1,-0.909224243670196
TRINITY_DN20362_c0_g1_i7.p1,0.271800797746621
TRINITY_DN20363_c0_g1_i2.p2,-2.03003077688418
TRINITY_DN20363_c1_g1_i3.p1,-0.588698830830036
TRINITY_DN20368_c0_g1_i12.p1,-0.420620444040399
TRINITY_DN20377_c0_g1_i2.p1,0.478780243697268
TRINITY_DN20378_c1_g1_i1.p1,0.609679534834308
TRINITY_DN2037_c0_g1_i4.p1,-0.319602562710304
TRINITY_DN2037_c0_g1_i6.p1,0.431246662486452
TRINITY_DN20400_c0_g1_i2.p1,0.214271710388657
TRINITY_DN20436_c0_g1_i3.p1,2.42722772995576
TRINITY_DN2043_c0_g2_i7.p1,0.496223372235245
TRINITY_DN20444_c0_g1_i4.p1,0.350689923628806
TRINITY_DN20446_c0_g1_i1.p1,1.33029264374328
TRINITY_DN20449_c0_g2_i1.p1,0.414352602163593
TRINITY_DN20454_c0_g1_i1.p1,-0.093959428818663
TRINITY_DN20468_c0_g1_i1.p1,-0.480743005629443
TRINITY_DN2049_c1_g1_i8.p1,-0.120093454260979
TRINITY_DN20510_c0_g1_i4.p1,-0.781531358716072
TRINITY_DN20510_c0_g1_i6.p1,0.660790453655851
TRINITY_DN20510_c0_g1_i8.p1,-0.0168017610180876
TRINITY_DN20525_c0_g1_i3.p1,-0.376998656700515
TRINITY_DN2052_c5_g1_i1.p1,0.874466123399055
TRINITY_DN2052_c7_g1_i2.p1,-0.784917095151895
TRINITY_DN20539_c0_g1_i4.p1,0.673989624305423
TRINITY_DN20539_c0_g1_i6.p1,-1.23492916843051
TRINITY_DN2055_c0_g1_i14.p1,-0.841401001883615
TRINITY_DN2055_c0_g1_i16.p1,0.442363601879276
TRINITY_DN2055_c0_g1_i9.p1,0.728038917314655
TRINITY_DN2056_c3_g2_i1.p1,0.0339536394719313
TRINITY_DN20581_c0_g1_i1.p1,-0.277044403320518
TRINITY_DN20581_c0_g1_i5.p1,0.928056576408815
TRINITY_DN20586_c0_g1_i2.p1,0.202297730640733
TRINITY_DN20587_c0_g1_i1.p1,0.408915607920423
TRINITY_DN20597_c6_g1_i1.p1,0.783466454326384
TRINITY_DN205_c0_g2_i5.p1,0.625493527396887
TRINITY_DN20606_c0_g1_i2.p1,-0.868619415871905
TRINITY_DN20625_c0_g1_i3.p1,0.456974862287203
TRINITY_DN20629_c1_g2_i8.p1,-1.53976730021028
TRINITY_DN2062_c0_g1_i2.p1,0
TRINITY_DN20639_c0_g1_i2.p2,-1.00743463736751
TRINITY_DN2063_c0_g1_i34.p1,1.05376110521873
TRINITY_DN2063_c0_g1_i38.p1,-0.813667609943883
TRINITY_DN20644_c0_g1_i1.p1,-0.480757781197382
TRINITY_DN20647_c0_g1_i2.p1,-1.67154291616352
TRINITY_DN20649_c0_g1_i1.p1,-0.26137798344765
TRINITY_DN20660_c0_g1_i1.p1,-0.324034872716654
TRINITY_DN20662_c0_g1_i1.p1,-1.01001817953968
TRINITY_DN20671_c0_g1_i4.p2,-0.00854814255728246
TRINITY_DN20672_c0_g1_i12.p1,0.101994020369805
TRINITY_DN20689_c0_g1_i3.p1,-0.64896398596793
TRINITY_DN20697_c3_g2_i12.p1,-1.36680285738306
TRINITY_DN2072_c0_g1_i2.p1,0.511638362792783
TRINITY_DN20730_c1_g1_i1.p1,-0.091663287818808
TRINITY_DN20735_c0_g1_i4.p1,-1.28515373571283
TRINITY_DN20736_c1_g1_i1.p1,0.0855783403676634
TRINITY_DN2073_c10_g1_i2.p1,-1.71143009835476
TRINITY_DN20806_c0_g1_i1.p1,0.426024181363254
TRINITY_DN20825_c0_g1_i1.p1,-0.29460897761563
TRINITY_DN20825_c0_g1_i2.p1,1.26691515404533
TRINITY_DN20825_c0_g1_i4.p1,-0.480743005629443
TRINITY_DN20825_c0_g1_i6.p1,1.13402280261207
TRINITY_DN20825_c0_g1_i8.p1,0.715230968495212
TRINITY_DN20838_c1_g1_i8.p1,0.179706946620235
TRINITY_DN20858_c0_g1_i1.p1,0.774461005496126
TRINITY_DN20866_c0_g1_i3.p1,-1.07888752326425
TRINITY_DN20872_c0_g3_i2.p1,-1.22179989417371
TRINITY_DN20872_c0_g3_i3.p1,0.0102458841492825
TRINITY_DN20872_c0_g3_i4.p1,0.114691509666174
TRINITY_DN20879_c0_g1_i5.p1,0.672865432197117
TRINITY_DN20893_c0_g1_i2.p1,-0.31454316261107
TRINITY_DN2089_c0_g1_i15.p2,0.550254836912588
TRINITY_DN2090_c0_g2_i13.p1,-1.97475104530489
TRINITY_DN20920_c0_g1_i1.p1,1.87299830362181
TRINITY_DN20920_c0_g1_i22.p1,0.380766417724326
TRINITY_DN20920_c0_g1_i9.p1,-1.88145960079738
TRINITY_DN20921_c0_g1_i3.p1,0.692312149914412
TRINITY_DN20922_c1_g2_i5.p1,-0.871681062930108
TRINITY_DN20958_c2_g1_i1.p1,0.365887455544974
TRINITY_DN2096_c0_g1_i3.p1,1.23441209127578
TRINITY_DN2096_c0_g1_i6.p1,-0.779424400897264
TRINITY_DN2096_c0_g1_i8.p1,1.86552799787988
TRINITY_DN2096_c0_g1_i9.p1,-1.18538326835213
TRINITY_DN20974_c0_g1_i1.p1,1.08949176243838
TRINITY_DN20974_c0_g1_i3.p1,-1.2023559131448
TRINITY_DN20978_c0_g1_i2.p1,2.03414679513833
TRINITY_DN20978_c0_g1_i3.p1,1.61901793607686
TRINITY_DN20985_c0_g1_i1.p1,0.0803664498534444
TRINITY_DN20990_c1_g1_i2.p1,-0.153490841489697
TRINITY_DN20990_c1_g1_i6.p1,0.456975303647609
TRINITY_DN2099_c0_g1_i4.p1,0.0420820327098429
TRINITY_DN2099_c0_g1_i6.p1,1.34947676983886
TRINITY_DN2099_c4_g2_i1.p1,-2.82721516558056
TRINITY_DN2099_c4_g2_i2.p1,-1.12519703688482
TRINITY_DN209_c2_g1_i1.p1,-0.517117940754743
TRINITY_DN2103_c2_g1_i1.p1,-0.251627175915465
TRINITY_DN2103_c2_g1_i11.p1,-0.120093454260979
TRINITY_DN21044_c2_g1_i1.p1,1.28403508638851
TRINITY_DN21044_c2_g1_i2.p1,-1.20158210338947
TRINITY_DN21044_c2_g1_i4.p1,-0.480753223060909
TRINITY_DN21052_c0_g1_i10.p1,-0.400326715879543
TRINITY_DN21052_c0_g1_i12.p1,-0.552947259425227
TRINITY_DN21052_c0_g1_i4.p1,-0.537104207108153
TRINITY_DN2105_c1_g1_i1.p1,0.432929768516223
TRINITY_DN2105_c1_g2_i2.p1,0.456978079382933
TRINITY_DN2105_c2_g1_i2.p1,0.0464593112389947
TRINITY_DN21067_c0_g2_i4.p1,-0.0728404609262713
TRINITY_DN21070_c1_g1_i1.p1,-0.841418431189077
TRINITY_DN21070_c1_g1_i5.p1,-0.160956789541151
TRINITY_DN2107_c1_g1_i1.p1,-0.42824344521142
TRINITY_DN21085_c0_g1_i2.p1,0.436562470537175
TRINITY_DN21088_c0_g1_i1.p1,-0.256218573078346
TRINITY_DN21088_c0_g1_i4.p1,0.653618871870805
TRINITY_DN21088_c0_g1_i5.p1,0.575493116829646
TRINITY_DN21115_c0_g1_i2.p1,0.286319500755825
TRINITY_DN21115_c0_g1_i3.p1,-0.669014593991663
TRINITY_DN21115_c0_g1_i4.p1,-0.120087824337175
TRINITY_DN2111_c0_g1_i22.p1,0.745124024713517
TRINITY_DN2111_c0_g1_i28.p1,-1.44293840351757
TRINITY_DN2111_c0_g1_i30.p1,-0.297502584453251
TRINITY_DN2111_c0_g1_i38.p1,-1.39718808436553
TRINITY_DN2111_c0_g1_i39.p1,-2.05249311224206
TRINITY_DN2111_c0_g1_i79.p1,-1.20233488850096
TRINITY_DN2111_c1_g1_i1.p1,-0.797769747056564
TRINITY_DN2111_c1_g1_i6.p1,0.954681117082937
TRINITY_DN21126_c0_g1_i14.p1,-1.66576828364392
TRINITY_DN21126_c0_g1_i23.p1,-0.195100390240375
TRINITY_DN21126_c0_g1_i5.p1,0.0469507113671722
TRINITY_DN21136_c0_g2_i1.p1,-0.852473130524986
TRINITY_DN21136_c0_g2_i7.p1,-1.30920461319375
TRINITY_DN21141_c0_g1_i10.p1,0.900003536996546
TRINITY_DN21141_c0_g1_i2.p1,-0.973912968015525
TRINITY_DN21146_c4_g1_i1.p1,-0.902824343996273
TRINITY_DN2114_c0_g1_i1.p1,0.548619714525841
TRINITY_DN2114_c0_g1_i4.p1,-0.749860415547663
TRINITY_DN21164_c0_g1_i2.p1,0.900438005317658
TRINITY_DN21164_c0_g1_i3.p1,0.319699084380279
TRINITY_DN21167_c0_g1_i10.p1,-2.75495363354917
TRINITY_DN21167_c0_g1_i3.p1,0.284325104551622
TRINITY_DN21178_c0_g1_i2.p1,-2.04518832421119
TRINITY_DN21193_c0_g1_i1.p1,1.58692866000882
TRINITY_DN21193_c0_g1_i10.p1,-0.120116938288137
TRINITY_DN21193_c0_g1_i2.p1,-0.480748635553247
TRINITY_DN21193_c0_g1_i3.p1,0.456977607477242
TRINITY_DN2119_c1_g1_i38.p1,-1.02897251246776
TRINITY_DN2119_c1_g1_i48.p1,1.6638109214238
TRINITY_DN2119_c1_g1_i52.p1,-1.37841389242363
TRINITY_DN2119_c1_g1_i58.p1,-0.480743005629443
TRINITY_DN2119_c1_g4_i1.p1,1.84601905896991
TRINITY_DN211_c0_g1_i7.p1,-0.0896439726693553
TRINITY_DN21205_c0_g1_i1.p2,0.188447004387539
TRINITY_DN21208_c0_g1_i2.p1,-0.264338560069733
TRINITY_DN21208_c0_g1_i5.p1,-0.79601813524011
TRINITY_DN2122_c1_g2_i4.p1,-0.44858134900985
TRINITY_DN21230_c0_g1_i1.p1,-1.0074094459308
TRINITY_DN21230_c0_g1_i2.p1,-1.33975088179908
TRINITY_DN21230_c0_g1_i4.p1,-0.394411918034676
TRINITY_DN21247_c0_g1_i2.p1,-0.835436653727464
TRINITY_DN2124_c1_g1_i2.p1,-1.27333204223622
TRINITY_DN21253_c0_g1_i1.p2,0.827553666627476
TRINITY_DN21255_c0_g1_i3.p1,-0.0406262863549742
TRINITY_DN21255_c0_g1_i5.p1,-2.18290345245297
TRINITY_DN2127_c0_g1_i1.p1,-1.85334958726012
TRINITY_DN2129_c0_g1_i4.p1,2.15520502942789
TRINITY_DN2129_c0_g1_i5.p1,-0.611593260922345
TRINITY_DN21310_c1_g1_i1.p1,1.29357331121901
TRINITY_DN21310_c1_g1_i11.p1,1.08949497952476
TRINITY_DN21310_c1_g1_i2.p1,-0.525029445005742
TRINITY_DN21310_c1_g1_i4.p1,-0.315109959355792
TRINITY_DN21310_c1_g1_i8.p1,0.678653564094178
TRINITY_DN21310_c1_g1_i9.p1,-0.480748126813237
TRINITY_DN21332_c6_g1_i2.p1,-0.153026717065352
TRINITY_DN21332_c6_g1_i3.p1,-0.120091041432904
TRINITY_DN21346_c0_g1_i1.p1,-0.584895819513488
TRINITY_DN21352_c0_g1_i1.p1,1.81715165250568
TRINITY_DN21353_c0_g1_i3.p1,0.45697848151676
TRINITY_DN21364_c0_g1_i2.p1,1.38417071639522
TRINITY_DN21364_c0_g1_i4.p1,1.00299604260336
TRINITY_DN21364_c0_g1_i5.p1,1.22893377378242
TRINITY_DN2138_c7_g1_i1.p1,-0.743357205738452
TRINITY_DN21391_c0_g1_i1.p1,-0.0758439124979978
TRINITY_DN21391_c1_g1_i1.p1,0.573616545879689
TRINITY_DN21410_c0_g1_i4.p1,0.70316996578325
TRINITY_DN21432_c0_g1_i1.p1,0.18111210380514
TRINITY_DN21436_c0_g1_i2.p1,0.342935354362858
TRINITY_DN21436_c0_g1_i4.p1,0.170582748087752
TRINITY_DN21438_c1_g1_i1.p1,0.955954915857017
TRINITY_DN21445_c1_g2_i1.p1,-0.0103481234957526
TRINITY_DN21458_c0_g1_i26.p1,0.897063902137991
TRINITY_DN21458_c0_g1_i29.p1,2.89417023878812
TRINITY_DN21472_c0_g2_i1.p1,0.124526762869182
TRINITY_DN21475_c0_g1_i2.p1,-1.81966880894504
TRINITY_DN21500_c0_g1_i2.p1,1.75484433761114
TRINITY_DN21505_c0_g1_i10.p1,-0.11892531741476
TRINITY_DN21505_c0_g1_i11.p1,1.20421927228867
TRINITY_DN21505_c0_g1_i12.p1,-1.45488419665649
TRINITY_DN21505_c0_g1_i9.p1,-0.0239806543765857
TRINITY_DN21514_c0_g1_i1.p1,0.559330974593842
TRINITY_DN21514_c0_g1_i18.p1,0.432758244733254
TRINITY_DN21514_c0_g1_i8.p1,-0.841416449383681
TRINITY_DN21514_c0_g1_i9.p1,1.63120827205706
TRINITY_DN21516_c0_g1_i1.p1,-2.80334090725933
TRINITY_DN21516_c0_g1_i19.p1,-0.675283504445747
TRINITY_DN21516_c0_g1_i28.p1,0.862576845609264
TRINITY_DN21516_c0_g1_i3.p1,0.453539819949885
TRINITY_DN21516_c0_g1_i33.p1,-1.06798461422064
TRINITY_DN21516_c0_g1_i8.p1,-0.480747458743684
TRINITY_DN21516_c1_g1_i7.p1,-0.841404218979344
TRINITY_DN2151_c0_g1_i2.p1,-0.342356674716235
TRINITY_DN21521_c0_g1_i1.p1,0.135904809687867
TRINITY_DN21521_c0_g1_i3.p1,1.03947933691453
TRINITY_DN21521_c0_g1_i7.p1,0.590066590224239
TRINITY_DN21537_c0_g1_i3.p1,-0.585832633838281
TRINITY_DN21539_c1_g1_i1.p1,-0.472388140437956
TRINITY_DN21544_c0_g1_i2.p1,0.152296672991258
TRINITY_DN21553_c0_g1_i2.p1,-0.480748976446913
TRINITY_DN21559_c0_g1_i10.p1,-1.20234649155267
TRINITY_DN21559_c0_g1_i4.p1,1.08949497952476
TRINITY_DN21562_c0_g1_i10.p1,0.77023013924058
TRINITY_DN21562_c0_g1_i19.p1,-0.264340363295236
TRINITY_DN21562_c0_g1_i3.p1,-0.524599114104111
TRINITY_DN21569_c0_g1_i1.p1,0.0663533311788126
TRINITY_DN21569_c0_g1_i2.p1,-0.0627163175199518
TRINITY_DN21582_c0_g2_i3.p1,-0.470972537826384
TRINITY_DN21583_c0_g1_i2.p1,-0.418174859932056
TRINITY_DN21593_c0_g1_i3.p1,0.327005247776418
TRINITY_DN21599_c2_g1_i1.p1,-0.0281856715779941
TRINITY_DN21602_c0_g1_i1.p1,0.114036663918031
TRINITY_DN21626_c2_g1_i1.p1,0.173399872138642
TRINITY_DN21630_c0_g1_i3.p1,0.456984821018918
TRINITY_DN21630_c0_g1_i5.p1,1.00581842094505
TRINITY_DN21638_c0_g1_i1.p1,-0.534940269369947
TRINITY_DN21638_c0_g2_i2.p1,-0.480749439820903
TRINITY_DN21645_c0_g1_i25.p1,-1.7852572983383
TRINITY_DN21645_c0_g1_i26.p1,0.323304034198882
TRINITY_DN21645_c0_g1_i9.p1,-1.4204090072365
TRINITY_DN21646_c0_g2_i1.p1,-0.231337853110561
TRINITY_DN21648_c1_g1_i3.p1,-0.264340069925629
TRINITY_DN21648_c1_g1_i6.p1,0.897304706429803
TRINITY_DN21659_c0_g1_i1.p2,-0.202653779686931
TRINITY_DN2165_c0_g1_i4.p1,-0.120110389785522
TRINITY_DN21662_c0_g1_i2.p1,0.374582994184841
TRINITY_DN21662_c0_g1_i4.p1,-0.841414162439143
TRINITY_DN21662_c0_g1_i6.p1,2.04670098896809
TRINITY_DN21678_c0_g1_i1.p1,-1.12866943209678
TRINITY_DN21688_c2_g1_i1.p1,1.38568539476646
TRINITY_DN21705_c0_g1_i1.p1,-0.756941618750101
TRINITY_DN21705_c0_g1_i2.p1,2.60716389139647
TRINITY_DN21705_c0_g1_i3.p1,1.52882880373062
TRINITY_DN21711_c0_g1_i1.p2,-0.626494036666575
TRINITY_DN21711_c0_g2_i1.p1,0.865736441883151
TRINITY_DN21711_c0_g2_i2.p1,0.78693097790604
TRINITY_DN21712_c0_g1_i2.p1,0.0726472530394323
TRINITY_DN21724_c0_g1_i2.p1,-0.0569585537391538
TRINITY_DN21727_c0_g1_i8.p1,1.84601905896991
TRINITY_DN21728_c0_g1_i3.p1,0.319130458679149
TRINITY_DN21738_c0_g1_i3.p1,-2.31779938399016
TRINITY_DN21746_c1_g1_i1.p1,0.825262137063095
TRINITY_DN21751_c0_g2_i12.p1,0.688753724161462
TRINITY_DN21751_c0_g2_i14.p1,0.693618059752992
TRINITY_DN21751_c0_g2_i2.p1,0.627975489206842
TRINITY_DN21751_c0_g2_i3.p1,0.737331191339922
TRINITY_DN21751_c0_g2_i8.p1,1.34344288702749
TRINITY_DN2175_c0_g1_i2.p1,-0.0126402798525418
TRINITY_DN2175_c0_g1_i6.p1,0.567009552411993
TRINITY_DN2175_c0_g1_i7.p1,-0.120088226471002
TRINITY_DN2176_c0_g1_i1.p2,0.930054277728291
TRINITY_DN2176_c0_g1_i18.p1,-0.258783680523756
TRINITY_DN2176_c0_g1_i9.p1,0.0974280010326122
TRINITY_DN21776_c0_g1_i11.p1,-0.330019567957923
TRINITY_DN21782_c0_g1_i1.p1,-2.67762219382781
TRINITY_DN21787_c2_g2_i3.p1,0.535004499634011
TRINITY_DN21787_c2_g2_i4.p1,-0.293253145087145
TRINITY_DN21787_c2_g2_i5.p1,0.463154408135447
TRINITY_DN21805_c0_g1_i1.p1,0.281158869657327
TRINITY_DN21805_c0_g1_i10.p1,-1.8446036718595
TRINITY_DN21805_c0_g1_i14.p1,0.456981296478662
TRINITY_DN21805_c0_g1_i4.p1,-0.138315715488779
TRINITY_DN2180_c0_g2_i1.p1,0.0806317659618924
TRINITY_DN2180_c0_g2_i2.p1,0.327837195011212
TRINITY_DN21813_c0_g1_i6.p1,1.80697232525574
TRINITY_DN21835_c0_g1_i6.p1,-3.09016068528555
TRINITY_DN21867_c0_g1_i2.p1,-0.693998438990991
TRINITY_DN21868_c1_g1_i1.p1,-1.72413493616412
TRINITY_DN21871_c0_g1_i4.p1,-0.101058042142345
TRINITY_DN2188_c2_g5_i2.p1,-0.671514454772009
TRINITY_DN21892_c0_g1_i1.p1,0.725808218560043
TRINITY_DN21892_c0_g1_i3.p1,0.906258955416845
TRINITY_DN21893_c0_g1_i2.p2,0.886635159346878
TRINITY_DN21902_c0_g1_i1.p2,0.456981296478662
TRINITY_DN21902_c0_g1_i10.p1,0.252825169800483
TRINITY_DN21902_c0_g1_i14.p1,0.151233418212922
TRINITY_DN21902_c1_g2_i1.p1,-0.167914478149675
TRINITY_DN21907_c0_g1_i2.p1,-0.88084804290874
TRINITY_DN21928_c0_g1_i2.p1,0.722751997821827
TRINITY_DN21938_c0_g1_i1.p1,-0.704953516077689
TRINITY_DN2193_c1_g1_i3.p1,-2.32164716227297
TRINITY_DN2193_c1_g1_i4.p1,1.39651615211688
TRINITY_DN21948_c0_g1_i1.p1,-1.55646240449965
TRINITY_DN21948_c0_g1_i3.p1,0.763669904801043
TRINITY_DN21951_c0_g1_i16.p1,-0.985955429870308
TRINITY_DN21951_c0_g1_i29.p1,0.456985109869283
TRINITY_DN21951_c0_g1_i6.p1,-1.51967240664572
TRINITY_DN21956_c0_g1_i2.p1,0.643604734048715
TRINITY_DN21983_c0_g2_i2.p1,1.08949497952476
TRINITY_DN2198_c1_g2_i2.p1,-0.324419624995017
TRINITY_DN21990_c0_g1_i18.p1,-0.169562151313828
TRINITY_DN21990_c5_g1_i1.p1,0.318063211979737
TRINITY_DN22013_c0_g2_i1.p2,0.213070156270328
TRINITY_DN22030_c0_g1_i4.p1,-0.451240199359713
TRINITY_DN22030_c0_g1_i6.p1,2.00587066837108
TRINITY_DN22030_c0_g1_i8.p1,-0.120090639299076
TRINITY_DN2203_c1_g1_i3.p1,1.08925940396055
TRINITY_DN2203_c1_g2_i2.p1,-1.74539436705746
TRINITY_DN2203_c1_g2_i5.p1,1.10053227376624
TRINITY_DN2203_c1_g3_i1.p1,0.42276097949278
TRINITY_DN22040_c0_g3_i1.p1,1.00537555524992
TRINITY_DN22045_c0_g1_i1.p1,1.26691515404533
TRINITY_DN22045_c0_g1_i2.p1,-0.0713891141129134
TRINITY_DN22067_c0_g1_i5.p1,-0.831418074838071
TRINITY_DN22083_c1_g1_i7.p1,0.6646584354106
TRINITY_DN22083_c1_g1_i8.p1,-1.56792025162146
TRINITY_DN22104_c0_g1_i1.p1,-0.120091041432904
TRINITY_DN22104_c0_g1_i6.p1,-0.18377736483864
TRINITY_DN22111_c2_g1_i1.p1,-0.781240157716316
TRINITY_DN22113_c0_g1_i1.p1,0.456992281473471
TRINITY_DN22115_c0_g1_i4.p1,-0.120097073490535
TRINITY_DN2212_c0_g1_i2.p1,-0.264341257642298
TRINITY_DN2212_c0_g1_i4.p1,-0.250584511118712
TRINITY_DN2212_c0_g1_i7.p1,-3.02579942079538
TRINITY_DN22151_c1_g1_i3.p1,1.26691837115372
TRINITY_DN22151_c2_g2_i1.p1,0.249800905712046
TRINITY_DN22151_c3_g1_i2.p1,0.757371102333984
TRINITY_DN22156_c0_g3_i1.p1,0.190196267888453
TRINITY_DN22177_c0_g1_i1.p1,-1.11691743852347
TRINITY_DN22177_c0_g1_i7.p1,0.456986398097112
TRINITY_DN22178_c0_g1_i10.p1,-0.391644491097671
TRINITY_DN2218_c0_g1_i5.p1,0.349490048007533
TRINITY_DN22199_c0_g1_i12.p1,1.00492927251894
TRINITY_DN22199_c0_g1_i20.p1,-0.053724007204725
TRINITY_DN22199_c0_g1_i23.p1,-0.018562437382784
TRINITY_DN22199_c0_g1_i28.p1,0.330364923582752
TRINITY_DN22199_c0_g1_i35.p1,0.593877292571602
TRINITY_DN22199_c0_g1_i8.p1,1.45104469165512
TRINITY_DN22208_c0_g1_i7.p1,0.342664646460374
TRINITY_DN22208_c0_g1_i8.p1,-0.00700267107646285
TRINITY_DN2220_c1_g1_i2.p1,0.545599539683471
TRINITY_DN22217_c0_g1_i2.p1,-0.120083495389863
TRINITY_DN22302_c0_g1_i1.p1,-0.652920406246262
TRINITY_DN22305_c0_g1_i3.p1,1.25807304024225
TRINITY_DN22308_c0_g2_i2.p1,-0.249496415597216
TRINITY_DN2230_c0_g1_i1.p1,1.5280994234991
TRINITY_DN2230_c0_g1_i8.p1,-0.793638369274133
TRINITY_DN22312_c0_g1_i1.p1,0.0789639534190465
TRINITY_DN22312_c0_g1_i4.p1,0.286495785392554
TRINITY_DN22312_c0_g1_i5.p1,2.30743340930939
TRINITY_DN22327_c0_g1_i2.p1,-0.618965218024781
TRINITY_DN22327_c0_g1_i3.p1,-0.841411019881432
TRINITY_DN22346_c0_g1_i3.p1,-0.754255883938682
TRINITY_DN22346_c0_g1_i4.p1,0.0963262524912285
TRINITY_DN22346_c0_g1_i6.p1,0.350587474395848
TRINITY_DN22349_c0_g1_i14.p1,-0.435991311422827
TRINITY_DN2234_c1_g1_i1.p1,0.5461877559656
TRINITY_DN2234_c1_g1_i2.p1,-0.402758196814695
TRINITY_DN2234_c1_g1_i7.p1,-0.616133206045453
TRINITY_DN2234_c1_g1_i9.p1,-0.932141424680194
TRINITY_DN22355_c0_g2_i1.p2,0.904092763403805
TRINITY_DN22365_c0_g2_i1.p1,0.104701096788137
TRINITY_DN2236_c0_g1_i6.p1,-1.67429424971847
TRINITY_DN22378_c3_g1_i1.p1,0.407948403474282
TRINITY_DN22378_c3_g1_i3.p2,-1.20233586826069
TRINITY_DN22384_c1_g1_i1.p1,0.951484444750269
TRINITY_DN22411_c0_g1_i3.p1,0.363159239212838
TRINITY_DN2241_c0_g1_i3.p1,0.0963200831287612
TRINITY_DN2241_c0_g1_i4.p1,-0.118161760571123
TRINITY_DN22428_c0_g1_i4.p1,0.725395947869873
TRINITY_DN22441_c7_g1_i1.p1,-0.828290672943044
TRINITY_DN22480_c2_g1_i2.p1,0.288309899616031
TRINITY_DN22480_c2_g1_i5.p1,-1.20187045039527
TRINITY_DN22500_c0_g1_i1.p1,-1.21998260416526
TRINITY_DN22500_c0_g1_i2.p1,-1.84656134992163
TRINITY_DN22524_c0_g1_i3.p1,0.0963274308279133
TRINITY_DN22531_c3_g1_i1.p1,-0.423042927012879
TRINITY_DN22576_c0_g1_i4.p1,-0.83754020813696
TRINITY_DN22582_c0_g2_i1.p1,2.0355444785913
TRINITY_DN22582_c3_g1_i1.p1,-0.919313598045194
TRINITY_DN2258_c2_g1_i2.p1,0.642545445446902
TRINITY_DN22590_c0_g1_i2.p1,-0.507423658716415
TRINITY_DN22590_c0_g1_i6.p1,1.19712932042861
TRINITY_DN22599_c0_g1_i1.p1,0.820597240070572
TRINITY_DN22599_c0_g1_i5.p1,0.329335444564453
TRINITY_DN22600_c2_g1_i1.p1,0.790132553080253
TRINITY_DN22606_c0_g1_i1.p1,-0.356175212627304
TRINITY_DN22606_c0_g2_i1.p1,0.00162153218023216
TRINITY_DN22606_c0_g2_i3.p1,0.16584772875859
TRINITY_DN22614_c0_g1_i1.p1,0.728335347817156
TRINITY_DN22614_c2_g1_i1.p1,0.347830022649607
TRINITY_DN22619_c0_g1_i1.p1,2.08260006412832
TRINITY_DN22619_c0_g1_i10.p1,0.491146072374988
TRINITY_DN2261_c0_g1_i10.p1,-0.120087824337175
TRINITY_DN22626_c0_g1_i4.p1,0.168916541673608
TRINITY_DN2262_c2_g1_i1.p1,-0.5610001446099
TRINITY_DN2263_c0_g1_i2.p1,-1.1035048755008
TRINITY_DN22665_c0_g1_i8.p1,1.53331495065753
TRINITY_DN2266_c0_g1_i6.p1,-0.826127679934433
TRINITY_DN2267_c0_g1_i3.p1,0.590834630961871
TRINITY_DN22689_c0_g1_i1.p1,-0.659133244792452
TRINITY_DN2268_c0_g1_i1.p1,0.923889164650353
TRINITY_DN2268_c1_g1_i12.p1,-0.974423708415348
TRINITY_DN2268_c1_g1_i4.p1,-0.517655695295486
TRINITY_DN2268_c1_g1_i5.p1,1.02731727109231
TRINITY_DN2268_c2_g1_i10.p1,0.309109768707281
TRINITY_DN22693_c0_g2_i3.p1,-1.11193275570617
TRINITY_DN22693_c0_g2_i4.p1,0.242498916844123
TRINITY_DN2270_c1_g1_i1.p1,-1.72719305902407
TRINITY_DN22713_c0_g1_i2.p1,1.48600100346431
TRINITY_DN2271_c0_g1_i1.p1,0.4286123275428
TRINITY_DN2271_c1_g1_i2.p1,-0.471311974353735
TRINITY_DN22721_c0_g1_i9.p1,0.655322996450769
TRINITY_DN2273_c0_g1_i5.p1,-1.61591873806987
TRINITY_DN2273_c0_g1_i8.p1,-0.422610786071112
TRINITY_DN22758_c0_g2_i2.p1,0.0180348528077969
TRINITY_DN2275_c1_g3_i1.p1,0.0201338990433983
TRINITY_DN2275_c2_g1_i3.p2,0.45697848151676
TRINITY_DN2276_c0_g1_i7.p1,-1.05631407360252
TRINITY_DN22771_c2_g1_i4.p1,-0.441425547865919
TRINITY_DN22771_c2_g1_i5.p1,0.894193602089638
TRINITY_DN22771_c2_g1_i8.p1,0.466625637485891
TRINITY_DN22773_c0_g1_i11.p1,-0.354685736022754
TRINITY_DN22773_c0_g1_i6.p1,-0.982746792677928
TRINITY_DN22773_c0_g1_i8.p1,0.728838031916637
TRINITY_DN22776_c0_g1_i1.p1,1.76109452646044
TRINITY_DN22776_c1_g1_i1.p1,0.506514302813383
TRINITY_DN22782_c0_g1_i1.p1,-0.12008692615407
TRINITY_DN22782_c0_g1_i4.p1,-0.480743005629443
TRINITY_DN22782_c0_g1_i5.p1,0.223400937116534
TRINITY_DN22782_c0_g1_i8.p1,0.000906906498988886
TRINITY_DN22793_c1_g1_i5.p1,-0.329202602177338
TRINITY_DN22793_c1_g1_i8.p1,0.445507155541063
TRINITY_DN22793_c1_g1_i9.p1,-0.288450934578217
TRINITY_DN22795_c0_g1_i1.p1,0.327118297656144
TRINITY_DN22795_c0_g1_i9.p1,0.0180581865558947
TRINITY_DN22811_c0_g1_i2.p1,0.456992780443174
TRINITY_DN22812_c0_g1_i1.p1,-0.627856330392907
TRINITY_DN22814_c0_g2_i1.p1,0.388670497512435
TRINITY_DN2281_c0_g1_i2.p1,-0.571593659972118
TRINITY_DN22833_c1_g1_i2.p1,0.945577740193371
TRINITY_DN22845_c0_g1_i4.p1,-0.331125161514057
TRINITY_DN22845_c0_g1_i5.p1,-0.197253179969192
TRINITY_DN22845_c0_g3_i1.p1,0.483371840301117
TRINITY_DN22853_c0_g1_i1.p2,-1.49817041755056
TRINITY_DN2285_c2_g2_i1.p1,0.414072883122647
TRINITY_DN2285_c2_g2_i4.p1,-1.20190200923146
TRINITY_DN2285_c2_g3_i2.p1,0.61555618349355
TRINITY_DN22864_c0_g1_i13.p1,1.56038456058876
TRINITY_DN22864_c0_g1_i4.p1,1.12413591927148
TRINITY_DN22864_c0_g1_i6.p1,1.33906536767233
TRINITY_DN22867_c1_g1_i1.p1,-0.970174643294786
TRINITY_DN22867_c2_g1_i1.p1,0.42013287470032
TRINITY_DN22874_c0_g3_i1.p1,-0.252712646067884
TRINITY_DN22879_c0_g1_i2.p1,0.224890654203471
TRINITY_DN22884_c0_g1_i1.p1,0.168783843842187
TRINITY_DN22884_c0_g1_i4.p1,0.399482703877899
TRINITY_DN22892_c1_g3_i1.p1,1.94071200682271
TRINITY_DN22892_c1_g3_i15.p1,1.15930187124749
TRINITY_DN22892_c1_g3_i2.p1,1.1719757161176
TRINITY_DN22892_c1_g3_i23.p1,-1.3146376953774
TRINITY_DN22896_c0_g1_i1.p1,-1.8704381342705
TRINITY_DN2289_c0_g1_i7.p1,-0.466576568894725
TRINITY_DN228_c1_g1_i2.p1,-1.12406500800695
TRINITY_DN228_c1_g1_i4.p1,0.692929596507738
TRINITY_DN22902_c0_g1_i15.p1,0.40468411280257
TRINITY_DN22902_c2_g1_i5.p1,-0.625264419860134
TRINITY_DN2291_c0_g1_i22.p1,0.367423093209208
TRINITY_DN2291_c0_g1_i24.p1,0.801285219352385
TRINITY_DN2291_c0_g1_i25.p1,0.14057192019042
TRINITY_DN2291_c0_g1_i27.p1,-0.243191504734991
TRINITY_DN2291_c0_g1_i37.p1,-0.800679825868883
TRINITY_DN2291_c0_g1_i6.p1,0.18708225361118
TRINITY_DN22938_c0_g1_i1.p1,0.642259962984129
TRINITY_DN22941_c0_g1_i1.p1,-0.477195947718096
TRINITY_DN22962_c0_g1_i1.p1,0.859686989523383
TRINITY_DN22962_c0_g1_i2.p1,-0.625205930761258
TRINITY_DN22974_c2_g2_i11.p1,0.105814154829988
TRINITY_DN22974_c2_g2_i9.p1,2.5000392767708
TRINITY_DN2299_c0_g1_i1.p1,-0.120091041432904
TRINITY_DN2299_c0_g1_i2.p1,2.27562969879045
TRINITY_DN2299_c0_g3_i1.p1,0.954524018194472
TRINITY_DN22_c0_g2_i2.p1,-2.77208377696548
TRINITY_DN22_c0_g2_i9.p1,0.375625048605894
TRINITY_DN23029_c0_g1_i1.p2,0.358301963435033
TRINITY_DN23029_c0_g1_i2.p1,-2.21219590506141
TRINITY_DN2302_c0_g1_i17.p1,-0.455130303107249
TRINITY_DN2302_c0_g1_i21.p1,0.215722515008317
TRINITY_DN2302_c0_g1_i24.p1,-0.154422517858791
TRINITY_DN2302_c0_g1_i28.p1,-0.116560661809031
TRINITY_DN2302_c0_g1_i3.p1,-0.34094566389063
TRINITY_DN23033_c0_g1_i2.p1,-3.14865162464106
TRINITY_DN2303_c0_g1_i2.p1,0.756390265831588
TRINITY_DN2303_c0_g1_i3.p1,0.595861082830711
TRINITY_DN2303_c0_g1_i5.p1,-0.362851415975135
TRINITY_DN23063_c0_g1_i3.p1,-0.120091443566732
TRINITY_DN23065_c2_g1_i2.p1,-0.480743005629443
TRINITY_DN2307_c0_g2_i3.p1,-0.65506455605463
TRINITY_DN230_c0_g1_i61.p1,-0.651849589424952
TRINITY_DN23102_c0_g1_i3.p1,2.36318831232753
TRINITY_DN2310_c0_g1_i5.p1,-0.24503555833468
TRINITY_DN2310_c0_g1_i9.p1,0.258504943314514
TRINITY_DN23128_c0_g2_i1.p1,-0.439048133411102
TRINITY_DN23168_c0_g1_i2.p1,0.974595523208207
TRINITY_DN23170_c0_g1_i4.p1,-1.56734107296235
TRINITY_DN23173_c0_g1_i1.p1,-0.0620649053681367
TRINITY_DN2317_c1_g1_i4.p1,-0.336679173369611
TRINITY_DN23190_c0_g3_i2.p1,0.562722625172879
TRINITY_DN23193_c0_g1_i13.p1,-0.792955911220895
TRINITY_DN23193_c0_g1_i23.p1,-0.120093178410793
TRINITY_DN23199_c0_g1_i1.p1,-1.24875721260003
TRINITY_DN231_c0_g1_i2.p1,-0.327309570159265
TRINITY_DN23225_c0_g1_i10.p1,1.66342757874175
TRINITY_DN23225_c0_g1_i5.p1,-0.925299208435312
TRINITY_DN23225_c0_g1_i6.p1,0.614442453374418
TRINITY_DN23225_c0_g1_i9.p1,-0.264338822166543
TRINITY_DN23226_c0_g2_i3.p1,-2.21532266276234
TRINITY_DN2322_c0_g2_i2.p1,2.22949290354507
TRINITY_DN23230_c2_g1_i1.p1,0.45697848151676
TRINITY_DN23230_c2_g1_i2.p1,-1.75196632614401
TRINITY_DN23233_c1_g1_i3.p1,0.184945654834073
TRINITY_DN23241_c0_g1_i1.p1,1.12904408531711
TRINITY_DN23245_c0_g1_i1.p1,-0.120091443566731
TRINITY_DN23245_c0_g1_i4.p1,1.20131862503318
TRINITY_DN23249_c1_g1_i1.p1,0.350118864268469
TRINITY_DN2325_c0_g1_i1.p1,-1.73784256824614
TRINITY_DN2325_c0_g1_i2.p1,-1.8725319591607
TRINITY_DN2325_c0_g1_i6.p1,-0.0555867008514304
TRINITY_DN23266_c0_g2_i2.p1,0.431308843182864
TRINITY_DN23304_c2_g1_i1.p1,0.323456820088562
TRINITY_DN23345_c0_g1_i1.p1,-1.20228446332238
TRINITY_DN23345_c0_g1_i3.p1,-0.324698855625772
TRINITY_DN23365_c0_g1_i7.p1,-1.23132191188018
TRINITY_DN2336_c0_g1_i14.p1,1.54641806900324
TRINITY_DN23380_c0_g1_i5.p1,0.0845523629404396
TRINITY_DN23402_c0_g1_i2.p1,0.933566995126685
TRINITY_DN23402_c0_g1_i3.p1,0.349929579678433
TRINITY_DN23406_c0_g1_i2.p2,1.00266473363017
TRINITY_DN23406_c0_g1_i4.p2,1.54632607574103
TRINITY_DN2340_c0_g1_i104.p1,-1.30628934368053
TRINITY_DN2340_c0_g1_i49.p1,0.0963233002244912
TRINITY_DN2340_c0_g1_i68.p1,0.636708864761926
TRINITY_DN23430_c2_g1_i1.p2,0.0632576383304638
TRINITY_DN23442_c0_g2_i1.p1,0.485090426332828
TRINITY_DN23442_c0_g2_i2.p1,-0.208297863260917
TRINITY_DN2344_c0_g1_i3.p1,-0.456234724957721
TRINITY_DN2344_c0_g1_i7.p1,-1.64613469245468
TRINITY_DN23474_c0_g1_i11.p1,0.726194952838382
TRINITY_DN23474_c0_g1_i16.p1,1.11883637859319
TRINITY_DN23474_c0_g1_i18.p1,-0.500209803326336
TRINITY_DN23475_c0_g1_i15.p1,0.617638024663907
TRINITY_DN23475_c0_g1_i18.p1,-1.68709565444109
TRINITY_DN23475_c0_g1_i20.p1,-2.39256045695569
TRINITY_DN23475_c0_g1_i40.p1,-0.458410876084736
TRINITY_DN2347_c0_g1_i4.p1,0.505694017256852
TRINITY_DN2347_c0_g1_i7.p1,2.08209276001921
TRINITY_DN2347_c0_g1_i8.p1,-1.80286555948517
TRINITY_DN23486_c0_g2_i1.p1,1.16699969368139
TRINITY_DN23493_c0_g1_i1.p1,0.456991703702443
TRINITY_DN23493_c0_g1_i2.p1,1.0375053596347
TRINITY_DN23501_c5_g1_i1.p1,0.456981296478662
TRINITY_DN2353_c0_g1_i1.p1,-1.23061859532884
TRINITY_DN23548_c0_g1_i2.p1,-0.630061667649044
TRINITY_DN23550_c0_g1_i3.p1,-0.434152427347394
TRINITY_DN23550_c0_g1_i4.p1,-0.968498639038083
TRINITY_DN23558_c0_g1_i2.p1,-1.85042830532148
TRINITY_DN23573_c0_g1_i1.p1,0.971591219396699
TRINITY_DN23573_c0_g1_i5.p1,-0.120099943239025
TRINITY_DN23596_c0_g1_i1.p1,-2.33924273229787
TRINITY_DN23596_c0_g2_i3.p1,-1.3969381454668
TRINITY_DN23596_c0_g2_i4.p1,-0.264339216434147
TRINITY_DN23596_c0_g2_i5.p1,-0.609410081356292
TRINITY_DN23605_c0_g1_i11.p1,-0.693702228611855
TRINITY_DN23605_c0_g1_i44.p1,-0.109883793101741
TRINITY_DN2362_c0_g3_i1.p1,-0.551646244573074
TRINITY_DN2362_c0_g3_i4.p1,-1.00723986538748
TRINITY_DN2362_c2_g1_i1.p1,1.68795451987886
TRINITY_DN2362_c2_g1_i2.p1,0.883559316100116
TRINITY_DN2362_c2_g1_i7.p1,-0.645178969054432
TRINITY_DN23642_c0_g1_i1.p1,-0.841404218979345
TRINITY_DN23642_c0_g1_i2.p1,0.19963186704939
TRINITY_DN23647_c0_g1_i1.p1,0.17310590110994
TRINITY_DN2364_c0_g1_i1.p1,-0.495650048237934
TRINITY_DN23655_c0_g1_i2.p1,-1.07644029366494
TRINITY_DN23698_c0_g1_i1.p1,-1.1602553640949
TRINITY_DN2369_c0_g1_i30.p1,-1.31783152779645
TRINITY_DN23739_c0_g2_i1.p1,-0.910910638631385
TRINITY_DN23739_c4_g1_i1.p1,0.417300332815724
TRINITY_DN23742_c0_g1_i14.p1,-1.21289312952301
TRINITY_DN2375_c0_g1_i10.p1,-0.599989536414754
TRINITY_DN23785_c0_g1_i3.p1,1.26973593319385
TRINITY_DN23786_c4_g1_i1.p1,0.977143036443127
TRINITY_DN23797_c0_g1_i10.p1,0.74035503677719
TRINITY_DN23797_c0_g1_i3.p1,-0.480743005629444
TRINITY_DN2384_c0_g1_i1.p1,-1.8137042577981
TRINITY_DN2384_c0_g1_i4.p1,-0.89485092853702
TRINITY_DN2384_c5_g1_i1.p1,-0.222507193455859
TRINITY_DN23866_c0_g2_i3.p1,0.196756896594218
TRINITY_DN23869_c1_g1_i1.p1,-0.985701800630532
TRINITY_DN23909_c0_g1_i1.p1,-0.894007194178089
TRINITY_DN23909_c0_g1_i2.p1,0.0475337113284341
TRINITY_DN2390_c1_g1_i2.p1,0.122190169945263
TRINITY_DN2392_c0_g1_i21.p1,0.0495536241884632
TRINITY_DN23934_c0_g1_i2.p1,0.0323353330678518
TRINITY_DN23966_c0_g1_i1.p1,-0.17474962484515
TRINITY_DN23966_c0_g1_i2.p1,0.456981296478662
TRINITY_DN23966_c0_g1_i3.p1,0.0482935349452976
TRINITY_DN23967_c0_g1_i2.p1,-0.36983252435648
TRINITY_DN2397_c0_g1_i2.p1,0.181072565524408
TRINITY_DN2397_c0_g1_i3.p1,0.693753612074763
TRINITY_DN2397_c0_g1_i9.p1,-0.480743005629443
TRINITY_DN2398_c1_g1_i14.p1,-0.958043549030116
TRINITY_DN2398_c1_g1_i9.p1,0.0963239622541702
TRINITY_DN24007_c0_g1_i1.p1,0.120500935718864
TRINITY_DN24011_c0_g2_i2.p2,-0.149049096415494
TRINITY_DN24018_c0_g1_i2.p1,-1.06864200256879
TRINITY_DN24029_c0_g1_i2.p2,0.0743200443949219
TRINITY_DN2402_c5_g1_i4.p1,1.11681480526788
TRINITY_DN2402_c5_g2_i1.p1,-2.23594983679266
TRINITY_DN2402_c5_g2_i2.p1,-0.00477707523908714
TRINITY_DN24032_c0_g1_i1.p1,-1.41823096017589
TRINITY_DN24032_c0_g1_i2.p1,-0.373746020328308
TRINITY_DN2404_c0_g1_i12.p1,1.5764043987617
TRINITY_DN2404_c0_g1_i6.p1,0.64926347824767
TRINITY_DN2404_c0_g1_i7.p1,0.456986263721212
TRINITY_DN24059_c0_g1_i2.p1,0.728838031916637
TRINITY_DN24059_c0_g1_i3.p1,-0.652741467551104
TRINITY_DN24059_c1_g1_i1.p1,-0.795049368086559
TRINITY_DN24059_c1_g2_i2.p1,1.01165434315468
TRINITY_DN24065_c0_g1_i1.p2,0.420161536973868
TRINITY_DN24065_c0_g1_i2.p1,0.178688795849954
TRINITY_DN24065_c0_g1_i6.p1,-1.43251143796018
TRINITY_DN24075_c0_g1_i3.p1,1.68642146157869
TRINITY_DN2407_c0_g3_i2.p1,2.38525114735457
TRINITY_DN24085_c0_g1_i2.p1,-0.204563867852104
TRINITY_DN2408_c0_g1_i2.p1,-0.592594432509344
TRINITY_DN24104_c0_g1_i1.p1,1.01468209276809
TRINITY_DN24104_c0_g1_i20.p1,-0.827246545869304
TRINITY_DN24104_c0_g1_i3.p1,-0.208339934652991
TRINITY_DN24115_c0_g1_i3.p1,1.16165354507555
TRINITY_DN24122_c0_g1_i1.p1,-1.29171837590323
TRINITY_DN24122_c0_g1_i3.p1,-1.73454919519938
TRINITY_DN24142_c0_g1_i5.p1,0.470634882476571
TRINITY_DN24142_c3_g1_i1.p1,-0.0204819316670708
TRINITY_DN2414_c0_g1_i3.p1,-1.92316126354636
TRINITY_DN2414_c0_g1_i5.p1,0.140205865126428
TRINITY_DN24177_c0_g1_i1.p1,0.271164967299104
TRINITY_DN24177_c0_g1_i4.p1,1.02661302691962
TRINITY_DN24183_c0_g1_i3.p1,-0.644467451972598
TRINITY_DN24183_c0_g1_i4.p1,0.0963185040587182
TRINITY_DN24183_c0_g1_i5.p1,0.456986999619449
TRINITY_DN24195_c3_g1_i1.p2,0.916419900573071
TRINITY_DN241_c0_g1_i2.p1,1.01750305114089
TRINITY_DN24210_c0_g1_i3.p1,1.48130860797526
TRINITY_DN24210_c0_g1_i9.p1,1.79739153359516
TRINITY_DN24215_c0_g1_i10.p1,-0.397742345361457
TRINITY_DN24224_c0_g1_i1.p1,0.364952290456238
TRINITY_DN24224_c0_g1_i17.p1,-0.480743005629443
TRINITY_DN24224_c0_g1_i21.p1,2.83355600235558
TRINITY_DN24224_c0_g1_i33.p1,-0.775777613530738
TRINITY_DN24224_c0_g1_i7.p1,-0.743752779861312
TRINITY_DN24231_c0_g1_i1.p1,-1.31461155836789
TRINITY_DN24231_c0_g1_i12.p1,1.35455279082459
TRINITY_DN24237_c0_g2_i1.p1,0.252885377164972
TRINITY_DN24237_c1_g1_i1.p1,-3.90944850044093
TRINITY_DN24237_c1_g1_i4.p1,0.508315400080948
TRINITY_DN24241_c1_g1_i1.p1,0.560688129972344
TRINITY_DN24252_c0_g1_i2.p1,-1.20229608363517
TRINITY_DN2429_c0_g1_i1.p1,-2.4614580705474
TRINITY_DN2429_c0_g1_i4.p1,-2.16801378727911
TRINITY_DN2429_c0_g1_i8.p1,0.224088846779389
TRINITY_DN24300_c2_g1_i2.p1,0.0778392430993322
TRINITY_DN2430_c1_g1_i16.p1,-1.03001607176528
TRINITY_DN24310_c2_g1_i6.p1,-0.396430563809912
TRINITY_DN24314_c0_g1_i4.p1,1.92139268831113
TRINITY_DN24319_c0_g1_i15.p1,0.783348144852552
TRINITY_DN24319_c0_g1_i2.p1,-1.12114685514324
TRINITY_DN24338_c0_g1_i4.p1,0.962666757377753
TRINITY_DN24341_c0_g1_i13.p1,-0.769900587658616
TRINITY_DN24357_c0_g1_i1.p1,-1.50204436523699
TRINITY_DN24449_c0_g1_i1.p1,1.74405017611032
TRINITY_DN2444_c0_g2_i3.p1,-0.729573014191635
TRINITY_DN2444_c0_g2_i4.p1,2.27573493014645
TRINITY_DN2445_c8_g2_i2.p1,1.44085662545096
TRINITY_DN2445_c8_g2_i4.p1,-0.264337847685752
TRINITY_DN2445_c8_g2_i5.p1,-0.120088226471002
TRINITY_DN24460_c0_g1_i10.p1,1.90295154118098
TRINITY_DN24462_c0_g1_i12.p2,-0.120094503539857
TRINITY_DN24462_c0_g1_i15.p1,-0.480749037687075
TRINITY_DN24462_c0_g1_i20.p1,2.17270505109484
TRINITY_DN24466_c0_g1_i4.p1,-0.713656566234449
TRINITY_DN24478_c0_g1_i11.p1,-0.751510980153269
TRINITY_DN24478_c0_g1_i15.p1,-1.16499449311429
TRINITY_DN24478_c0_g1_i16.p1,-0.713815746096972
TRINITY_DN24478_c0_g1_i5.p1,0.12440536308969
TRINITY_DN24478_c0_g1_i9.p1,0.871893214950302
TRINITY_DN24481_c0_g1_i21.p1,-1.99373679113846
TRINITY_DN24481_c0_g1_i6.p1,-0.120123639569928
TRINITY_DN24493_c0_g1_i3.p1,-1.03107201020408
TRINITY_DN24505_c0_g1_i1.p1,2.08531501237185
TRINITY_DN24505_c0_g1_i3.p1,-1.33264272959453
TRINITY_DN24524_c0_g1_i1.p1,-0.0268849000003759
TRINITY_DN24531_c0_g1_i1.p1,-0.341786930890159
TRINITY_DN2453_c0_g1_i7.p1,0.973120204909123
TRINITY_DN2453_c0_g1_i8.p1,1.05880089562018
TRINITY_DN24549_c0_g3_i1.p1,0.406394721382481
TRINITY_DN24550_c0_g1_i2.p1,-0.931072559162921
TRINITY_DN24550_c0_g1_i6.p1,-1.20461591548946
TRINITY_DN24550_c1_g1_i7.p1,-0.264337878921116
TRINITY_DN24550_c1_g1_i8.p1,-0.480755090050642
TRINITY_DN24550_c1_g1_i9.p1,-1.74956010590018
TRINITY_DN24555_c0_g1_i1.p1,2.29677606030519
TRINITY_DN2456_c4_g1_i2.p1,-0.52025460095958
TRINITY_DN24575_c0_g1_i3.p1,-1.04718622889905
TRINITY_DN24587_c0_g1_i1.p1,-0.49033949705053
TRINITY_DN24587_c0_g1_i2.p1,-0.125576128249263
TRINITY_DN24587_c0_g1_i4.p1,1.35247034819068
TRINITY_DN2460_c0_g1_i12.p1,0.211050095775946
TRINITY_DN2460_c0_g1_i19.p1,0.0666739151598917
TRINITY_DN24627_c1_g1_i1.p1,-0.0220456336787792
TRINITY_DN24633_c0_g3_i1.p2,0.787057751272811
TRINITY_DN24639_c0_g1_i1.p1,-0.120088226471002
TRINITY_DN2467_c2_g3_i1.p1,-0.329590604838056
TRINITY_DN24685_c0_g1_i5.p1,0.456985519568661
TRINITY_DN24685_c0_g1_i6.p1,0.777840257814805
TRINITY_DN24685_c0_g1_i8.p1,2.21213629763254
TRINITY_DN2468_c1_g1_i1.p1,1.82423838166975
TRINITY_DN2468_c1_g1_i2.p1,0.740906478490153
TRINITY_DN2468_c1_g1_i3.p1,-0.00725419447599202
TRINITY_DN2468_c1_g1_i9.p1,-0.828973872942474
TRINITY_DN2468_c3_g1_i2.p1,-0.261123812537605
TRINITY_DN2468_c3_g1_i3.p1,0.646859692609621
TRINITY_DN24696_c0_g1_i1.p1,0.456972047325302
TRINITY_DN24696_c0_g1_i3.p1,-0.303581866714723
TRINITY_DN24703_c0_g1_i2.p1,-0.566867658603609
TRINITY_DN24706_c0_g1_i3.p1,1.0857774548586
TRINITY_DN24706_c0_g1_i4.p1,-1.83993508399715
TRINITY_DN24715_c0_g3_i1.p1,-2.7857330363966
TRINITY_DN24715_c1_g1_i10.p1,-0.120094258528633
TRINITY_DN24715_c1_g1_i14.p1,-2.41968031008959
TRINITY_DN24715_c1_g1_i19.p1,-4.18766301366629
TRINITY_DN24715_c1_g1_i9.p1,1.01258815841908
TRINITY_DN24735_c2_g2_i12.p1,0.365898463897199
TRINITY_DN24735_c2_g2_i2.p1,1.69916937940611
TRINITY_DN24735_c2_g2_i9.p1,2.01275274939341
TRINITY_DN24746_c1_g1_i5.p1,-0.673161244940643
TRINITY_DN24749_c0_g1_i1.p1,0.381071844115809
TRINITY_DN24749_c0_g1_i10.p1,-0.0285743433128191
TRINITY_DN24749_c0_g1_i4.p1,1.11157795368897
TRINITY_DN24751_c0_g1_i2.p1,-0.480749439820903
TRINITY_DN24751_c0_g1_i3.p1,-1.21813801818851
TRINITY_DN24752_c0_g1_i1.p1,0.160336075981365
TRINITY_DN24752_c0_g3_i3.p1,-0.286800737515286
TRINITY_DN24764_c0_g1_i2.p1,-0.390640040945749
TRINITY_DN24769_c0_g1_i8.p1,1.42588384147081
TRINITY_DN2476_c0_g1_i19.p1,-0.480754087674844
TRINITY_DN2476_c0_g1_i21.p1,0.202861320836093
TRINITY_DN2476_c0_g1_i3.p1,0.890817042591638
TRINITY_DN2476_c0_g1_i30.p1,-0.298618118466622
TRINITY_DN2476_c0_g1_i43.p1,-0.705283284122852
TRINITY_DN2476_c0_g1_i44.p1,0.17819894315861
TRINITY_DN2476_c0_g1_i45.p1,0.266015863558445
TRINITY_DN2476_c1_g1_i4.p1,1.50676527358661
TRINITY_DN24770_c3_g1_i2.p1,-0.892988517350135
TRINITY_DN24794_c0_g3_i2.p1,0.270611562395514
TRINITY_DN24794_c0_g3_i3.p1,0.77165682458265
TRINITY_DN24833_c0_g1_i4.p1,-0.120087824337175
TRINITY_DN24847_c1_g2_i1.p1,1.39295252871687
TRINITY_DN24847_c1_g2_i2.p1,2.42370773650815
TRINITY_DN24857_c0_g1_i1.p1,-1.20193203088144
TRINITY_DN24858_c2_g1_i1.p1,-0.18428826266821
TRINITY_DN2487_c1_g1_i2.p1,-0.419657596343578
TRINITY_DN24890_c0_g1_i1.p1,0.782805995650267
TRINITY_DN24890_c0_g1_i2.p1,-0.289000545253276
TRINITY_DN24891_c0_g1_i10.p1,-0.834466060236884
TRINITY_DN24891_c0_g1_i2.p1,-1.88325728143799
TRINITY_DN24903_c0_g1_i4.p1,-0.29531775458868
TRINITY_DN2490_c0_g1_i10.p1,0.719632987566395
TRINITY_DN2490_c0_g1_i11.p1,-0.26433894338755
TRINITY_DN2490_c0_g1_i13.p1,0.600184667099416
TRINITY_DN2490_c0_g1_i14.p1,-1.18572429262888
TRINITY_DN2490_c0_g1_i2.p1,0.0963273417518812
TRINITY_DN24911_c0_g1_i3.p1,-0.624840287726155
TRINITY_DN24912_c0_g1_i3.p1,2.57289068876613
TRINITY_DN24926_c0_g1_i2.p1,0.86963584327386
TRINITY_DN24928_c0_g1_i1.p1,2.83512546971314
TRINITY_DN2492_c0_g2_i2.p1,0.91911754088646
TRINITY_DN2494_c0_g1_i9.p1,-0.039033160893929
TRINITY_DN2494_c0_g2_i1.p1,-0.109412435546326
TRINITY_DN24961_c0_g1_i2.p1,0.414357881486075
TRINITY_DN24965_c0_g1_i6.p1,-0.633867784023743
TRINITY_DN24965_c0_g1_i8.p2,-0.348181370073342
TRINITY_DN2498_c10_g1_i1.p1,0.0668277404753309
TRINITY_DN2499_c0_g1_i4.p1,0.559656101677839
TRINITY_DN25005_c1_g1_i1.p1,-0.264339742493378
TRINITY_DN25005_c1_g1_i2.p1,-0.212030660521538
TRINITY_DN25010_c0_g1_i3.p1,0.689893031074595
TRINITY_DN25045_c0_g1_i10.p1,0.236259270526815
TRINITY_DN25045_c0_g1_i11.p1,-0.480746222725173
TRINITY_DN25045_c0_g1_i2.p1,-0.865092092622208
TRINITY_DN25045_c0_g1_i5.p1,1.29405461931986
TRINITY_DN25045_c0_g1_i8.p1,-1.2023203902227
TRINITY_DN2505_c0_g1_i1.p1,0.129527764160885
TRINITY_DN2505_c0_g1_i3.p1,-1.19453192911423
TRINITY_DN2505_c0_g1_i4.p1,-0.857648287566648
TRINITY_DN2507_c0_g1_i31.p1,1.44903495296396
TRINITY_DN2507_c1_g1_i1.p1,-0.0280049828491829
TRINITY_DN2507_c1_g1_i4.p1,0.799132794916504
TRINITY_DN25082_c0_g1_i2.p1,1.3675577475335
TRINITY_DN25082_c0_g1_i3.p1,-0.264261786263615
TRINITY_DN25094_c0_g1_i1.p1,-0.791140932347927
TRINITY_DN25097_c2_g1_i1.p1,-0.037878702993933
TRINITY_DN250_c0_g1_i23.p1,0.650173537844614
TRINITY_DN250_c0_g1_i3.p1,0.741479062714683
TRINITY_DN250_c0_g1_i44.p1,0.199169246670337
TRINITY_DN250_c0_g1_i66.p1,-0.0404276023840163
TRINITY_DN25125_c0_g1_i2.p1,-0.137862114800304
TRINITY_DN25130_c0_g1_i4.p1,-1.85672648969266
TRINITY_DN25145_c0_g1_i1.p1,-0.27733060358996
TRINITY_DN25153_c0_g1_i7.p2,-0.53591514388961
TRINITY_DN2515_c0_g1_i4.p1,-1.61564101777066
TRINITY_DN25175_c0_g1_i1.p1,0.830054392182236
TRINITY_DN25175_c0_g1_i3.p1,0.100748059620784
TRINITY_DN2517_c0_g2_i2.p1,-3.07962338960914
TRINITY_DN2517_c0_g2_i3.p1,-0.0310694755311655
TRINITY_DN25180_c0_g1_i10.p1,1.45768050441661
TRINITY_DN25180_c0_g1_i24.p1,-0.841412889669676
TRINITY_DN25180_c0_g1_i3.p1,-0.00262687245899619
TRINITY_DN25180_c0_g1_i6.p1,0.662635408746263
TRINITY_DN25180_c0_g1_i9.p1,-0.741447173749198
TRINITY_DN2518_c0_g1_i2.p1,0.477560528636616
TRINITY_DN2518_c3_g1_i2.p1,-1.6405698460867
TRINITY_DN25191_c0_g1_i2.p1,-1.84391728910859
TRINITY_DN251_c1_g1_i1.p1,3.07556342995204
TRINITY_DN25260_c0_g1_i2.p1,-0.264337383680716
TRINITY_DN25260_c0_g1_i3.p1,1.58759680004655
TRINITY_DN25260_c0_g1_i4.p1,-0.480746222725173
TRINITY_DN2526_c0_g1_i3.p1,1.85346186369458
TRINITY_DN25273_c0_g1_i1.p1,1.08948123942824
TRINITY_DN25282_c0_g1_i2.p1,0.000848365010800479
TRINITY_DN25282_c0_g1_i3.p1,1.65552510631872
TRINITY_DN25288_c0_g1_i3.p1,0.424287866168399
TRINITY_DN25288_c0_g4_i1.p1,0.296685407810142
TRINITY_DN252_c0_g1_i5.p1,0.0906840249981241
TRINITY_DN2531_c0_g1_i1.p1,0.123738097902559
TRINITY_DN25323_c0_g1_i1.p1,-2.90503216676638
TRINITY_DN25356_c0_g1_i1.p1,2.57061243010692
TRINITY_DN25369_c0_g1_i1.p1,-0.120087824337174
TRINITY_DN25369_c0_g1_i5.p1,-1.44569719518074
TRINITY_DN2538_c0_g1_i12.p1,0.220660268987585
TRINITY_DN25392_c0_g1_i1.p1,0.595966159804573
TRINITY_DN25396_c0_g1_i15.p1,1.02006982684002
TRINITY_DN253_c2_g2_i6.p1,-0.235600849497965
TRINITY_DN253_c4_g1_i3.p1,0.641638369192275
TRINITY_DN253_c4_g1_i8.p1,-0.480746222725173
TRINITY_DN25408_c0_g1_i1.p1,0.755573516287632
TRINITY_DN25412_c0_g1_i1.p2,-0.497679693490562
TRINITY_DN25418_c0_g1_i1.p1,1.14293247425789
TRINITY_DN25418_c1_g1_i1.p1,1.33458397357182
TRINITY_DN25419_c0_g1_i1.p1,-0.00826587219717157
TRINITY_DN25435_c0_g1_i2.p1,-0.838360732338991
TRINITY_DN25435_c0_g1_i3.p1,-0.176623848627862
TRINITY_DN2543_c0_g1_i1.p1,0.258042479468727
TRINITY_DN2543_c0_g1_i12.p1,-1.13403845667417
TRINITY_DN2543_c0_g1_i17.p1,-0.120088226471002
TRINITY_DN2543_c0_g1_i4.p1,-0.708064098983656
TRINITY_DN2543_c0_g1_i5.p1,-0.62970749208697
TRINITY_DN2543_c0_g1_i7.p1,-0.928838232262909
TRINITY_DN2543_c0_g1_i9.p1,0.0435656310787267
TRINITY_DN2544_c0_g1_i8.p1,-0.198956212109205
TRINITY_DN25475_c0_g1_i3.p1,-0.120088226471002
TRINITY_DN25475_c0_g1_i4.p1,-1.41685433721553
TRINITY_DN25475_c0_g1_i6.p1,-0.625249518456627
TRINITY_DN25509_c0_g1_i1.p1,-0.229795913222871
TRINITY_DN25516_c0_g1_i1.p1,-0.480749575303424
TRINITY_DN25516_c0_g1_i3.p1,0.0905401058315238
TRINITY_DN2552_c0_g1_i10.p1,0.371379023628889
TRINITY_DN2552_c0_g1_i12.p1,-0.642206512123726
TRINITY_DN2552_c0_g1_i15.p1,-0.76578378767607
TRINITY_DN2552_c0_g1_i25.p1,-0.621682746837759
TRINITY_DN2552_c0_g1_i27.p1,-0.841411618429786
TRINITY_DN2552_c0_g1_i3.p1,0.194697601480193
TRINITY_DN2552_c0_g1_i7.p1,-0.409236773829354
TRINITY_DN2552_c0_g1_i8.p1,0.736441906273476
TRINITY_DN25531_c0_g1_i1.p1,-0.841401001883615
TRINITY_DN25531_c0_g1_i2.p1,-0.841401001883615
TRINITY_DN25531_c0_g1_i6.p1,-0.712674556461481
TRINITY_DN25531_c0_g1_i7.p1,0.286310106707347
TRINITY_DN25531_c0_g1_i8.p1,0.846905696606353
TRINITY_DN25536_c0_g1_i1.p1,0.581318602659124
TRINITY_DN25547_c0_g1_i2.p1,1.74815019186034
TRINITY_DN25564_c1_g1_i1.p1,1.18091566745352
TRINITY_DN25565_c0_g1_i1.p1,0.456984727152169
TRINITY_DN25565_c0_g1_i4.p1,-0.841412737766508
TRINITY_DN25565_c0_g1_i5.p1,1.61652318786077
TRINITY_DN25597_c0_g2_i1.p1,0.768595575833436
TRINITY_DN25597_c0_g2_i2.p1,-1.61048123196652
TRINITY_DN25597_c0_g2_i3.p1,0.00713705615833885
TRINITY_DN25607_c0_g1_i1.p1,-0.120090639299077
TRINITY_DN25607_c0_g1_i2.p1,-0.480752693349862
TRINITY_DN25607_c0_g1_i5.p1,0.95148060321263
TRINITY_DN25611_c0_g1_i25.p1,1.29824255378317
TRINITY_DN2562_c1_g1_i6.p1,-0.613306489530764
TRINITY_DN2562_c1_g1_i8.p1,0.109822918770871
TRINITY_DN2564_c7_g1_i1.p1,1.82919232860527
TRINITY_DN2564_c7_g1_i6.p1,0.719621081670513
TRINITY_DN2564_c7_g1_i7.p1,2.3522531094205
TRINITY_DN25655_c0_g1_i1.p1,0.456981296478662
TRINITY_DN25655_c0_g1_i2.p1,-1.20230144795141
TRINITY_DN25658_c0_g1_i1.p1,-1.6254010713479
TRINITY_DN25658_c0_g1_i2.p1,-0.120088226471002
TRINITY_DN2565_c0_g1_i1.p1,-1.430076320261
TRINITY_DN25680_c2_g2_i1.p1,2.29324464737408
TRINITY_DN25690_c0_g1_i8.p1,-2.46866809695734
TRINITY_DN25709_c0_g1_i6.p1,-0.244207515827893
TRINITY_DN25709_c0_g1_i7.p1,1.10169727760144
TRINITY_DN25748_c1_g1_i5.p1,0.760576326371632
TRINITY_DN25749_c0_g1_i17.p1,-0.271384153858884
TRINITY_DN25749_c0_g1_i27.p1,0.0102611787939504
TRINITY_DN25749_c0_g1_i8.p1,0.868875939217843
TRINITY_DN2574_c0_g1_i2.p1,2.71223362428681
TRINITY_DN2574_c0_g1_i3.p1,-0.667272522530841
TRINITY_DN25759_c0_g2_i3.p1,0.179560222540337
TRINITY_DN25759_c0_g3_i1.p1,0.410830115384569
TRINITY_DN25760_c0_g1_i1.p1,-0.690847865313325
TRINITY_DN25770_c0_g1_i1.p1,-2.01420066986293
TRINITY_DN25770_c0_g1_i4.p1,0.549221087677907
TRINITY_DN25772_c0_g1_i8.p1,-0.000443491191437587
TRINITY_DN25777_c0_g1_i5.p1,-0.0919395619508208
TRINITY_DN2577_c0_g2_i2.p1,1.37398905291519
TRINITY_DN25784_c4_g3_i4.p2,0.566754712822598
TRINITY_DN25792_c0_g2_i2.p1,-0.828079920286879
TRINITY_DN25792_c0_g2_i4.p1,0.589105470700411
TRINITY_DN25804_c0_g1_i1.p1,-3.14175398666158
TRINITY_DN25804_c0_g1_i5.p1,-0.378006924457
TRINITY_DN2581_c0_g1_i13.p1,0.517118104088113
TRINITY_DN25823_c1_g2_i1.p1,0.862140712781691
TRINITY_DN25829_c0_g2_i1.p2,1.07476781817737
TRINITY_DN2582_c0_g1_i27.p1,0.183323133909812
TRINITY_DN2585_c0_g1_i2.p1,-0.841414678535865
TRINITY_DN25865_c0_g3_i2.p1,2.17290633634669
TRINITY_DN25865_c0_g3_i3.p1,0.524447780688209
TRINITY_DN25899_c0_g1_i1.p1,0.705150648583202
TRINITY_DN258_c0_g1_i13.p1,-0.480753602503822
TRINITY_DN258_c0_g1_i4.p1,-0.841408839205067
TRINITY_DN258_c0_g1_i5.p1,0.986507393457917
TRINITY_DN258_c0_g2_i1.p1,1.06985573260384
TRINITY_DN25905_c0_g1_i2.p1,0.495825281664154
TRINITY_DN25908_c0_g1_i2.p1,1.77086987489232
TRINITY_DN25918_c1_g1_i1.p1,-0.0597441213461133
TRINITY_DN25946_c0_g1_i1.p1,-1.37653189062156
TRINITY_DN25947_c0_g1_i1.p1,-0.453736764424332
TRINITY_DN25958_c0_g1_i3.p2,0.448768658147328
TRINITY_DN25958_c0_g1_i5.p3,0.0963240765790786
TRINITY_DN25966_c0_g1_i3.p1,-0.37734183749263
TRINITY_DN25966_c0_g1_i6.p1,0.288036366463861
TRINITY_DN25966_c0_g1_i7.p1,-0.0762239629076866
TRINITY_DN25967_c0_g1_i1.p1,-2.09087475512893
TRINITY_DN25967_c0_g1_i2.p1,1.08789873286827
TRINITY_DN25971_c0_g1_i3.p2,0.146490521754636
TRINITY_DN25971_c0_g1_i6.p1,-1.44970453125722
TRINITY_DN25971_c0_g1_i7.p1,0.300320821930974
TRINITY_DN25971_c0_g2_i1.p1,-0.148839617556016
TRINITY_DN25971_c1_g1_i1.p1,-0.319412807534162
TRINITY_DN25978_c0_g1_i3.p1,-0.191184900032264
TRINITY_DN25978_c0_g1_i4.p1,0.19526762317151
TRINITY_DN25980_c0_g1_i1.p1,1.60262092024157
TRINITY_DN25980_c0_g1_i2.p1,-0.366845044520476
TRINITY_DN25992_c0_g1_i10.p1,2.48436805703601
TRINITY_DN25992_c0_g1_i8.p1,-0.276481826952508
TRINITY_DN26001_c0_g1_i1.p1,1.00252436583522
TRINITY_DN26005_c0_g1_i29.p1,1.22896331620228
TRINITY_DN26009_c0_g1_i3.p1,0.530732132682534
TRINITY_DN26071_c0_g1_i4.p1,-0.422057049383712
TRINITY_DN26099_c0_g1_i2.p1,-1.18483786473365
TRINITY_DN2610_c1_g1_i4.p1,-0.0582164595320212
TRINITY_DN2610_c1_g1_i5.p1,0.217224308193791
TRINITY_DN26115_c0_g1_i1.p1,-0.611654469828486
TRINITY_DN26131_c0_g1_i1.p1,0.261351220009316
TRINITY_DN26132_c0_g1_i2.p1,-0.480743005629443
TRINITY_DN26132_c0_g1_i3.p1,-0.0276526309919691
TRINITY_DN26132_c0_g1_i4.p1,1.23019369095391
TRINITY_DN2613_c1_g1_i15.p1,-0.508415206410965
TRINITY_DN2613_c1_g1_i24.p1,-1.19068917429528
TRINITY_DN2613_c1_g1_i27.p1,0.810713218417698
TRINITY_DN26144_c2_g1_i5.p1,-0.00753907885608954
TRINITY_DN26145_c0_g1_i6.p1,-0.0607206553479469
TRINITY_DN2614_c0_g1_i1.p1,0.393491027417942
TRINITY_DN2614_c0_g1_i7.p1,-0.506786678724181
TRINITY_DN26175_c0_g1_i13.p1,-0.264340278196779
TRINITY_DN26175_c0_g1_i15.p1,-0.234195094381514
TRINITY_DN26175_c0_g1_i7.p1,-0.480746222725173
TRINITY_DN2618_c0_g1_i10.p1,-0.0601423220105276
TRINITY_DN2618_c0_g1_i7.p1,0.147277967337861
TRINITY_DN26193_c0_g1_i2.p1,1.18094553741099
TRINITY_DN2619_c0_g1_i10.p1,-2.73373248685911
TRINITY_DN2619_c0_g1_i16.p1,-0.120093539628393
TRINITY_DN261_c0_g1_i6.p1,1.32743328649106
TRINITY_DN261_c0_g2_i3.p1,0.586675622607749
TRINITY_DN2620_c1_g1_i11.p1,-3.01518377120356
TRINITY_DN2620_c1_g1_i4.p1,0.662676762490781
TRINITY_DN2620_c1_g1_i8.p1,-0.358332989981309
TRINITY_DN26226_c0_g1_i2.p1,-0.26434051433346
TRINITY_DN26226_c0_g1_i3.p1,-0.926748654383519
TRINITY_DN2622_c1_g1_i4.p1,-0.0260509121040331
TRINITY_DN26264_c1_g1_i6.p1,-0.753121564467643
TRINITY_DN26279_c0_g1_i3.p1,-2.3877239248267
TRINITY_DN26279_c0_g1_i5.p1,-1.13281331095757
TRINITY_DN2628_c1_g1_i6.p1,0.602202064682957
TRINITY_DN26314_c0_g1_i2.p1,-0.487697355876111
TRINITY_DN26314_c0_g1_i5.p1,1.07091349374277
TRINITY_DN26317_c0_g1_i1.p1,1.00146349167904
TRINITY_DN26317_c0_g1_i2.p1,2.0563728421916
TRINITY_DN26317_c0_g1_i4.p1,-1.34858458576475
TRINITY_DN26320_c0_g1_i1.p1,-0.391029164204312
TRINITY_DN26320_c0_g1_i2.p1,0.765800106218389
TRINITY_DN26328_c1_g1_i3.p1,-0.110198345253972
TRINITY_DN26328_c1_g1_i4.p1,-0.480746064478446
TRINITY_DN26328_c1_g1_i6.p1,-0.991457796037497
TRINITY_DN26328_c1_g1_i7.p1,0.368181084308779
TRINITY_DN2632_c0_g1_i2.p1,-2.15763254053925
TRINITY_DN26353_c0_g2_i2.p1,1.15947494782382
TRINITY_DN2637_c0_g2_i26.p1,0.305275602462377
TRINITY_DN26391_c0_g2_i3.p1,1.84601905896991
TRINITY_DN26391_c0_g2_i4.p1,-1.72275317660096
TRINITY_DN26424_c0_g1_i1.p1,-0.0235608479868696
TRINITY_DN26424_c1_g1_i1.p1,0.717103527674729
TRINITY_DN26464_c0_g2_i3.p1,1.07396608631509
TRINITY_DN26464_c0_g2_i5.p1,-0.187592568035567
TRINITY_DN26464_c0_g2_i6.p1,-0.841415209996346
TRINITY_DN2646_c0_g1_i1.p1,0.258381446146314
TRINITY_DN2646_c0_g1_i5.p1,-0.321463476292462
TRINITY_DN2648_c0_g1_i1.p1,-0.120097413546602
TRINITY_DN26492_c0_g1_i2.p1,-1.05141572492577
TRINITY_DN26497_c0_g1_i2.p1,-0.120099395174408
TRINITY_DN26497_c0_g1_i5.p1,2.07195861787787
TRINITY_DN26497_c0_g1_i6.p1,0.172829037271116
TRINITY_DN26568_c0_g1_i3.p1,0.768152529552043
TRINITY_DN26568_c0_g1_i4.p1,1.83008070198307
TRINITY_DN26568_c0_g1_i5.p1,-0.120085444841956
TRINITY_DN2658_c0_g1_i4.p1,-1.01375202470575
TRINITY_DN26591_c0_g1_i1.p1,2.39315258625996
TRINITY_DN26603_c0_g1_i1.p1,-0.781851790210574
TRINITY_DN26626_c0_g1_i1.p2,-0.683364903489059
TRINITY_DN26635_c0_g1_i3.p1,-1.16422153690432
TRINITY_DN26635_c0_g1_i4.p1,-0.841403816845518
TRINITY_DN26640_c0_g1_i2.p1,-0.131297011033235
TRINITY_DN2664_c0_g1_i3.p1,0.0226271669571909
TRINITY_DN26653_c0_g1_i1.p1,-0.404476016383628
TRINITY_DN26653_c0_g1_i2.p1,-0.120099822383056
TRINITY_DN26663_c1_g1_i2.p1,-0.942161072818725
TRINITY_DN26667_c0_g1_i1.p1,-0.632916151580716
TRINITY_DN26681_c1_g1_i3.p1,1.63014420011457
TRINITY_DN26681_c1_g1_i7.p1,1.04818409231104
TRINITY_DN26724_c2_g1_i2.p1,-0.622161553913182
TRINITY_DN26724_c2_g1_i7.p1,-0.817373829264574
TRINITY_DN26730_c0_g1_i1.p1,-0.531715514854573
TRINITY_DN2675_c0_g1_i5.p1,-0.7473480436492
TRINITY_DN2675_c0_g1_i6.p1,1.28177044987284
TRINITY_DN26768_c0_g1_i1.p1,1.37151634085346
TRINITY_DN26768_c0_g1_i14.p1,0.171580880290412
TRINITY_DN26768_c0_g1_i3.p1,2.17522144849161
TRINITY_DN26768_c0_g1_i8.p1,0.759231439193089
TRINITY_DN2676_c0_g2_i1.p1,-3.07219133738838
TRINITY_DN2676_c0_g2_i5.p1,-0.927543509223616
TRINITY_DN26782_c2_g1_i1.p1,-1.78536138525962
TRINITY_DN26796_c0_g2_i1.p1,0.317259169467673
TRINITY_DN26796_c0_g2_i3.p1,0.768715353576199
TRINITY_DN26818_c0_g1_i2.p1,0.553038460847974
TRINITY_DN26818_c0_g1_i8.p1,0.520769955404191
TRINITY_DN26828_c0_g1_i4.p1,-2.03362239195551
TRINITY_DN26828_c0_g1_i6.p1,-0.841415594777674
TRINITY_DN26828_c0_g1_i8.p1,0.348336099719169
TRINITY_DN26835_c1_g1_i6.p1,-0.015080858458128
TRINITY_DN2684_c0_g1_i1.p1,-2.15262536590181
TRINITY_DN2684_c0_g1_i3.p1,-0.625175752117963
TRINITY_DN2684_c0_g1_i9.p1,0.651899982787378
TRINITY_DN26856_c0_g1_i2.p1,1.82121861109314
TRINITY_DN26862_c0_g1_i1.p1,-0.688159147320347
TRINITY_DN2686_c0_g1_i1.p1,0.150189913568337
TRINITY_DN2686_c0_g1_i18.p1,-0.712461552685132
TRINITY_DN2686_c0_g1_i2.p1,0.282971417157702
TRINITY_DN2686_c0_g1_i25.p1,0.21139504619304
TRINITY_DN2686_c0_g1_i5.p1,-0.590308814621153
TRINITY_DN2686_c0_g1_i6.p1,-0.145012104991609
TRINITY_DN2686_c0_g2_i2.p1,-0.336342910056622
TRINITY_DN26875_c1_g2_i1.p1,0.165065155594257
TRINITY_DN26875_c2_g1_i1.p1,0.722060408398764
TRINITY_DN26899_c1_g3_i2.p1,0.56122631567057
TRINITY_DN26918_c0_g1_i2.p1,0.350341718869872
TRINITY_DN26926_c0_g1_i2.p1,0.326304500489533
TRINITY_DN2692_c3_g1_i1.p2,-0.652913555651513
TRINITY_DN2693_c0_g1_i6.p1,-0.291160840478181
TRINITY_DN26942_c4_g1_i1.p2,0.328107459630819
TRINITY_DN2694_c22_g1_i2.p1,-1.70238679279813
TRINITY_DN26953_c0_g1_i2.p1,1.57016946781468
TRINITY_DN27001_c0_g1_i1.p1,-1.07117607295969
TRINITY_DN27004_c0_g1_i1.p1,-0.661449237843848
TRINITY_DN27011_c0_g1_i5.p1,-1.29939805674386
TRINITY_DN27013_c0_g2_i1.p2,-0.285910165570927
TRINITY_DN27022_c0_g1_i1.p1,0.756762017020534
TRINITY_DN27028_c0_g1_i2.p1,0.14749985076313
TRINITY_DN27057_c0_g1_i1.p1,1.26106406027391
TRINITY_DN27057_c0_g1_i2.p1,-0.332989089396691
TRINITY_DN27072_c1_g1_i1.p1,0.563359504690914
TRINITY_DN27072_c1_g1_i2.p1,0.452779857739309
TRINITY_DN2707_c0_g1_i3.p1,-0.35204730259104
TRINITY_DN2707_c0_g1_i5.p1,0.197591889353298
TRINITY_DN2707_c0_g1_i7.p1,1.31166004378166
TRINITY_DN27095_c0_g1_i1.p1,0.805593840151407
TRINITY_DN27096_c0_g1_i2.p1,0.334057831049425
TRINITY_DN2712_c0_g1_i4.p1,-0.255953284542358
TRINITY_DN27140_c0_g1_i2.p1,-0.719752319809592
TRINITY_DN27140_c0_g1_i4.p1,-0.841401001883615
TRINITY_DN27140_c0_g1_i6.p1,-0.392703122135491
TRINITY_DN2714_c0_g1_i3.p1,-1.04165448197532
TRINITY_DN2715_c0_g1_i26.p1,0.854927274463876
TRINITY_DN27185_c0_g1_i4.p1,1.97266154877531
TRINITY_DN2721_c5_g1_i3.p1,-0.896884327576585
TRINITY_DN2722_c0_g2_i1.p1,2.19215255677823
TRINITY_DN27252_c0_g1_i5.p1,0.0642173500270423
TRINITY_DN27252_c0_g1_i8.p1,-0.79446171827159
TRINITY_DN27278_c0_g1_i5.p1,0.554940582681294
TRINITY_DN27278_c0_g1_i6.p1,-0.508147088120837
TRINITY_DN27296_c1_g1_i1.p2,-0.641103562172298
TRINITY_DN272_c0_g1_i2.p1,-1.63543503729151
TRINITY_DN27306_c0_g1_i1.p1,-0.779443590477587
TRINITY_DN27329_c0_g1_i1.p1,0.193407553427633
TRINITY_DN27361_c0_g1_i1.p1,1.64588885144675
TRINITY_DN27362_c0_g1_i1.p1,0.703974584179102
TRINITY_DN27391_c0_g1_i2.p1,-0.628498376511217
TRINITY_DN27391_c0_g1_i5.p1,1.39063733682526
TRINITY_DN27398_c0_g1_i1.p1,-0.841407436075074
TRINITY_DN27398_c0_g1_i2.p1,-1.55161352736189
TRINITY_DN27398_c0_g1_i4.p1,-2.81983908943475
TRINITY_DN27402_c0_g2_i1.p1,0.744745079673174
TRINITY_DN2740_c0_g1_i22.p1,-0.180838116792718
TRINITY_DN2740_c0_g1_i25.p1,0.968149970842702
TRINITY_DN27417_c0_g1_i1.p2,0.611942304496851
TRINITY_DN27427_c0_g1_i12.p1,0.509812113499625
TRINITY_DN27427_c0_g1_i2.p2,1.19908132850995
TRINITY_DN27427_c0_g1_i5.p1,0.128787981350417
TRINITY_DN27427_c0_g2_i1.p1,0.361564049321647
TRINITY_DN2742_c4_g1_i3.p1,-0.291517976201119
TRINITY_DN2742_c4_g1_i7.p1,0.214661286982674
TRINITY_DN2742_c7_g1_i4.p1,0.111115419070208
TRINITY_DN2746_c0_g1_i6.p1,-0.264340197692023
TRINITY_DN27474_c0_g1_i46.p1,-0.378616300779264
TRINITY_DN27474_c0_g1_i6.p1,0.542533199823279
TRINITY_DN27480_c0_g1_i1.p1,2.6555665209975
TRINITY_DN27480_c0_g1_i3.p1,-2.30368721696013
TRINITY_DN27480_c0_g1_i4.p1,0.942627274537963
TRINITY_DN27480_c0_g1_i7.p1,1.00335723609143
TRINITY_DN27488_c0_g1_i15.p1,-1.03593090233895
TRINITY_DN27488_c0_g1_i33.p1,-1.55064214690439
TRINITY_DN27488_c0_g1_i35.p1,0.744432680365109
TRINITY_DN27488_c0_g1_i38.p1,-0.559958820016347
TRINITY_DN27488_c0_g1_i40.p1,-0.538746803836993
TRINITY_DN27488_c0_g1_i49.p1,0.462202395637564
TRINITY_DN27490_c1_g1_i1.p1,-0.537823603093036
TRINITY_DN27491_c0_g1_i1.p2,0.255185339802893
TRINITY_DN2749_c4_g1_i4.p1,0.0963233002244908
TRINITY_DN274_c0_g1_i4.p1,-0.52312107683903
TRINITY_DN274_c1_g1_i4.p1,1.10974993137204
TRINITY_DN27501_c0_g1_i11.p1,0.1169067916142
TRINITY_DN27501_c0_g1_i8.p1,-0.841401001883615
TRINITY_DN2750_c16_g1_i3.p1,1.10689896227362
TRINITY_DN27520_c0_g1_i1.p1,-0.841416611718602
TRINITY_DN27522_c0_g1_i1.p1,0.693470907543716
TRINITY_DN27528_c0_g1_i3.p1,-0.120090639299077
TRINITY_DN27528_c0_g1_i5.p1,1.33656682700492
TRINITY_DN27539_c0_g1_i1.p1,-0.486586053610844
TRINITY_DN2754_c0_g1_i24.p1,-0.841401001883616
TRINITY_DN2754_c0_g1_i34.p1,0.359058094853846
TRINITY_DN27597_c0_g1_i7.p1,0.0971144378405009
TRINITY_DN275_c3_g4_i3.p1,-0.648637360922548
TRINITY_DN2760_c2_g1_i9.p1,0.0963896820695484
TRINITY_DN27618_c0_g1_i1.p1,1.08857449988668
TRINITY_DN27628_c0_g1_i4.p1,-2.57601192048151
TRINITY_DN27634_c0_g1_i2.p1,0.300976572015866
TRINITY_DN2764_c0_g1_i1.p1,0.950660954473065
TRINITY_DN2764_c0_g1_i6.p1,-2.57082093860023
TRINITY_DN2764_c0_g1_i8.p1,0.282815752201174
TRINITY_DN2767_c0_g3_i5.p1,-0.728399116563251
TRINITY_DN2772_c0_g1_i1.p1,1.09444844566803
TRINITY_DN2772_c0_g1_i13.p1,-0.841404218979344
TRINITY_DN2772_c0_g1_i17.p1,0.435727136238153
TRINITY_DN2772_c0_g1_i22.p1,-0.163587753222566
TRINITY_DN2772_c0_g1_i3.p1,-1.75054301018373
TRINITY_DN2772_c0_g1_i5.p1,-1.58451771234819
TRINITY_DN2772_c0_g1_i7.p1,-1.20974397375829
TRINITY_DN27747_c0_g2_i8.p2,0.700783899246423
TRINITY_DN2774_c0_g1_i10.p1,0.840458947567405
TRINITY_DN2774_c0_g1_i13.p1,1.75255348454062
TRINITY_DN2774_c0_g1_i5.p1,1.31616320748745
TRINITY_DN2775_c0_g1_i1.p1,-0.47300364789347
TRINITY_DN27768_c0_g1_i2.p1,-2.39509726435237
TRINITY_DN27808_c0_g1_i2.p1,-2.77788292900145
TRINITY_DN27808_c0_g1_i5.p1,-0.125854922202152
TRINITY_DN27808_c0_g1_i6.p1,-0.120090639299076
TRINITY_DN2780_c0_g1_i3.p1,-0.42962458736481
TRINITY_DN2780_c0_g1_i8.p1,0.418306961243225
TRINITY_DN27828_c0_g1_i1.p1,0.68978962107007
TRINITY_DN2782_c0_g1_i7.p1,1.011525194783
TRINITY_DN2783_c0_g1_i2.p1,-0.0753365322410173
TRINITY_DN2783_c0_g1_i4.p1,1.69692365577362
TRINITY_DN27842_c0_g1_i1.p1,-0.576500924505549
TRINITY_DN27842_c0_g1_i3.p1,2.00019004303128
TRINITY_DN27842_c2_g1_i1.p1,0.0517575815199116
TRINITY_DN27846_c0_g1_i1.p1,-0.256045385353949
TRINITY_DN27852_c0_g1_i6.p1,2.01881588381525
TRINITY_DN2785_c2_g2_i5.p2,-1.14940111735723
TRINITY_DN27861_c0_g1_i3.p1,-0.00292769729652965
TRINITY_DN278_c1_g1_i19.p1,-0.120088226471002
TRINITY_DN278_c1_g1_i3.p1,0.928531011831042
TRINITY_DN278_c1_g1_i5.p1,-0.495172203880333
TRINITY_DN278_c1_g1_i9.p1,-0.294037920605207
TRINITY_DN27911_c0_g1_i1.p1,1.41229812986201
TRINITY_DN27911_c0_g1_i2.p1,-0.325661626610623
TRINITY_DN27942_c0_g1_i2.p1,0.233770428503337
TRINITY_DN27942_c0_g1_i9.p1,-0.346445229251533
TRINITY_DN2795_c1_g1_i10.p1,-1.89395381407203
TRINITY_DN2795_c1_g1_i4.p1,-0.302330028264482
TRINITY_DN2795_c1_g1_i8.p1,-1.64390550294713
TRINITY_DN27981_c0_g1_i1.p1,-0.120091443566731
TRINITY_DN2798_c0_g2_i2.p1,0.618485871427101
TRINITY_DN2799_c2_g1_i9.p1,-1.32136730190176
TRINITY_DN27_c0_g1_i2.p1,-0.0934966110410812
TRINITY_DN27_c0_g1_i4.p1,0.0451812789894126
TRINITY_DN27_c0_g1_i5.p1,1.4425605190148
TRINITY_DN27_c3_g1_i1.p1,0.456992820356191
TRINITY_DN28009_c0_g1_i2.p1,-0.8414130287847
TRINITY_DN2801_c0_g1_i1.p1,1.7611200337914
TRINITY_DN2801_c0_g1_i12.p1,0.835428454587278
TRINITY_DN2801_c0_g1_i26.p1,0.0512904318538953
TRINITY_DN2801_c0_g1_i30.p1,-1.30390875750038
TRINITY_DN2801_c0_g1_i34.p1,1.84601905896991
TRINITY_DN2801_c0_g1_i37.p1,-0.631683397900407
TRINITY_DN2801_c0_g1_i4.p1,-0.841411796506759
TRINITY_DN2801_c0_g1_i6.p1,-0.0792936070731998
TRINITY_DN2801_c0_g1_i61.p1,-0.773638618562473
TRINITY_DN28083_c0_g1_i1.p1,-0.342756234464168
TRINITY_DN28093_c0_g1_i1.p1,-0.480752819459825
TRINITY_DN28093_c0_g1_i2.p1,-0.985409125108122
TRINITY_DN2809_c0_g1_i46.p1,0.753859450743235
TRINITY_DN280_c1_g1_i7.p1,1.88499586076907
TRINITY_DN28152_c0_g1_i13.p1,-1.23994025335794
TRINITY_DN28152_c0_g1_i6.p1,0.0246129563513983
TRINITY_DN28176_c0_g1_i1.p1,0.38743476199628
TRINITY_DN28182_c0_g2_i1.p1,-0.609431509686992
TRINITY_DN28183_c1_g1_i2.p1,-0.203079772626016
TRINITY_DN2818_c1_g1_i1.p1,-2.22919962751089
TRINITY_DN2818_c1_g1_i4.p1,0.278724690992434
TRINITY_DN2818_c1_g1_i6.p1,0.961263042867839
TRINITY_DN28196_c0_g1_i4.p1,1.15359370815383
TRINITY_DN28222_c0_g1_i1.p2,0.849659853045056
TRINITY_DN28225_c0_g1_i5.p1,1.08949176243838
TRINITY_DN28225_c0_g1_i6.p1,-0.0646190709470617
TRINITY_DN28239_c0_g1_i2.p1,-1.05247072227752
TRINITY_DN28239_c1_g1_i1.p1,-1.5430602606755
TRINITY_DN2823_c0_g1_i14.p1,0.156699765004429
TRINITY_DN2823_c0_g1_i3.p1,-0.400711929806257
TRINITY_DN2823_c0_g1_i4.p1,-0.12009432614468
TRINITY_DN2823_c0_g1_i5.p1,0.252894777140213
TRINITY_DN2823_c0_g1_i7.p1,-1.0132010600282
TRINITY_DN2824_c0_g2_i16.p1,-0.18584028680904
TRINITY_DN28269_c1_g1_i3.p1,1.50051764706562
TRINITY_DN28276_c0_g1_i1.p1,-0.21721373090558
TRINITY_DN28283_c0_g1_i3.p1,0.147048941787359
TRINITY_DN28287_c0_g1_i2.p1,-0.0851597932744337
TRINITY_DN2828_c2_g3_i3.p1,-1.65144528922522
TRINITY_DN2828_c2_g3_i4.p1,-0.337144791916472
TRINITY_DN2828_c2_g3_i5.p1,-0.0745548351255277
TRINITY_DN2828_c4_g1_i10.p2,-0.264340193055147
TRINITY_DN2828_c4_g1_i4.p1,0.88678199147673
TRINITY_DN2828_c4_g1_i5.p2,-0.480746222725173
TRINITY_DN2828_c4_g1_i8.p1,0.718364253027714
TRINITY_DN28299_c0_g1_i1.p2,1.42326826526435
TRINITY_DN28302_c1_g1_i1.p1,-0.120091443566731
TRINITY_DN28302_c1_g1_i2.p1,1.70684890705383
TRINITY_DN28302_c1_g1_i3.p1,-0.120088226471002
TRINITY_DN28311_c0_g1_i1.p2,0.671776511203469
TRINITY_DN28311_c0_g1_i2.p1,-0.217336369276906
TRINITY_DN28327_c2_g1_i1.p2,0.114070299805964
TRINITY_DN28332_c0_g1_i1.p1,0.040046924324624
TRINITY_DN28332_c0_g1_i2.p1,0.741840394986057
TRINITY_DN28332_c0_g1_i3.p1,1.47227805821963
TRINITY_DN28332_c1_g1_i1.p1,0.967741305090516
TRINITY_DN28350_c0_g1_i1.p2,-0.449727765730173
TRINITY_DN28369_c0_g1_i8.p1,-0.266660935909265
TRINITY_DN2836_c8_g1_i2.p1,0.710137757370342
TRINITY_DN28370_c0_g1_i1.p3,0.456993063205139
TRINITY_DN28375_c1_g1_i1.p1,0.70576140395425
TRINITY_DN2837_c2_g1_i4.p1,-0.237088217640703
TRINITY_DN2837_c2_g1_i5.p1,0.726820419170242
TRINITY_DN28385_c0_g1_i4.p1,-0.967388096920987
TRINITY_DN2842_c0_g1_i11.p1,0.961350450118306
TRINITY_DN2842_c0_g1_i7.p1,0.498952778294865
TRINITY_DN28433_c0_g1_i1.p1,-0.0791907744857568
TRINITY_DN28433_c0_g1_i2.p1,-0.120090639299076
TRINITY_DN28433_c0_g1_i4.p1,0.802662985586009
TRINITY_DN28433_c0_g1_i5.p1,-1.13622078254062
TRINITY_DN28433_c0_g1_i6.p1,-0.217396957675701
TRINITY_DN28433_c0_g1_i7.p1,-0.264341218981017
TRINITY_DN28452_c0_g1_i2.p1,0.763220694779752
TRINITY_DN28452_c0_g1_i5.p1,0.300800411811852
TRINITY_DN28452_c0_g1_i6.p1,-0.0744873923303395
TRINITY_DN28458_c0_g1_i6.p1,-0.596637043726703
TRINITY_DN2850_c0_g1_i3.p1,0.685126212947844
TRINITY_DN2852_c1_g1_i1.p1,-1.20235002724075
TRINITY_DN2852_c1_g1_i10.p1,-0.967118003338358
TRINITY_DN2852_c1_g1_i11.p1,1.53112885330995
TRINITY_DN28555_c1_g1_i11.p1,-2.07684999898883
TRINITY_DN2855_c2_g1_i1.p1,0.20236163250529
TRINITY_DN28577_c0_g2_i1.p1,0.490821384220622
TRINITY_DN28580_c0_g1_i12.p1,-0.938350476973479
TRINITY_DN28580_c0_g1_i14.p1,0.70050393290822
TRINITY_DN28580_c0_g1_i22.p1,0.499026764089698
TRINITY_DN28580_c0_g1_i30.p1,-0.553106685735346
TRINITY_DN28580_c0_g1_i31.p1,0.0963259701943149
TRINITY_DN2858_c0_g1_i6.p1,0.233571573419942
TRINITY_DN28590_c0_g1_i1.p1,-3.73396700123284
TRINITY_DN2859_c0_g1_i23.p1,0.456978079382932
TRINITY_DN2859_c0_g1_i37.p1,-0.00722246794987285
TRINITY_DN28601_c0_g1_i1.p1,0.527833166606241
TRINITY_DN28601_c0_g1_i2.p1,-0.928045103658524
TRINITY_DN2862_c0_g1_i2.p1,0.267700243060125
TRINITY_DN2864_c0_g1_i11.p1,-0.695904730542981
TRINITY_DN28658_c1_g1_i5.p1,0.264295357565835
TRINITY_DN28669_c0_g6_i1.p1,0.41230650592577
TRINITY_DN28712_c0_g1_i2.p1,1.26469188797715
TRINITY_DN28723_c0_g1_i1.p1,0.147076436716197
TRINITY_DN28723_c0_g1_i3.p1,1.90485157957758
TRINITY_DN28723_c0_g1_i5.p1,-0.636086264087165
TRINITY_DN28728_c0_g1_i1.p1,-0.561880141604287
TRINITY_DN28735_c0_g1_i1.p2,0.248843352810255
TRINITY_DN28760_c2_g1_i1.p2,-0.097961919733706
TRINITY_DN28760_c3_g1_i1.p2,-0.433698827969392
TRINITY_DN28777_c0_g1_i1.p1,-1.45106673151014
TRINITY_DN2877_c0_g2_i2.p1,-0.974701503109808
TRINITY_DN2877_c0_g2_i4.p1,0.678329361101032
TRINITY_DN2877_c2_g1_i1.p1,1.40589822807597
TRINITY_DN28783_c0_g2_i1.p1,-0.264341015024679
TRINITY_DN28790_c0_g2_i5.p1,0.456996586734182
TRINITY_DN28790_c0_g2_i8.p1,-0.04972854138981
TRINITY_DN287_c11_g1_i1.p2,0.289433260043539
TRINITY_DN287_c3_g2_i1.p1,1.36326535724913
TRINITY_DN287_c7_g1_i3.p2,-0.518763267409527
TRINITY_DN287_c7_g1_i8.p2,-0.170440524442763
TRINITY_DN28800_c0_g1_i10.p1,1.20286828162764
TRINITY_DN28800_c0_g1_i6.p1,0.0963269469609913
TRINITY_DN28800_c0_g1_i9.p1,0.773757495785258
TRINITY_DN28806_c0_g1_i1.p1,1.08916647417214
TRINITY_DN28816_c0_g1_i1.p1,1.84601905896991
TRINITY_DN28816_c0_g1_i2.p1,-1.16414670381241
TRINITY_DN28826_c0_g1_i5.p1,1.00034047499145
TRINITY_DN28830_c0_g1_i2.p1,0.0762038725152538
TRINITY_DN28864_c0_g1_i17.p1,0.0505291190073809
TRINITY_DN28864_c0_g1_i6.p1,1.43491777989324
TRINITY_DN2889_c0_g1_i4.p1,-0.00921035067450811
TRINITY_DN28901_c1_g2_i2.p1,-1.95286280993586
TRINITY_DN28901_c1_g2_i3.p1,-0.480743005629443
TRINITY_DN28901_c2_g1_i1.p1,-0.457163556616975
TRINITY_DN2890_c0_g3_i2.p1,1.93142893044179
TRINITY_DN2892_c0_g1_i10.p1,-2.38827429724067
TRINITY_DN2892_c0_g2_i2.p1,-0.17463173842705
TRINITY_DN28942_c0_g1_i1.p2,-0.313793674293188
TRINITY_DN28942_c0_g1_i4.p1,-0.756684558443302
TRINITY_DN28942_c0_g1_i5.p1,0.456981296478662
TRINITY_DN28960_c0_g1_i6.p1,-0.464778292280563
TRINITY_DN2896_c0_g1_i2.p1,-0.958496015182604
TRINITY_DN28975_c0_g1_i4.p3,0.367616167443367
TRINITY_DN29012_c0_g1_i1.p1,-0.758735945174593
TRINITY_DN29078_c0_g1_i1.p1,1.08949176243838
TRINITY_DN29078_c0_g1_i2.p1,0.727858339133657
TRINITY_DN29078_c0_g1_i3.p1,-0.947455619652247
TRINITY_DN29097_c0_g1_i19.p2,-0.480752463002237
TRINITY_DN29097_c0_g1_i40.p1,-1.20234689566444
TRINITY_DN29097_c0_g1_i51.p1,0.0963245821346411
TRINITY_DN29097_c0_g1_i52.p1,-2.6009889727259
TRINITY_DN29097_c0_g1_i64.p1,0.186759871753456
TRINITY_DN29116_c0_g1_i1.p2,0.520293409710039
TRINITY_DN29135_c0_g1_i1.p2,0.560006298011798
TRINITY_DN29140_c1_g1_i1.p1,0.328187366654115
TRINITY_DN29140_c1_g1_i2.p1,-0.206562702418649
TRINITY_DN29157_c0_g2_i1.p1,-0.162685645336167
TRINITY_DN29157_c0_g2_i3.p1,-0.919525359015263
TRINITY_DN29157_c0_g2_i6.p1,-0.853445780682557
TRINITY_DN29161_c0_g1_i1.p1,0.0474265285213754
TRINITY_DN29161_c0_g1_i3.p1,-1.51985403280619
TRINITY_DN29165_c0_g1_i12.p1,-0.841411271047194
TRINITY_DN29165_c0_g1_i5.p1,-0.595524234978595
TRINITY_DN2917_c4_g1_i2.p1,0.978370157131518
TRINITY_DN29182_c0_g1_i3.p1,0.722716224482965
TRINITY_DN29220_c2_g2_i1.p2,0.000813833173335089
TRINITY_DN29224_c0_g1_i5.p1,0.137127076592097
TRINITY_DN29224_c0_g2_i1.p1,-0.122402564293824
TRINITY_DN29224_c1_g1_i1.p1,0.0982354129592622
TRINITY_DN2923_c4_g1_i4.p1,-1.17696974317005
TRINITY_DN29243_c0_g1_i2.p1,-1.06551787968678
TRINITY_DN29247_c1_g1_i1.p1,0.93594372143268
TRINITY_DN29251_c0_g1_i13.p1,-1.50308951940556
TRINITY_DN29251_c0_g1_i15.p1,-2.53634987692756
TRINITY_DN29251_c0_g1_i16.p1,-0.480749408003591
TRINITY_DN29251_c0_g1_i2.p1,1.78936200627318
TRINITY_DN29290_c0_g1_i1.p1,2.95202059837512
TRINITY_DN29294_c1_g1_i11.p1,-0.268231784004445
TRINITY_DN29294_c1_g1_i24.p1,-0.483388058857936
TRINITY_DN2929_c0_g1_i1.p1,-0.120090639299077
TRINITY_DN2929_c0_g1_i2.p1,0.505922422925995
TRINITY_DN2929_c0_g1_i3.p1,-0.0509670579939281
TRINITY_DN2929_c0_g1_i5.p1,-0.480749978768665
TRINITY_DN29313_c0_g2_i2.p1,0.247938294669265
TRINITY_DN29322_c0_g1_i1.p1,-0.0735064076838561
TRINITY_DN29322_c0_g1_i3.p1,0.456975666554858
TRINITY_DN29322_c0_g1_i4.p1,-0.593553959315783
TRINITY_DN29325_c0_g4_i1.p1,0.0314696448302965
TRINITY_DN29377_c0_g1_i3.p1,0.0963227278825804
TRINITY_DN2937_c0_g1_i1.p1,-1.01721156421396
TRINITY_DN2937_c0_g1_i11.p1,0.727941331003036
TRINITY_DN2937_c0_g1_i17.p1,0.113382024996653
TRINITY_DN2937_c0_g1_i2.p1,-0.00127240431006216
TRINITY_DN2937_c0_g1_i23.p1,-1.00456018817923
TRINITY_DN2937_c0_g1_i27.p1,0.892153926461834
TRINITY_DN2937_c0_g1_i34.p1,-2.68171330369334
TRINITY_DN2937_c0_g1_i39.p1,0.602497761458846
TRINITY_DN2937_c0_g1_i8.p1,-0.476948719769575
TRINITY_DN2937_c0_g1_i9.p1,0.0963292275779158
TRINITY_DN29387_c6_g1_i1.p1,-1.0240678333854
TRINITY_DN29407_c0_g1_i1.p1,-0.858334632919548
TRINITY_DN29407_c0_g1_i2.p1,0.261218081571627
TRINITY_DN29407_c0_g1_i4.p1,1.14739466961714
TRINITY_DN29418_c0_g1_i3.p1,-0.36486918487505
TRINITY_DN29418_c0_g1_i6.p1,-0.0888288655276656
TRINITY_DN2943_c0_g2_i7.p1,-0.934851952101564
TRINITY_DN29454_c0_g1_i5.p1,-0.338637383498163
TRINITY_DN29454_c0_g1_i7.p1,-0.310922035679199
TRINITY_DN2945_c0_g1_i17.p1,-0.941792953114138
TRINITY_DN2945_c0_g1_i27.p1,0.250883435909979
TRINITY_DN2945_c0_g1_i3.p1,1.23597389036844
TRINITY_DN2945_c0_g1_i35.p1,-1.69193458602706
TRINITY_DN2945_c0_g1_i43.p1,-0.907900471100473
TRINITY_DN2945_c0_g1_i6.p1,1.07398248893384
TRINITY_DN29472_c0_g1_i2.p1,0.0963233002244912
TRINITY_DN29472_c0_g1_i4.p1,0.427038117584825
TRINITY_DN29483_c0_g1_i2.p1,1.16965643872269
TRINITY_DN29489_c0_g1_i1.p1,-1.20184664233023
TRINITY_DN29489_c0_g1_i12.p1,-1.47959256650846
TRINITY_DN29489_c0_g1_i4.p1,-1.07233904447477
TRINITY_DN2950_c0_g1_i3.p1,1.04339578779094
TRINITY_DN2950_c0_g1_i5.p1,0.462485541472085
TRINITY_DN2950_c0_g3_i1.p1,-0.877790739697586
TRINITY_DN29523_c0_g1_i1.p1,0.239035133271483
TRINITY_DN29527_c0_g1_i1.p1,-0.937154384804607
TRINITY_DN29543_c0_g1_i7.p1,0.369017050918466
TRINITY_DN29543_c0_g2_i1.p1,1.39823887545037
TRINITY_DN29548_c0_g1_i2.p1,-0.168972661768395
TRINITY_DN29615_c0_g1_i1.p1,0.482721513906148
TRINITY_DN29615_c0_g1_i3.p1,-0.239953033593807
TRINITY_DN29633_c4_g1_i1.p2,-0.0242367789257803
TRINITY_DN29637_c0_g1_i1.p1,-0.859000301972232
TRINITY_DN29637_c0_g1_i3.p1,0.130848891343632
TRINITY_DN2964_c1_g1_i3.p1,0.799353401789572
TRINITY_DN29663_c0_g2_i1.p1,0.360233852500582
TRINITY_DN29674_c0_g4_i3.p1,0.337610298663793
TRINITY_DN29683_c0_g1_i5.p1,-0.197754171213441
TRINITY_DN29704_c0_g1_i1.p1,0.00174802917409966
TRINITY_DN2973_c0_g1_i1.p1,1.08843792175117
TRINITY_DN2973_c0_g1_i2.p1,1.08311448124321
TRINITY_DN2973_c0_g1_i4.p1,-0.943421920996619
TRINITY_DN2973_c0_g1_i5.p1,-2.20466624973501
TRINITY_DN2976_c0_g1_i11.p1,1.32200289315229
TRINITY_DN2976_c0_g1_i4.p1,-0.899402034002509
TRINITY_DN2976_c0_g1_i9.p1,0.231643780085077
TRINITY_DN2977_c0_g1_i1.p1,0.154682935181994
TRINITY_DN2977_c0_g1_i11.p1,0.727221829195912
TRINITY_DN29783_c0_g1_i1.p1,0.304301601697599
TRINITY_DN29801_c0_g1_i2.p1,0.14907054936116
TRINITY_DN2980_c0_g4_i1.p2,0.00840758764866055
TRINITY_DN29835_c0_g2_i1.p1,0.57097418394801
TRINITY_DN2983_c7_g2_i1.p1,0.141184911709643
TRINITY_DN2986_c0_g1_i11.p1,-0.150599739396549
TRINITY_DN2986_c0_g1_i4.p1,-2.06452523685564
TRINITY_DN29910_c1_g1_i2.p1,-0.841416379632102
TRINITY_DN29910_c1_g1_i4.p1,0.0315787736582994
TRINITY_DN29913_c0_g2_i1.p1,1.15049272792172
TRINITY_DN29913_c0_g2_i13.p1,0.137757263297672
TRINITY_DN29913_c0_g2_i3.p1,0.234878719964173
TRINITY_DN29916_c0_g1_i2.p1,-0.0971445661246045
TRINITY_DN29916_c1_g1_i1.p1,0.484227320035104
TRINITY_DN29921_c0_g1_i5.p1,-0.736255419995839
TRINITY_DN29931_c0_g1_i1.p1,0.516080440176456
TRINITY_DN2994_c0_g1_i6.p1,0.573554818185253
TRINITY_DN2_c1_g1_i25.p1,-1.64642081933383
TRINITY_DN2_c1_g1_i3.p1,-0.120097073490535
TRINITY_DN2_c1_g1_i44.p1,-0.0228050635623046
TRINITY_DN2_c1_g1_i46.p1,1.14932039666816
TRINITY_DN2_c1_g1_i47.p1,0.0544867392963368
TRINITY_DN2_c1_g1_i54.p1,-0.136278193731583
TRINITY_DN2_c1_g1_i7.p1,-1.31511153082634
TRINITY_DN3002_c0_g1_i63.p1,-0.464273668241243
TRINITY_DN3002_c0_g1_i72.p1,0.323507793128193
TRINITY_DN3003_c0_g2_i1.p1,-0.180549011255388
TRINITY_DN3003_c3_g1_i4.p1,-2.14383049534252
TRINITY_DN30059_c0_g1_i5.p1,-0.316355476153891
TRINITY_DN30059_c0_g1_i6.p1,1.52009785735472
TRINITY_DN30071_c0_g1_i2.p1,0.0431467912368559
TRINITY_DN30084_c2_g1_i1.p1,-1.19854067533329
TRINITY_DN30090_c0_g1_i1.p1,0.234065871045433
TRINITY_DN30113_c0_g1_i19.p1,1.31434196250879
TRINITY_DN30113_c0_g1_i7.p1,-1.94572211656817
TRINITY_DN30116_c0_g1_i3.p1,1.02391829150339
TRINITY_DN30116_c0_g1_i4.p1,1.26846231853915
TRINITY_DN30129_c0_g1_i1.p1,1.99240303747683
TRINITY_DN3012_c0_g1_i2.p1,-1.2502947406791
TRINITY_DN3012_c0_g1_i7.p1,0.814077296012211
TRINITY_DN30133_c0_g4_i1.p1,0.177102677766217
TRINITY_DN30136_c0_g1_i4.p1,0.723762161460428
TRINITY_DN3013_c0_g2_i7.p1,-1.08821903808178
TRINITY_DN30142_c2_g1_i1.p1,0.29382216117872
TRINITY_DN30142_c2_g1_i3.p1,0.351426873103908
TRINITY_DN30142_c3_g1_i1.p1,-0.271110567747416
TRINITY_DN3014_c0_g2_i3.p1,0.860381916805218
TRINITY_DN30153_c3_g1_i1.p2,-0.0586331027706767
TRINITY_DN30154_c0_g1_i1.p1,-0.120091041432904
TRINITY_DN30154_c0_g1_i2.p1,-0.0247767543100687
TRINITY_DN30161_c0_g3_i1.p1,-0.189316137025051
TRINITY_DN30161_c0_g3_i2.p2,-0.997497642599137
TRINITY_DN3017_c0_g1_i1.p1,-0.739629310379305
TRINITY_DN30180_c0_g1_i1.p1,-1.1138235433739
TRINITY_DN30180_c0_g1_i2.p1,-0.804585872798979
TRINITY_DN30182_c0_g1_i6.p1,-0.0239458208882418
TRINITY_DN30182_c0_g1_i8.p1,-2.11582031320452
TRINITY_DN3020_c1_g2_i3.p1,0.277835666060125
TRINITY_DN3020_c1_g2_i4.p1,-0.120094259005256
TRINITY_DN3021_c0_g1_i10.p1,-2.71120344596864
TRINITY_DN3021_c0_g1_i7.p1,-2.20221969129768
TRINITY_DN3021_c0_g1_i9.p1,0.400438356667254
TRINITY_DN30225_c0_g1_i18.p1,2.15832513000625
TRINITY_DN30225_c0_g1_i2.p1,0.639128110119348
TRINITY_DN30225_c0_g1_i23.p1,0.266262672208151
TRINITY_DN30232_c0_g2_i13.p1,0.546162337452475
TRINITY_DN30237_c1_g1_i1.p1,0.428758797080163
TRINITY_DN30261_c0_g1_i1.p1,-1.41382674087779
TRINITY_DN3026_c0_g2_i1.p1,2.55306348614654
TRINITY_DN3026_c0_g2_i11.p1,-1.15526833974798
TRINITY_DN30286_c0_g6_i1.p1,-0.496444695940204
TRINITY_DN30291_c0_g1_i1.p1,0.651514910193844
TRINITY_DN30312_c0_g2_i10.p1,-1.20234689566444
TRINITY_DN30312_c0_g2_i11.p1,0.0307667598598696
TRINITY_DN30312_c0_g2_i3.p1,1.22259058033894
TRINITY_DN30312_c0_g2_i6.p1,0.749573085276088
TRINITY_DN30312_c0_g2_i7.p1,0.884353232406459
TRINITY_DN30312_c0_g2_i8.p1,0.39414780434798
TRINITY_DN30330_c0_g1_i1.p1,-0.625248253168275
TRINITY_DN30344_c0_g1_i1.p1,0.0339442889840366
TRINITY_DN30344_c0_g1_i10.p1,-0.480748039632047
TRINITY_DN30344_c0_g1_i13.p1,-1.89565513679434
TRINITY_DN30344_c0_g1_i4.p1,0.259658004907673
TRINITY_DN30344_c0_g1_i6.p1,-0.454640555134303
TRINITY_DN3035_c8_g1_i1.p1,0.704704656462205
TRINITY_DN30362_c1_g3_i1.p1,0.943496650407498
TRINITY_DN3036_c0_g1_i16.p1,-0.401717520660002
TRINITY_DN3036_c0_g1_i24.p1,-0.846865308039315
TRINITY_DN3036_c0_g1_i6.p1,0.119345421994846
TRINITY_DN3038_c0_g1_i37.p2,0.257813968449828
TRINITY_DN3038_c0_g1_i6.p2,-1.43074554397391
TRINITY_DN3039_c0_g1_i8.p1,-0.343962585306104
TRINITY_DN3039_c1_g1_i4.p1,-0.0919401806149162
TRINITY_DN3039_c1_g1_i5.p1,-0.281201688188332
TRINITY_DN303_c0_g1_i10.p1,1.18171086584605
TRINITY_DN303_c0_g1_i8.p1,2.43592767941835
TRINITY_DN3042_c2_g1_i1.p1,-0.0344014595371582
TRINITY_DN30441_c0_g1_i1.p1,0.0740855186832584
TRINITY_DN30441_c0_g1_i6.p1,-1.50083350231354
TRINITY_DN30461_c0_g1_i2.p1,-0.172067038985278
TRINITY_DN30470_c0_g1_i1.p1,-0.908007371543772
TRINITY_DN30470_c0_g1_i6.p1,-0.468633884087235
TRINITY_DN30484_c0_g2_i2.p1,1.17087179156645
TRINITY_DN30486_c0_g1_i1.p1,1.85109177994572
TRINITY_DN30490_c0_g1_i10.p1,-1.65247569540766
TRINITY_DN30490_c0_g1_i13.p1,1.05598017345665
TRINITY_DN30490_c0_g1_i6.p1,-0.864949801463005
TRINITY_DN30490_c0_g1_i7.p1,-1.65135653742751
TRINITY_DN3049_c4_g1_i1.p1,0.679825424171401
TRINITY_DN30503_c0_g1_i1.p1,-0.497735426326594
TRINITY_DN30503_c0_g1_i2.p1,-1.46017171978979
TRINITY_DN3050_c0_g1_i3.p1,0.909300470164898
TRINITY_DN3050_c0_g1_i5.p1,1.52334681101576
TRINITY_DN3050_c0_g1_i6.p1,-0.501523365764218
TRINITY_DN30510_c0_g1_i3.p2,-0.120087824337174
TRINITY_DN30511_c1_g1_i20.p1,0.71226462991399
TRINITY_DN30511_c1_g1_i23.p1,0.0571389891012527
TRINITY_DN30511_c1_g1_i27.p1,-1.30394512643407
TRINITY_DN30511_c1_g1_i31.p1,0.998111005505659
TRINITY_DN30517_c0_g1_i3.p1,-0.881938520470103
TRINITY_DN30568_c0_g2_i1.p1,-0.624809690018112
TRINITY_DN30568_c0_g2_i2.p1,-0.137850993155089
TRINITY_DN30577_c0_g1_i8.p1,-0.203976957584699
TRINITY_DN30586_c0_g1_i16.p1,-0.94989023787284
TRINITY_DN3058_c0_g1_i13.p1,-0.480743005629444
TRINITY_DN3058_c0_g1_i14.p1,0.762976449915297
TRINITY_DN3058_c0_g1_i15.p1,1.61278538603134
TRINITY_DN3058_c0_g1_i16.p1,0.871692867066227
TRINITY_DN3058_c0_g1_i32.p1,1.92749387333775
TRINITY_DN3058_c0_g1_i39.p1,2.07746469215725
TRINITY_DN3058_c0_g1_i41.p1,-0.120087755956583
TRINITY_DN3058_c0_g1_i7.p1,1.28081289820078
TRINITY_DN3062_c0_g1_i17.p1,2.24365932941777
TRINITY_DN3062_c0_g1_i4.p1,0.699495136705912
TRINITY_DN3062_c0_g1_i7.p1,1.20434048826967
TRINITY_DN3062_c0_g1_i9.p1,-1.02015249761577
TRINITY_DN30645_c0_g1_i1.p2,1.09158893169567
TRINITY_DN30689_c4_g1_i1.p1,0.920456828402503
TRINITY_DN30721_c0_g1_i1.p1,-0.443500407125472
TRINITY_DN30733_c0_g1_i2.p1,0.737797772305117
TRINITY_DN30733_c0_g1_i3.p1,-0.120091443566731
TRINITY_DN3074_c2_g1_i2.p1,-0.0692460036103177
TRINITY_DN30757_c0_g1_i1.p1,0.139115454407611
TRINITY_DN3075_c5_g1_i10.p1,0.290603826387185
TRINITY_DN3075_c5_g1_i6.p1,-0.326817268785411
TRINITY_DN3075_c5_g1_i7.p1,0.141476631000885
TRINITY_DN3076_c0_g1_i8.p1,0.101332799694532
TRINITY_DN3081_c0_g1_i13.p1,-1.80647923562642
TRINITY_DN3081_c0_g1_i2.p1,0.491759079301342
TRINITY_DN3081_c0_g1_i4.p1,-1.39707967073836
TRINITY_DN30853_c0_g1_i2.p1,-3.38954208925724
TRINITY_DN3085_c0_g1_i8.p1,0.0893352272765973
TRINITY_DN30871_c0_g1_i10.p1,-0.349718600553815
TRINITY_DN30871_c0_g1_i11.p1,1.11409219802566
TRINITY_DN30871_c0_g1_i6.p1,-0.969360688956623
TRINITY_DN30871_c0_g1_i7.p1,2.71020304214259
TRINITY_DN3087_c0_g4_i1.p1,0.187165067488565
TRINITY_DN30883_c0_g1_i4.p1,-2.40075832077555
TRINITY_DN30883_c0_g1_i6.p1,-0.152525333054926
TRINITY_DN308_c0_g1_i3.p1,0.71486504587383
TRINITY_DN308_c0_g1_i4.p1,-3.19771150444953
TRINITY_DN3091_c1_g1_i1.p1,-0.215979396720805
TRINITY_DN3091_c1_g1_i2.p1,1.08949497952476
TRINITY_DN30921_c0_g1_i4.p1,0.461436093296661
TRINITY_DN3094_c0_g1_i1.p1,0.591678258890534
TRINITY_DN3094_c0_g1_i12.p1,-0.519894868605621
TRINITY_DN3094_c0_g1_i15.p1,1.49404481822092
TRINITY_DN3094_c0_g1_i16.p1,0.829192621043933
TRINITY_DN3094_c0_g1_i4.p1,0.456986528436932
TRINITY_DN3094_c0_g1_i6.p1,0.696276959672364
TRINITY_DN3094_c0_g1_i9.p1,-1.41097262776318
TRINITY_DN30958_c0_g1_i4.p1,-1.2230089923993
TRINITY_DN30975_c1_g1_i1.p1,1.26712288897094
TRINITY_DN3097_c0_g1_i1.p1,-1.34689700167822
TRINITY_DN3097_c0_g1_i10.p1,0.503996321992408
TRINITY_DN3097_c0_g1_i5.p1,-0.986248430282414
TRINITY_DN30992_c0_g1_i2.p1,0.360079822156406
TRINITY_DN31003_c0_g1_i1.p1,0.18055885060204
TRINITY_DN31022_c1_g2_i12.p1,-0.480743005629443
TRINITY_DN31022_c1_g2_i5.p1,-0.398490663613317
TRINITY_DN3104_c0_g1_i1.p1,0.319023446013085
TRINITY_DN3104_c0_g1_i2.p1,-0.842124141370824
TRINITY_DN31066_c0_g1_i1.p1,0.455414730977749
TRINITY_DN3106_c0_g1_i1.p1,1.11257844724945
TRINITY_DN31090_c0_g1_i1.p1,1.86267868546098
TRINITY_DN3109_c0_g1_i16.p1,0.530835844939548
TRINITY_DN3109_c0_g1_i19.p1,0.16690857575889
TRINITY_DN3109_c0_g1_i23.p1,0.141895977409599
TRINITY_DN3109_c0_g1_i5.p1,0.0905723495542974
TRINITY_DN31105_c0_g1_i3.p1,0.302154651931816
TRINITY_DN31109_c0_g3_i1.p1,-0.689095152856858
TRINITY_DN31109_c0_g4_i1.p1,0.154666528390795
TRINITY_DN3112_c0_g1_i3.p1,-0.52064853567083
TRINITY_DN3112_c0_g1_i6.p1,-0.950607987029812
TRINITY_DN31130_c0_g2_i1.p1,-0.196315446190894
TRINITY_DN31132_c0_g1_i1.p1,-1.86019487282152
TRINITY_DN3113_c0_g1_i1.p1,0.0609601420204642
TRINITY_DN3113_c2_g1_i6.p1,0.211658043367061
TRINITY_DN3113_c5_g1_i1.p2,0.244548780735331
TRINITY_DN31146_c0_g1_i3.p1,2.12392530948856
TRINITY_DN31146_c0_g1_i6.p1,-0.402705377340476
TRINITY_DN31169_c0_g1_i2.p1,0.29739925144113
TRINITY_DN31173_c0_g1_i2.p1,-1.26087598230876
TRINITY_DN31175_c0_g1_i2.p1,-0.862757378617587
TRINITY_DN31175_c0_g1_i3.p1,-0.841412875227873
TRINITY_DN31175_c0_g1_i4.p1,0.456976006657636
TRINITY_DN31178_c0_g1_i1.p1,0.383512866339028
TRINITY_DN31178_c0_g1_i6.p1,-0.105876320922388
TRINITY_DN31178_c0_g2_i1.p1,-0.431588985654788
TRINITY_DN31179_c1_g1_i1.p1,-0.0226438661262343
TRINITY_DN3117_c0_g2_i14.p1,-0.169051621720941
TRINITY_DN3117_c0_g2_i18.p2,-0.31007808242495
TRINITY_DN31185_c0_g1_i2.p1,0.69450558123944
TRINITY_DN31194_c0_g1_i1.p1,-1.38393602049955
TRINITY_DN31196_c0_g1_i1.p1,0.763375574122727
TRINITY_DN31196_c0_g1_i2.p1,-0.0222079717937172
TRINITY_DN31207_c0_g1_i1.p2,0.204093112657092
TRINITY_DN31238_c0_g1_i10.p1,0.688184468631284
TRINITY_DN31238_c0_g1_i3.p1,-0.617964538176992
TRINITY_DN31238_c0_g1_i5.p1,-1.85203634699776
TRINITY_DN31238_c0_g1_i6.p1,-0.264334696029681
TRINITY_DN3123_c0_g1_i9.p1,0.191360579722277
TRINITY_DN3123_c1_g1_i1.p1,0.247708692511755
TRINITY_DN3123_c1_g1_i3.p1,0.360198443750724
TRINITY_DN31241_c1_g1_i1.p1,-0.167694692306517
TRINITY_DN31248_c0_g2_i3.p1,0.607213722732106
TRINITY_DN31294_c1_g1_i1.p1,0.704618645559961
TRINITY_DN3129_c0_g1_i18.p1,0.45697526442103
TRINITY_DN3129_c0_g1_i19.p1,-1.38264992102834
TRINITY_DN3129_c0_g1_i52.p1,-1.05356059992452
TRINITY_DN3129_c0_g1_i6.p1,-0.467054837519768
TRINITY_DN3129_c0_g1_i61.p1,-0.120091443566731
TRINITY_DN3129_c0_g1_i63.p1,-1.08493010699267
TRINITY_DN3129_c0_g1_i66.p1,0.0760971258202888
TRINITY_DN3129_c0_g1_i74.p1,0.282969898095962
TRINITY_DN3131_c0_g1_i1.p1,0.456981296478662
TRINITY_DN3131_c0_g1_i2.p1,-0.358260655403178
TRINITY_DN31376_c0_g1_i2.p1,-0.723886989805669
TRINITY_DN31389_c0_g1_i2.p1,-0.809382325628942
TRINITY_DN31389_c1_g1_i1.p1,0.142678056281332
TRINITY_DN31392_c0_g2_i1.p1,2.56256813720597
TRINITY_DN31392_c0_g2_i4.p1,2.13349568640854
TRINITY_DN3146_c0_g1_i9.p1,0.58964269188591
TRINITY_DN3146_c1_g1_i4.p1,0.0765478258950172
TRINITY_DN3146_c4_g1_i16.p2,-0.578193770277367
TRINITY_DN3146_c4_g1_i5.p1,0.343498774574118
TRINITY_DN3149_c0_g1_i10.p1,0.385256079166733
TRINITY_DN3149_c0_g1_i24.p1,1.39361775997215
TRINITY_DN3149_c0_g1_i31.p1,0.76414334792574
TRINITY_DN31536_c0_g1_i2.p1,-0.219977807121811
TRINITY_DN31558_c0_g1_i1.p1,0.500031388881474
TRINITY_DN31589_c0_g1_i1.p1,0.847667731571682
TRINITY_DN31603_c0_g1_i2.p1,-0.397317508579369
TRINITY_DN31603_c0_g1_i4.p1,-0.328550986201273
TRINITY_DN3160_c1_g1_i11.p1,-0.624321175014115
TRINITY_DN3162_c3_g1_i1.p1,1.05725871711781
TRINITY_DN31662_c0_g1_i1.p1,0.00412230129744083
TRINITY_DN31675_c0_g1_i1.p1,0.06915507853021
TRINITY_DN31675_c0_g1_i3.p1,-1.20235013290821
TRINITY_DN31685_c1_g3_i1.p1,0.386259578977198
TRINITY_DN31685_c2_g1_i1.p1,0.362668094558064
TRINITY_DN31697_c0_g1_i3.p1,-0.120087824337175
TRINITY_DN31706_c1_g1_i4.p1,-0.480765214328568
TRINITY_DN31714_c0_g1_i1.p1,-0.625152992337313
TRINITY_DN31753_c0_g1_i4.p1,0.410286917485716
TRINITY_DN31758_c5_g1_i1.p1,-1.51432714961398
TRINITY_DN318_c9_g2_i3.p1,0.802665695923816
TRINITY_DN31950_c0_g1_i1.p1,-0.609079889599919
TRINITY_DN31950_c0_g1_i2.p1,0.236775277459412
TRINITY_DN31957_c0_g1_i1.p1,-1.37419840812917
TRINITY_DN31967_c0_g1_i2.p1,0.437346724290559
TRINITY_DN3196_c1_g1_i2.p1,0.0963301269560617
TRINITY_DN31975_c0_g1_i2.p1,-0.593350729112966
TRINITY_DN31989_c1_g1_i1.p1,-1.58159138510523
TRINITY_DN31_c0_g2_i2.p1,0.600455037400567
TRINITY_DN31_c0_g2_i3.p1,0.871792276774506
TRINITY_DN32006_c0_g1_i1.p1,1.40374175280908
TRINITY_DN3200_c0_g1_i17.p1,1.05786540003463
TRINITY_DN3200_c0_g1_i3.p1,0.0144024135896237
TRINITY_DN3200_c0_g1_i6.p1,0.0963291649927649
TRINITY_DN3200_c0_g1_i9.p1,0.845340064066603
TRINITY_DN32038_c0_g1_i1.p1,-0.132882657181038
TRINITY_DN32063_c0_g1_i1.p1,-2.24514097720433
TRINITY_DN32063_c0_g1_i2.p1,-1.53711745100673
TRINITY_DN32063_c0_g1_i4.p1,-0.569695909583991
TRINITY_DN32076_c0_g1_i11.p1,-0.47551641857096
TRINITY_DN32076_c0_g1_i5.p1,-1.45879118382521
TRINITY_DN3209_c0_g1_i3.p1,0.84135481946856
TRINITY_DN32106_c0_g1_i2.p1,0.170064509465497
TRINITY_DN3211_c0_g1_i3.p1,-0.0294996560430143
TRINITY_DN3211_c0_g1_i7.p1,0.745541520315914
TRINITY_DN3212_c0_g1_i6.p1,-0.0867555400546153
TRINITY_DN32153_c0_g1_i13.p1,0.096320862104084
TRINITY_DN32153_c0_g1_i26.p1,-1.10494858876537
TRINITY_DN32174_c0_g1_i13.p1,-0.841401001883615
TRINITY_DN32174_c0_g1_i4.p1,-2.11699940781215
TRINITY_DN32180_c0_g1_i3.p1,1.69362791386013
TRINITY_DN32180_c0_g1_i5.p1,-2.20930685546334
TRINITY_DN32207_c0_g1_i2.p1,-1.16096804237512
TRINITY_DN32222_c0_g1_i2.p1,-2.10292029235001
TRINITY_DN32222_c0_g1_i3.p1,-1.09061784248423
TRINITY_DN32226_c0_g1_i1.p1,-0.772305587140642
TRINITY_DN3224_c0_g1_i6.p1,-1.64172245695121
TRINITY_DN32250_c0_g1_i2.p1,-0.264339858785383
TRINITY_DN32250_c0_g1_i3.p1,0.590824340912578
TRINITY_DN32250_c0_g1_i4.p1,1.08403412856351
TRINITY_DN32272_c0_g1_i1.p1,0.944016619178784
TRINITY_DN32296_c0_g1_i4.p1,-0.110925664927582
TRINITY_DN32296_c0_g1_i5.p1,-0.180290893322318
TRINITY_DN32296_c0_g1_i6.p1,0.372851579741912
TRINITY_DN32296_c0_g2_i1.p1,-1.55931020914382
TRINITY_DN32299_c3_g1_i18.p1,0.686780054584747
TRINITY_DN322_c1_g1_i52.p1,-0.0211347682714582
TRINITY_DN3230_c0_g1_i1.p1,1.10587336936396
TRINITY_DN32310_c0_g1_i3.p1,1.80930522305913
TRINITY_DN32316_c0_g1_i1.p1,0.437948951614691
TRINITY_DN3231_c0_g1_i10.p1,0.503559876714038
TRINITY_DN3231_c0_g1_i14.p1,0.11478269017522
TRINITY_DN3231_c0_g1_i22.p1,-0.0784787382519046
TRINITY_DN3231_c0_g1_i32.p1,-2.75508438867013
TRINITY_DN3231_c0_g1_i33.p1,1.1636571683521
TRINITY_DN3231_c0_g1_i37.p1,0.560623272504068
TRINITY_DN3231_c0_g1_i52.p1,-1.20426640931865
TRINITY_DN32363_c5_g1_i4.p1,0.827605676870173
TRINITY_DN32363_c5_g1_i9.p1,-0.841406631807418
TRINITY_DN32374_c0_g3_i1.p1,0.478120936937277
TRINITY_DN32394_c1_g1_i1.p1,-0.484152367749178
TRINITY_DN32429_c0_g1_i2.p1,0.412167249530506
TRINITY_DN32445_c1_g2_i5.p1,0.0963239955986178
TRINITY_DN3244_c1_g2_i2.p1,-0.986536943076856
TRINITY_DN32477_c0_g1_i2.p1,-2.47006122631884
TRINITY_DN324_c0_g1_i1.p1,-0.80960082767608
TRINITY_DN324_c1_g1_i2.p1,0.364472228476778
TRINITY_DN324_c4_g2_i1.p1,-0.163915783079856
TRINITY_DN32538_c0_g1_i1.p1,-1.16216472067662
TRINITY_DN32564_c1_g1_i14.p2,-0.856906919794514
TRINITY_DN32564_c1_g1_i19.p1,-0.513380420075245
TRINITY_DN32570_c2_g3_i2.p1,-1.29777948364898
TRINITY_DN32571_c1_g3_i2.p1,1.45177540464035
TRINITY_DN32589_c0_g1_i7.p1,2.27632084871017
TRINITY_DN32613_c0_g1_i1.p1,-0.797483638512342
TRINITY_DN32616_c0_g3_i1.p1,0.109418910588488
TRINITY_DN3261_c0_g1_i14.p1,-0.255139873432022
TRINITY_DN32631_c0_g1_i1.p2,-0.134578475878944
TRINITY_DN32641_c0_g1_i11.p1,-0.157267508015453
TRINITY_DN32641_c0_g1_i6.p1,-0.00775603497283928
TRINITY_DN32644_c0_g2_i1.p1,0.704059492556027
TRINITY_DN32659_c0_g1_i1.p1,0.348672940233826
TRINITY_DN32705_c3_g1_i1.p1,-0.000442636610968225
TRINITY_DN32708_c3_g2_i1.p1,0.0440449284572193
TRINITY_DN32708_c3_g4_i1.p1,1.28460181537855
TRINITY_DN32736_c0_g1_i2.p2,1.0019649959762
TRINITY_DN3274_c0_g1_i11.p1,-0.975982562289674
TRINITY_DN3274_c0_g1_i16.p1,-0.610937059068361
TRINITY_DN3274_c0_g1_i2.p1,-1.47941315695427
TRINITY_DN3274_c0_g1_i4.p1,-0.598830496515588
TRINITY_DN32752_c0_g1_i1.p1,-0.709941259602321
TRINITY_DN32757_c0_g1_i2.p1,-0.610113817775296
TRINITY_DN32757_c0_g1_i3.p1,-0.120101202189024
TRINITY_DN3275_c18_g1_i2.p1,-0.152738749027782
TRINITY_DN3275_c3_g2_i1.p1,-1.27441964929955
TRINITY_DN3275_c3_g2_i2.p1,-0.841401001883615
TRINITY_DN32763_c0_g1_i4.p1,1.89726847205852
TRINITY_DN32779_c0_g1_i2.p1,0.748590239282617
TRINITY_DN32779_c0_g1_i3.p1,-0.57920987260537
TRINITY_DN32803_c0_g1_i2.p1,0.743049868331091
TRINITY_DN32812_c0_g1_i1.p1,-0.624889755443346
TRINITY_DN3282_c1_g2_i1.p2,0.987569354660606
TRINITY_DN3282_c3_g1_i1.p1,-0.229973758570653
TRINITY_DN3282_c4_g1_i1.p2,-1.25949207981847
TRINITY_DN3282_c9_g1_i1.p1,1.19597787731528
TRINITY_DN32833_c0_g1_i3.p1,-0.808697506828769
TRINITY_DN3283_c1_g1_i2.p1,1.55576958455362
TRINITY_DN3283_c1_g1_i5.p1,0.566724083888448
TRINITY_DN32856_c0_g1_i17.p1,-0.120094431787481
TRINITY_DN32856_c0_g1_i20.p1,2.58795982504425
TRINITY_DN32856_c0_g1_i6.p1,1.8285646070582
TRINITY_DN32864_c0_g1_i1.p1,-0.0201412496785724
TRINITY_DN32872_c0_g1_i2.p1,0.171609520864085
TRINITY_DN3288_c0_g1_i15.p1,-0.777735617141356
TRINITY_DN3288_c0_g1_i9.p1,1.16187502518006
TRINITY_DN32899_c0_g1_i4.p1,-0.921833654076124
TRINITY_DN3289_c0_g1_i2.p1,-0.632786878769802
TRINITY_DN328_c1_g2_i4.p1,0.075454730076967
TRINITY_DN32966_c1_g1_i3.p1,-1.20231836074695
TRINITY_DN32966_c1_g1_i4.p1,-0.187466668672342
TRINITY_DN3297_c0_g1_i1.p1,-0.431669775540204
TRINITY_DN32984_c0_g1_i1.p1,-0.866735436887466
TRINITY_DN32984_c0_g1_i2.p1,-1.81096969673557
TRINITY_DN32984_c0_g1_i4.p1,-1.82913619549817
TRINITY_DN32987_c0_g1_i2.p1,-0.264339561157789
TRINITY_DN32998_c0_g2_i1.p1,0.0617489464606995
TRINITY_DN3301_c0_g1_i22.p1,-0.302426361097658
TRINITY_DN3301_c0_g1_i24.p1,-1.25538803000394
TRINITY_DN3301_c0_g1_i25.p1,0.852988362438343
TRINITY_DN3301_c0_g1_i36.p1,1.55964070489021
TRINITY_DN3301_c0_g1_i4.p1,-0.89815171807033
TRINITY_DN3301_c0_g1_i5.p1,1.01546373222195
TRINITY_DN3301_c0_g1_i7.p1,-1.20235013290821
TRINITY_DN3301_c0_g1_i8.p1,-0.225870554678075
TRINITY_DN33031_c0_g1_i1.p1,-0.57624201620275
TRINITY_DN33055_c0_g1_i2.p1,-0.485589628734599
TRINITY_DN33055_c0_g1_i3.p1,0.344175776497187
TRINITY_DN33057_c1_g1_i1.p1,0.0327280984955515
TRINITY_DN33059_c0_g1_i5.p1,-1.9375178243398
TRINITY_DN33077_c0_g1_i1.p1,0.61242041876044
TRINITY_DN33082_c0_g1_i1.p1,0.876337788421753
TRINITY_DN330_c1_g1_i2.p1,0.756407325071005
TRINITY_DN330_c1_g1_i4.p1,-0.743855349138095
TRINITY_DN330_c1_g1_i5.p1,1.0722420346711
TRINITY_DN33119_c1_g2_i1.p1,0.945804050227066
TRINITY_DN3312_c0_g1_i7.p1,-0.529683945978713
TRINITY_DN3312_c0_g2_i1.p1,0.790605759600031
TRINITY_DN3312_c2_g1_i14.p1,-1.32179443603121
TRINITY_DN3312_c2_g1_i16.p1,0.864259070318477
TRINITY_DN3312_c2_g1_i17.p1,-1.88287410552217
TRINITY_DN3312_c3_g1_i2.p1,0.489841623091541
TRINITY_DN33137_c0_g1_i3.p1,-0.20214814617329
TRINITY_DN3313_c0_g3_i12.p1,1.90355066468445
TRINITY_DN3313_c0_g3_i15.p1,-0.171583671815148
TRINITY_DN33145_c0_g1_i2.p1,-0.186620717093848
TRINITY_DN33145_c0_g1_i3.p1,2.00626145544478
TRINITY_DN33145_c0_g1_i9.p1,0.660880295407066
TRINITY_DN33156_c0_g2_i1.p1,-0.827963173761908
TRINITY_DN33160_c0_g1_i1.p1,0.0976291914117371
TRINITY_DN33160_c0_g1_i2.p1,0.495629126576089
TRINITY_DN33162_c0_g1_i13.p1,0.456978818165475
TRINITY_DN33179_c0_g1_i1.p1,1.1774797720439
TRINITY_DN33179_c0_g3_i1.p1,0.50345165971853
TRINITY_DN33180_c0_g2_i1.p1,-0.437582375701714
TRINITY_DN33220_c0_g1_i7.p1,0.636312603185537
TRINITY_DN33220_c0_g2_i1.p2,1.87696567018975
TRINITY_DN33220_c0_g2_i2.p1,-1.63767944091452
TRINITY_DN3323_c3_g1_i1.p1,-0.37517501693976
TRINITY_DN3323_c3_g1_i4.p1,0.431518087158918
TRINITY_DN3323_c3_g1_i7.p1,-0.120094914928106
TRINITY_DN3323_c3_g1_i8.p1,2.32519019616399
TRINITY_DN3324_c0_g1_i3.p1,0.539704731427158
TRINITY_DN3324_c0_g1_i6.p1,-1.86018045194174
TRINITY_DN3324_c0_g1_i7.p1,-1.36259435564021
TRINITY_DN33272_c2_g1_i2.p1,1.06321249123144
TRINITY_DN33291_c0_g1_i10.p1,1.08310205730365
TRINITY_DN33291_c0_g1_i13.p1,0.445371249408841
TRINITY_DN33291_c0_g1_i9.p1,-0.841411380363155
TRINITY_DN332_c1_g1_i2.p1,0.144800901892257
TRINITY_DN332_c1_g1_i4.p1,0.6464967818078
TRINITY_DN33327_c0_g1_i9.p1,1.9298714069942
TRINITY_DN33328_c1_g3_i1.p1,-0.12009469709182
TRINITY_DN3333_c0_g1_i1.p1,1.68404581515339
TRINITY_DN3333_c0_g1_i15.p1,-0.603433256277307
TRINITY_DN33340_c1_g1_i2.p1,-2.5665756762268
TRINITY_DN33387_c0_g1_i1.p1,0.804822922503947
TRINITY_DN333_c0_g1_i5.p1,0.258118580959402
TRINITY_DN3340_c0_g1_i1.p1,-0.069621196039125
TRINITY_DN3340_c0_g1_i3.p1,-1.90496530998589
TRINITY_DN33414_c0_g1_i2.p1,0.286009225270921
TRINITY_DN33414_c0_g1_i3.p1,-0.854191900800066
TRINITY_DN3343_c0_g1_i16.p1,0.066442305484026
TRINITY_DN3343_c0_g1_i9.p1,-2.0714429517303
TRINITY_DN33444_c0_g3_i1.p1,-0.285433585051521
TRINITY_DN33456_c0_g1_i2.p1,0.421628460884382
TRINITY_DN33456_c0_g1_i6.p1,-1.61558878912694
TRINITY_DN3345_c0_g1_i2.p1,-1.01602626679066
TRINITY_DN3345_c0_g1_i3.p1,0.908339038911414
TRINITY_DN33462_c3_g1_i1.p2,0.366427678402988
TRINITY_DN33462_c3_g1_i2.p2,-0.120099694720305
TRINITY_DN3346_c0_g1_i1.p1,0.21337436128002
TRINITY_DN3346_c0_g1_i2.p1,0.177113887351461
TRINITY_DN33475_c4_g1_i2.p1,1.19035789875337
TRINITY_DN33486_c0_g1_i2.p1,-0.120093454260978
TRINITY_DN33491_c0_g1_i1.p1,-0.452511024677963
TRINITY_DN3349_c0_g1_i1.p1,-0.427103390643
TRINITY_DN3349_c0_g1_i11.p1,-1.34097837921042
TRINITY_DN3349_c0_g1_i13.p1,-0.841411545989962
TRINITY_DN3349_c0_g1_i14.p1,-0.841407467949687
TRINITY_DN3349_c0_g1_i18.p1,-0.882457665713205
TRINITY_DN3349_c0_g1_i2.p1,-0.0988240988333737
TRINITY_DN3349_c0_g1_i20.p1,1.60586456732672
TRINITY_DN3349_c0_g1_i21.p1,-1.45929059242717
TRINITY_DN3349_c0_g1_i3.p1,0.17435288683906
TRINITY_DN3349_c0_g1_i5.p1,-1.34534922945003
TRINITY_DN3349_c0_g1_i6.p1,-2.16909403950627
TRINITY_DN3349_c0_g1_i7.p1,0.930428209909988
TRINITY_DN3349_c0_g1_i8.p1,0.537247917971583
TRINITY_DN33509_c0_g1_i1.p1,0.213168387858416
TRINITY_DN33517_c0_g1_i2.p1,-0.0438526626214304
TRINITY_DN3351_c0_g1_i5.p1,-0.374752518527632
TRINITY_DN33549_c0_g1_i1.p1,-0.0476278682447416
TRINITY_DN3354_c0_g1_i1.p1,-0.168750484692508
TRINITY_DN33590_c0_g1_i1.p1,0.222417298952353
TRINITY_DN335_c0_g1_i1.p1,0.747241872290082
TRINITY_DN335_c0_g1_i6.p1,0.360055907798899
TRINITY_DN3361_c1_g2_i1.p2,0.971158655738865
TRINITY_DN33621_c0_g1_i1.p1,-1.38802614654324
TRINITY_DN33621_c0_g1_i2.p1,-0.120087824337174
TRINITY_DN3364_c0_g1_i4.p1,-0.05665027179732
TRINITY_DN33683_c0_g1_i3.p1,0.367360300650763
TRINITY_DN33686_c0_g1_i5.p1,-0.000100162736948704
TRINITY_DN33691_c0_g1_i1.p1,1.84601905896991
TRINITY_DN33691_c0_g1_i3.p1,-1.97194289970854
TRINITY_DN33694_c0_g1_i1.p1,0.622828394020351
TRINITY_DN33694_c2_g1_i1.p1,1.35844024377301
TRINITY_DN33694_c2_g2_i1.p1,0.205607152145931
TRINITY_DN33699_c0_g1_i11.p1,-0.57213655034778
TRINITY_DN33699_c0_g1_i13.p1,-0.235511854000814
TRINITY_DN33699_c0_g1_i45.p1,0.533517180488459
TRINITY_DN33699_c0_g1_i65.p1,-0.68033886675676
TRINITY_DN33699_c0_g1_i67.p1,-0.0735999887460788
TRINITY_DN33707_c0_g1_i1.p1,-0.171321539171842
TRINITY_DN33707_c0_g1_i3.p1,-1.0852232072437
TRINITY_DN33718_c0_g1_i1.p1,0.988974802755464
TRINITY_DN33718_c0_g1_i2.p1,-0.0610639364294757
TRINITY_DN33718_c0_g2_i1.p1,-0.248079351324217
TRINITY_DN3372_c0_g1_i16.p1,0.16100583312958
TRINITY_DN33768_c1_g1_i1.p1,1.40185673162891
TRINITY_DN33780_c0_g1_i1.p1,-1.34589757101102
TRINITY_DN33797_c0_g1_i10.p1,0.0647084710230084
TRINITY_DN3379_c1_g1_i1.p1,-0.893953131372662
TRINITY_DN337_c0_g1_i2.p1,-1.02752730238781
TRINITY_DN337_c0_g1_i6.p1,-0.480748635553247
TRINITY_DN3380_c0_g1_i1.p1,0.517847003888253
TRINITY_DN3380_c0_g1_i5.p1,-0.337315997286245
TRINITY_DN33818_c0_g1_i1.p1,0.456981296478662
TRINITY_DN33818_c0_g1_i2.p1,-0.120094639790667
TRINITY_DN33840_c7_g1_i1.p1,-0.120094633234964
TRINITY_DN3389_c0_g1_i5.p1,-0.120099793886085
TRINITY_DN3389_c0_g1_i8.p1,-2.91657573996609
TRINITY_DN33914_c0_g3_i1.p1,0.108546978562854
TRINITY_DN3391_c0_g1_i22.p1,-0.115349383880392
TRINITY_DN33949_c0_g1_i3.p1,-0.120094430412203
TRINITY_DN33949_c0_g1_i5.p1,-0.480749849423684
TRINITY_DN33949_c0_g1_i7.p1,-1.26417012667833
TRINITY_DN33966_c1_g1_i1.p1,-0.120096671356708
TRINITY_DN33966_c1_g1_i2.p1,0.231849789964583
TRINITY_DN33969_c0_g2_i3.p1,-0.480749461106506
TRINITY_DN33972_c0_g1_i1.p1,0.828847515168082
TRINITY_DN33972_c0_g1_i2.p1,-0.120097093798866
TRINITY_DN33989_c0_g1_i1.p1,0.0794855829521503
TRINITY_DN33997_c0_g1_i1.p1,-1.48160074724637
TRINITY_DN34013_c0_g1_i10.p1,0.568812526877233
TRINITY_DN34013_c0_g1_i3.p1,-0.480743005629444
TRINITY_DN34013_c0_g1_i6.p1,-0.625227565881992
TRINITY_DN34013_c0_g1_i8.p1,1.08902024175542
TRINITY_DN34034_c0_g2_i1.p1,2.05347873068429
TRINITY_DN34095_c0_g1_i2.p1,-0.960977482641181
TRINITY_DN34120_c0_g1_i3.p1,0.823685509679851
TRINITY_DN3414_c0_g1_i10.p1,0.0376263572820229
TRINITY_DN3414_c0_g1_i11.p1,0.804563318906178
TRINITY_DN3414_c0_g1_i16.p1,-0.0269176810801513
TRINITY_DN3414_c0_g1_i18.p1,0.0858828640336101
TRINITY_DN3414_c0_g1_i6.p1,0.506443754975176
TRINITY_DN34158_c0_g1_i1.p1,0.0105960673632233
TRINITY_DN34177_c0_g1_i1.p1,0.840981862754574
TRINITY_DN34178_c0_g2_i5.p1,-0.489229508597696
TRINITY_DN3417_c0_g1_i7.p1,0.320017360591906
TRINITY_DN3419_c0_g1_i3.p1,1.43962568310572
TRINITY_DN3419_c0_g1_i4.p1,1.98074711493512
TRINITY_DN34216_c0_g1_i2.p1,1.3075742198781
TRINITY_DN3422_c0_g1_i1.p1,-0.0183792404634289
TRINITY_DN3422_c0_g1_i10.p1,0.0577193872955072
TRINITY_DN3422_c0_g1_i11.p1,-2.20805467947024
TRINITY_DN3422_c0_g1_i16.p1,-0.468257845694086
TRINITY_DN3422_c0_g1_i18.p1,-0.717872266673848
TRINITY_DN3422_c0_g1_i19.p1,0.789256922824616
TRINITY_DN3422_c0_g1_i21.p1,-1.16666844923143
TRINITY_DN3422_c0_g1_i8.p1,-0.48075263849253
TRINITY_DN34290_c0_g1_i1.p1,-0.5996579093923
TRINITY_DN34299_c0_g1_i2.p1,-1.20233691029673
TRINITY_DN34299_c0_g1_i3.p1,-0.751135508695088
TRINITY_DN342_c0_g1_i53.p1,-0.265056279547975
TRINITY_DN34305_c0_g1_i4.p1,-0.636905846275256
TRINITY_DN34305_c0_g1_i5.p1,0.204919074866805
TRINITY_DN34325_c1_g1_i4.p1,-0.12009469709182
TRINITY_DN3432_c0_g1_i5.p1,1.88807712832202
TRINITY_DN34330_c0_g1_i1.p1,1.28591331606559
TRINITY_DN34342_c1_g2_i7.p1,-0.197231889373079
TRINITY_DN34386_c0_g1_i13.p1,-0.251992646926589
TRINITY_DN34386_c0_g1_i17.p1,-0.120096603313173
TRINITY_DN34386_c0_g1_i3.p1,0.0276857557056356
TRINITY_DN34400_c1_g1_i3.p1,0.0697591011419845
TRINITY_DN34400_c1_g1_i7.p1,-0.120098004270841
TRINITY_DN34425_c0_g1_i10.p1,2.14276631148473
TRINITY_DN34425_c0_g1_i23.p1,-2.41956129245921
TRINITY_DN34425_c0_g1_i24.p1,-0.173135936895703
TRINITY_DN34425_c0_g1_i26.p1,1.70428593174932
TRINITY_DN34425_c0_g1_i3.p1,-1.20226335121913
TRINITY_DN34425_c0_g1_i5.p1,-0.120090639299077
TRINITY_DN34425_c0_g1_i7.p1,1.13045063277492
TRINITY_DN34425_c0_g1_i8.p1,-0.841418840304779
TRINITY_DN34441_c0_g1_i4.p1,0.456978079382933
TRINITY_DN34441_c0_g1_i6.p1,0.885721490585817
TRINITY_DN34441_c0_g1_i7.p1,-0.841404218979344
TRINITY_DN34447_c0_g1_i1.p1,-1.15195150932352
TRINITY_DN3444_c0_g1_i1.p1,-1.22001128123853
TRINITY_DN3444_c0_g1_i19.p1,-0.225786270361732
TRINITY_DN3444_c0_g1_i2.p1,0.629503913777296
TRINITY_DN3444_c0_g1_i24.p1,-0.332053654226107
TRINITY_DN3444_c0_g1_i35.p1,-0.988235852344831
TRINITY_DN3444_c0_g1_i6.p1,-0.958885376134672
TRINITY_DN34468_c0_g1_i4.p1,1.08949497952476
TRINITY_DN344_c0_g1_i12.p1,-2.7300707215043
TRINITY_DN344_c0_g1_i9.p1,-0.120088226471002
TRINITY_DN34501_c0_g2_i1.p1,1.08949497952476
TRINITY_DN34502_c0_g2_i3.p1,0.227786566225334
TRINITY_DN34503_c0_g1_i4.p1,-0.803626064285288
TRINITY_DN34531_c0_g1_i1.p1,0.864236568278421
TRINITY_DN34554_c0_g1_i10.p1,0.400865473624095
TRINITY_DN34554_c0_g1_i2.p1,-0.154139381437288
TRINITY_DN34587_c0_g1_i12.p1,0.679157003874564
TRINITY_DN34587_c0_g1_i6.p1,-2.19601485970869
TRINITY_DN34602_c0_g1_i3.p1,0.428536034207496
TRINITY_DN34602_c0_g1_i4.p1,0.444512266264088
TRINITY_DN34611_c2_g3_i1.p1,0.839024713942863
TRINITY_DN34621_c0_g1_i1.p1,1.0051655844157
TRINITY_DN34621_c0_g1_i2.p1,-1.19204697777496
TRINITY_DN34621_c0_g1_i4.p1,0.48025641425149
TRINITY_DN3462_c0_g1_i2.p1,0.963957029398896
TRINITY_DN34640_c0_g1_i1.p1,2.26203041125598
TRINITY_DN34641_c0_g1_i1.p1,-0.529887457266922
TRINITY_DN34676_c0_g2_i1.p1,0.45779504626012
TRINITY_DN34676_c0_g2_i3.p1,-0.480753642264819
TRINITY_DN34676_c0_g2_i5.p1,-0.424074186875532
TRINITY_DN34697_c0_g1_i1.p1,3.52628209492904
TRINITY_DN34697_c0_g1_i2.p1,1.19283280535695
TRINITY_DN34697_c0_g1_i4.p1,-1.62298790554961
TRINITY_DN3469_c0_g1_i12.p1,-0.480106921774944
TRINITY_DN3469_c0_g1_i13.p1,-0.120086031007862
TRINITY_DN3469_c0_g1_i16.p1,-1.35411543469526
TRINITY_DN3469_c0_g1_i17.p1,0.629523581923338
TRINITY_DN3469_c0_g1_i23.p1,-1.53820662419611
TRINITY_DN3469_c0_g1_i35.p1,-0.480746722553876
TRINITY_DN3469_c0_g1_i49.p1,-1.26920531244908
TRINITY_DN34733_c0_g1_i1.p1,0.949611226063079
TRINITY_DN34733_c0_g1_i2.p2,-0.064912334726473
TRINITY_DN34736_c1_g1_i2.p1,-1.53282300035413
TRINITY_DN34736_c1_g1_i3.p1,-0.436227921521329
TRINITY_DN3474_c0_g1_i1.p2,-0.120096671356708
TRINITY_DN3474_c0_g1_i3.p2,0.358234895366076
TRINITY_DN3476_c0_g1_i3.p1,0.190030212837077
TRINITY_DN34772_c0_g2_i1.p1,-0.124613476320587
TRINITY_DN347_c2_g1_i2.p1,-1.20235287843263
TRINITY_DN347_c5_g1_i1.p2,-0.360959514395085
TRINITY_DN34804_c0_g1_i3.p1,1.47844803470701
TRINITY_DN34811_c1_g1_i1.p1,-1.61564101777066
TRINITY_DN34824_c1_g2_i1.p1,0.512922390991982
TRINITY_DN34841_c0_g1_i1.p1,0.224995407528154
TRINITY_DN34865_c0_g2_i1.p1,0.095767080335761
TRINITY_DN34876_c2_g1_i4.p1,0.562284154998514
TRINITY_DN34876_c2_g1_i8.p1,2.58796304214131
TRINITY_DN34879_c1_g1_i1.p1,-0.435137350595155
TRINITY_DN34890_c1_g1_i1.p1,-0.704432511372023
TRINITY_DN34900_c0_g1_i1.p1,-0.49269101480763
TRINITY_DN34900_c0_g1_i2.p1,1.08949497952476
TRINITY_DN34900_c1_g1_i4.p1,-0.978348749284563
TRINITY_DN34908_c0_g1_i2.p1,-2.10644993581581
TRINITY_DN34916_c0_g1_i1.p1,0.64982097331482
TRINITY_DN34918_c0_g1_i2.p1,-0.841401001883616
TRINITY_DN34932_c0_g1_i10.p1,-2.95181291280307
TRINITY_DN34932_c0_g1_i3.p1,-1.03324707007934
TRINITY_DN34932_c0_g1_i5.p1,-0.92063337920816
TRINITY_DN34947_c0_g1_i3.p1,0.0963283452779643
TRINITY_DN34953_c1_g1_i2.p1,1.83458357956228
TRINITY_DN34953_c1_g1_i4.p1,-0.859529646840732
TRINITY_DN3495_c0_g1_i3.p1,-0.41872586720001
TRINITY_DN3495_c0_g1_i6.p1,0.0924136272240267
TRINITY_DN34969_c1_g1_i1.p1,-0.160789813006178
TRINITY_DN34969_c1_g1_i3.p1,-0.439843103444273
TRINITY_DN3497_c0_g1_i12.p1,-0.195711403311196
TRINITY_DN3497_c0_g1_i24.p1,-0.54458713415084
TRINITY_DN3497_c0_g1_i26.p1,-0.00636876818071922
TRINITY_DN3497_c0_g1_i34.p1,0.444266082779144
TRINITY_DN3497_c0_g1_i35.p1,-0.924325663184655
TRINITY_DN3497_c0_g1_i38.p1,-1.73396044785795
TRINITY_DN3497_c0_g1_i50.p1,0.358490175368279
TRINITY_DN3497_c0_g1_i53.p1,0.64354855463141
TRINITY_DN3499_c0_g2_i17.p1,0.580076999535186
TRINITY_DN349_c0_g1_i4.p1,0.345527343985093
TRINITY_DN349_c0_g1_i6.p1,1.43068734141358
TRINITY_DN34_c0_g1_i7.p1,-0.373003472517978
TRINITY_DN35045_c0_g1_i1.p1,0.585675956965687
TRINITY_DN35050_c0_g1_i3.p1,0.0739650744423649
TRINITY_DN35066_c0_g1_i2.p1,1.00589047384801
TRINITY_DN35094_c0_g1_i1.p1,-1.09572095969203
TRINITY_DN3510_c3_g1_i5.p1,-0.327034390088113
TRINITY_DN3511_c0_g1_i10.p1,-0.34908567779442
TRINITY_DN3511_c0_g1_i4.p1,-0.166038977013222
TRINITY_DN3511_c0_g1_i5.p1,-1.06192006451203
TRINITY_DN35140_c0_g1_i1.p1,0.824166537760325
TRINITY_DN35152_c0_g1_i1.p1,-0.60417849565435
TRINITY_DN3518_c0_g1_i2.p1,-1.24316525462069
TRINITY_DN35197_c0_g1_i1.p1,-3.77682925921048
TRINITY_DN35197_c0_g1_i2.p1,0.174190220443345
TRINITY_DN35197_c0_g1_i7.p1,-2.70295906321883
TRINITY_DN35223_c0_g1_i1.p1,-0.120087824337174
TRINITY_DN35223_c0_g1_i10.p1,0.714471034296893
TRINITY_DN35223_c0_g1_i12.p1,-0.841401001883616
TRINITY_DN35223_c0_g1_i15.p1,1.8092987888668
TRINITY_DN3523_c1_g1_i1.p1,0.335592046078739
TRINITY_DN35256_c0_g1_i1.p1,-1.41316692507629
TRINITY_DN35268_c0_g1_i1.p1,0.675516634343199
TRINITY_DN35268_c0_g1_i10.p1,-1.54038099135963
TRINITY_DN35268_c0_g1_i6.p1,-0.561510686045179
TRINITY_DN3526_c0_g1_i16.p1,-0.475742721699643
TRINITY_DN3526_c0_g1_i18.p1,-0.988205406298133
TRINITY_DN35277_c1_g1_i1.p1,1.9285039113209
TRINITY_DN35277_c1_g1_i2.p2,-1.29865508462992
TRINITY_DN35279_c0_g1_i7.p1,0.853782865472856
TRINITY_DN35280_c1_g1_i7.p1,0.72349750737449
TRINITY_DN3528_c0_g1_i15.p1,1.47241696824912
TRINITY_DN3529_c0_g1_i1.p1,0.28454770150261
TRINITY_DN3529_c0_g1_i16.p1,1.95449100475395
TRINITY_DN3529_c0_g1_i23.p1,0.164896754954294
TRINITY_DN3529_c0_g1_i29.p1,-0.750004431205464
TRINITY_DN3529_c0_g1_i36.p1,1.53451868246159
TRINITY_DN3529_c0_g1_i40.p1,0.865534210949188
TRINITY_DN3529_c0_g1_i55.p1,0.52232866658734
TRINITY_DN3529_c0_g1_i60.p1,-0.493044523308832
TRINITY_DN35313_c0_g1_i1.p1,-1.10461330880464
TRINITY_DN35321_c0_g1_i2.p1,2.65749658635252
TRINITY_DN3535_c6_g1_i3.p1,1.97484439262359
TRINITY_DN35363_c0_g2_i1.p1,-0.354102733169001
TRINITY_DN35364_c0_g1_i1.p1,-0.0455577279006587
TRINITY_DN35364_c1_g1_i1.p1,-1.84674803886238
TRINITY_DN35383_c0_g1_i1.p1,-0.845744978518762
TRINITY_DN35388_c0_g1_i2.p1,-0.227417039012524
TRINITY_DN3540_c0_g2_i10.p1,-1.61512942137343
TRINITY_DN3540_c0_g2_i11.p1,0.454587263684928
TRINITY_DN3540_c0_g2_i2.p1,1.58464686152244
TRINITY_DN3540_c0_g2_i5.p1,-1.67530610615952
TRINITY_DN3540_c0_g2_i6.p1,-1.0076065788595
TRINITY_DN3540_c0_g2_i7.p1,1.71629731902829
TRINITY_DN35427_c0_g1_i2.p1,1.25442942582715
TRINITY_DN35431_c0_g1_i1.p1,-0.137768112614492
TRINITY_DN35448_c0_g3_i1.p1,1.08979215166328
TRINITY_DN35448_c1_g1_i1.p1,-0.716630856062012
TRINITY_DN35457_c1_g1_i4.p1,-0.36621254704748
TRINITY_DN35459_c0_g1_i1.p2,-0.100641966742084
TRINITY_DN35478_c0_g1_i4.p1,-0.108523242563177
TRINITY_DN35478_c0_g1_i5.p1,-0.218111624930906
TRINITY_DN35478_c0_g1_i8.p1,0.360904428822103
TRINITY_DN35478_c2_g1_i1.p1,-0.264340551605852
TRINITY_DN35489_c0_g1_i1.p1,-0.479180961847899
TRINITY_DN35497_c0_g1_i1.p2,0.197569866440178
TRINITY_DN35499_c0_g1_i1.p1,1.92453808495556
TRINITY_DN354_c1_g1_i12.p1,1.13062866079026
TRINITY_DN354_c1_g1_i13.p1,0.495822882955781
TRINITY_DN354_c1_g1_i2.p1,-0.513704800921331
TRINITY_DN35508_c0_g1_i2.p1,0.261812396117633
TRINITY_DN35508_c1_g1_i1.p1,0.538001953379673
TRINITY_DN3550_c0_g1_i6.p1,-0.150702992453615
TRINITY_DN35533_c0_g1_i1.p1,-0.340198395713744
TRINITY_DN35547_c0_g1_i4.p1,0.0923036884706495
TRINITY_DN35547_c0_g1_i5.p1,0.089122763916503
TRINITY_DN35564_c0_g1_i2.p1,-0.832431526431708
TRINITY_DN35581_c0_g1_i2.p1,0.285384831609693
TRINITY_DN3558_c0_g1_i1.p1,1.01489812140851
TRINITY_DN3558_c0_g1_i3.p1,-1.19018865334595
TRINITY_DN3558_c0_g1_i4.p1,-0.341464225651377
TRINITY_DN35591_c0_g1_i1.p1,-1.95350780595746
TRINITY_DN35591_c1_g1_i1.p1,-1.87571883560082
TRINITY_DN35591_c1_g2_i1.p1,-0.867625702557515
TRINITY_DN35596_c0_g1_i2.p1,-0.841417924828339
TRINITY_DN35597_c0_g2_i1.p1,-0.193930673682531
TRINITY_DN3561_c0_g1_i2.p1,0.23744842934915
TRINITY_DN3561_c0_g1_i3.p1,0.913813753078324
TRINITY_DN3563_c0_g3_i2.p1,-2.35719393431634
TRINITY_DN3563_c0_g3_i6.p1,-0.000285509624485976
TRINITY_DN35640_c0_g1_i1.p1,-1.50395371647077
TRINITY_DN3564_c0_g1_i10.p1,0.231681508035959
TRINITY_DN3564_c0_g1_i20.p1,-0.261457655009417
TRINITY_DN35698_c7_g2_i1.p1,0.241595233523894
TRINITY_DN35698_c7_g2_i2.p1,0.818831351963477
TRINITY_DN35698_c7_g2_i3.p1,-0.480751747860247
TRINITY_DN3569_c0_g1_i2.p1,-0.0199103425254151
TRINITY_DN3569_c0_g1_i3.p1,-0.830641474254015
TRINITY_DN356_c2_g1_i1.p1,1.63766960042254
TRINITY_DN35704_c0_g1_i3.p1,1.86354899260407
TRINITY_DN35722_c0_g1_i1.p1,-0.312970704469773
TRINITY_DN3572_c1_g1_i2.p1,1.08949497952476
TRINITY_DN35738_c0_g2_i4.p1,-1.29898956606948
TRINITY_DN35769_c0_g1_i1.p2,-0.351589515773192
TRINITY_DN35773_c0_g1_i14.p1,-0.264339010767551
TRINITY_DN35773_c0_g1_i15.p1,-1.08469707248622
TRINITY_DN35773_c0_g1_i21.p1,0.0963247050981637
TRINITY_DN35773_c0_g1_i27.p1,-0.95660140333645
TRINITY_DN35773_c0_g1_i4.p1,-1.86736293137881
TRINITY_DN35773_c0_g1_i41.p1,0.387483037597219
TRINITY_DN35773_c0_g1_i58.p1,-0.576352634268544
TRINITY_DN35773_c0_g1_i66.p1,-0.120091041432904
TRINITY_DN35773_c0_g1_i70.p1,-1.20183111732766
TRINITY_DN3578_c0_g1_i3.p1,0.0644262362950731
TRINITY_DN3578_c0_g1_i5.p1,0.0161915277294041
TRINITY_DN357_c1_g1_i2.p1,0.456974597824077
TRINITY_DN35815_c1_g1_i10.p1,0.359015636159158
TRINITY_DN35815_c2_g2_i1.p1,-0.285075326045483
TRINITY_DN3585_c0_g1_i6.p1,-0.449589234977857
TRINITY_DN35862_c0_g1_i1.p1,-0.980731731186092
TRINITY_DN35863_c0_g1_i13.p1,-0.333265983722568
TRINITY_DN35863_c0_g1_i21.p1,-1.00253376870431
TRINITY_DN35863_c0_g1_i4.p1,0.284425774234194
TRINITY_DN35863_c0_g2_i1.p1,-0.26433469602968
TRINITY_DN3586_c2_g1_i4.p1,-0.7018185111766
TRINITY_DN35875_c0_g2_i1.p1,1.17559153909856
TRINITY_DN35890_c0_g1_i2.p1,-1.57841537742027
TRINITY_DN35890_c0_g1_i5.p1,0.456981296478662
TRINITY_DN35893_c0_g3_i2.p1,-0.584900415981125
TRINITY_DN358_c0_g1_i25.p1,-0.480747756138328
TRINITY_DN358_c0_g1_i42.p1,-0.200845642604974
TRINITY_DN35901_c0_g1_i1.p1,0.367288674076223
TRINITY_DN35901_c0_g1_i10.p1,-2.63600723886721
TRINITY_DN35901_c0_g1_i2.p1,-0.264337371233399
TRINITY_DN35901_c0_g1_i3.p1,0.0623534800830718
TRINITY_DN35901_c0_g1_i5.p1,-0.841415902864167
TRINITY_DN35901_c0_g1_i7.p1,-0.625193934258509
TRINITY_DN35901_c0_g1_i8.p1,1.8644582153992
TRINITY_DN35901_c0_g1_i9.p1,-1.69311845451255
TRINITY_DN35907_c0_g1_i1.p1,1.10490199962593
TRINITY_DN35913_c0_g1_i1.p1,0.293899761870658
TRINITY_DN35920_c0_g1_i1.p1,-1.39555859779278
TRINITY_DN359_c0_g1_i51.p1,1.06958216562186
TRINITY_DN35_c0_g1_i14.p1,-0.120087464937252
TRINITY_DN35_c0_g1_i66.p1,-0.48075387470608
TRINITY_DN35_c4_g1_i2.p1,-0.573036133396538
TRINITY_DN35_c7_g1_i2.p1,-0.457156120115238
TRINITY_DN36012_c1_g2_i1.p2,-0.32696606978493
TRINITY_DN36015_c2_g1_i1.p1,-0.120100485591278
TRINITY_DN36015_c2_g1_i2.p1,-3.80586715041072
TRINITY_DN3603_c0_g1_i1.p1,0.782947892990782
TRINITY_DN36058_c0_g1_i13.p1,-0.120091443566731
TRINITY_DN36058_c0_g1_i14.p1,-1.35920608425836
TRINITY_DN36058_c0_g1_i4.p1,0.315517784616164
TRINITY_DN36069_c1_g2_i1.p1,0.10752320838607
TRINITY_DN36069_c1_g4_i1.p1,0.813475999266493
TRINITY_DN36079_c0_g1_i1.p1,-1.20161876212432
TRINITY_DN3607_c0_g1_i1.p1,-0.480753139961648
TRINITY_DN3607_c0_g1_i5.p1,1.88641069804165
TRINITY_DN3607_c0_g1_i7.p1,1.132336167621
TRINITY_DN360_c1_g1_i10.p1,-0.841409446769321
TRINITY_DN360_c1_g1_i4.p1,0.0149273697908097
TRINITY_DN36124_c0_g1_i2.p1,1.08949497952476
TRINITY_DN36141_c0_g1_i4.p2,2.95452916858639
TRINITY_DN36150_c0_g1_i10.p1,-0.480743005629443
TRINITY_DN36150_c0_g1_i7.p1,0.286056132837568
TRINITY_DN36150_c0_g1_i9.p1,2.42069793914384
TRINITY_DN36160_c0_g3_i2.p1,-1.25976444511673
TRINITY_DN36196_c0_g1_i1.p1,0.776646843750088
TRINITY_DN36196_c0_g2_i1.p1,-0.068010194495241
TRINITY_DN36215_c0_g1_i2.p1,-0.730560669100754
TRINITY_DN36215_c0_g1_i3.p1,1.46931561257032
TRINITY_DN36231_c0_g1_i1.p1,-1.13176474547139
TRINITY_DN36231_c0_g1_i2.p1,1.00033484505895
TRINITY_DN36261_c0_g1_i1.p1,-1.677289436103
TRINITY_DN3626_c0_g2_i1.p1,1.19582618681733
TRINITY_DN3626_c0_g2_i2.p1,-0.264334696029681
TRINITY_DN36297_c0_g1_i2.p1,-0.841416116704725
TRINITY_DN36297_c0_g1_i5.p1,0.407036369157515
TRINITY_DN36304_c0_g1_i1.p1,-0.862990660095427
TRINITY_DN3632_c0_g1_i1.p1,-1.8704381342705
TRINITY_DN36346_c0_g2_i10.p1,-0.42579727799324
TRINITY_DN36375_c0_g1_i1.p1,-0.110203771446032
TRINITY_DN36375_c0_g1_i2.p1,1.01755883368021
TRINITY_DN36375_c0_g1_i4.p1,0.096327583532262
TRINITY_DN36375_c0_g1_i6.p1,-1.26610603239819
TRINITY_DN36375_c0_g1_i8.p1,-0.00153878109564075
TRINITY_DN36386_c0_g1_i10.p1,-0.920787498539261
TRINITY_DN36386_c0_g1_i20.p1,0.0529933798360183
TRINITY_DN36386_c0_g1_i5.p1,-0.120088226471002
TRINITY_DN36386_c0_g1_i6.p1,0.56131751808489
TRINITY_DN36402_c0_g1_i2.p1,2.79361031385219
TRINITY_DN36460_c0_g1_i1.p1,-0.754122395573258
TRINITY_DN36460_c0_g1_i3.p1,0.349348376052307
TRINITY_DN36476_c0_g1_i2.p1,-0.12009469709182
TRINITY_DN36476_c0_g1_i7.p1,0.951475375401157
TRINITY_DN36476_c0_g1_i8.p1,0.788280966325893
TRINITY_DN36481_c0_g1_i13.p1,0.0241165339196936
TRINITY_DN36481_c0_g1_i14.p1,0.258267392988568
TRINITY_DN36481_c0_g1_i3.p1,-0.457453215462327
TRINITY_DN36481_c0_g1_i7.p1,0.664832081132477
TRINITY_DN36483_c0_g1_i1.p1,1.70924429127352
TRINITY_DN36483_c0_g1_i3.p1,-0.480750025968642
TRINITY_DN36483_c0_g1_i4.p1,0.285861388358898
TRINITY_DN36486_c0_g1_i1.p1,-0.480749439820903
TRINITY_DN36486_c0_g1_i4.p1,-0.120094120453689
TRINITY_DN3648_c0_g1_i12.p1,0.204675906392007
TRINITY_DN36498_c0_g1_i4.p1,0.526386474975225
TRINITY_DN36513_c0_g1_i16.p1,0.439066569275488
TRINITY_DN3653_c0_g1_i16.p1,0.711375827845635
TRINITY_DN3653_c0_g1_i2.p1,-0.676504533494847
TRINITY_DN3653_c0_g1_i8.p1,-2.3073578723976
TRINITY_DN3657_c1_g2_i16.p1,-0.101853842980821
TRINITY_DN36594_c0_g1_i1.p2,0.0463329806835562
TRINITY_DN36594_c1_g1_i1.p1,-0.410523012514382
TRINITY_DN36594_c3_g1_i1.p1,-1.1753204923753
TRINITY_DN3660_c0_g1_i3.p1,-0.94109413903823
TRINITY_DN3664_c0_g1_i11.p1,2.17442770295537
TRINITY_DN3664_c0_g1_i8.p1,1.53816345797823
TRINITY_DN3666_c0_g1_i1.p1,0.244856457837274
TRINITY_DN3666_c0_g1_i12.p1,-0.343396659352904
TRINITY_DN3666_c0_g1_i16.p1,-1.20235013290821
TRINITY_DN3666_c0_g1_i17.p1,-2.10279964046724
TRINITY_DN3666_c0_g1_i20.p1,0.45696921205507
TRINITY_DN3666_c0_g1_i21.p1,0.165832323832297
TRINITY_DN3666_c0_g1_i22.p1,-2.10304426208828
TRINITY_DN3666_c0_g1_i24.p1,1.08237060624651
TRINITY_DN3666_c0_g1_i27.p1,0.43316446050932
TRINITY_DN3666_c0_g1_i3.p1,-2.19060542794512
TRINITY_DN3666_c0_g1_i5.p1,-0.914921638639466
TRINITY_DN3666_c0_g1_i7.p1,0.722305752423578
TRINITY_DN3666_c0_g1_i8.p1,-0.688490740972957
TRINITY_DN3671_c0_g1_i2.p1,-1.27682164215285
TRINITY_DN36724_c0_g1_i3.p1,0.0194312418426954
TRINITY_DN36724_c0_g1_i4.p1,0.166439864484728
TRINITY_DN36745_c0_g2_i1.p1,-0.151860859853619
TRINITY_DN36745_c2_g1_i11.p1,0.93076744026206
TRINITY_DN36765_c0_g1_i1.p1,-0.525170033917846
TRINITY_DN3677_c0_g1_i3.p1,-0.135363425713381
TRINITY_DN3677_c0_g1_i7.p1,-1.1568368371213
TRINITY_DN36810_c0_g1_i3.p1,0.289373166664317
TRINITY_DN36815_c0_g1_i1.p1,0.664103334238629
TRINITY_DN36815_c0_g1_i3.p1,0.761004935498851
TRINITY_DN36815_c0_g1_i6.p1,0.50229509662052
TRINITY_DN36820_c0_g1_i2.p1,-1.57733127288933
TRINITY_DN36820_c0_g1_i3.p1,1.32917319690994
TRINITY_DN3682_c0_g1_i2.p1,1.63622665055269
TRINITY_DN3686_c0_g1_i12.p1,-0.120093983556
TRINITY_DN3686_c0_g1_i5.p1,-1.24074427223861
TRINITY_DN3686_c0_g1_i6.p1,0.366385775654719
TRINITY_DN3686_c0_g1_i7.p1,-2.71437618810672
TRINITY_DN36871_c0_g1_i4.p1,-0.484220817612813
TRINITY_DN36872_c0_g1_i2.p1,0.988289572966699
TRINITY_DN36883_c0_g1_i1.p1,0.931707838370582
TRINITY_DN368_c0_g1_i13.p1,1.04726730659769
TRINITY_DN368_c0_g1_i15.p1,-2.17673167622819
TRINITY_DN368_c0_g1_i19.p1,0.925859296109091
TRINITY_DN368_c0_g1_i64.p1,0.720481171622342
TRINITY_DN3691_c0_g1_i13.p1,0.358469743730869
TRINITY_DN3691_c0_g1_i17.p1,0.363341225167653
TRINITY_DN36929_c0_g1_i4.p1,-0.625187880753129
TRINITY_DN36934_c0_g1_i1.p1,-0.0546048628525854
TRINITY_DN36934_c0_g1_i3.p1,-0.692785735128897
TRINITY_DN36934_c0_g1_i4.p2,-0.692776267559489
TRINITY_DN36942_c0_g1_i6.p1,-1.10043710448016
TRINITY_DN36943_c0_g2_i6.p2,-0.473667261056587
TRINITY_DN36943_c0_g6_i1.p1,0.159086492060979
TRINITY_DN3696_c1_g1_i5.p1,-1.89435753489699
TRINITY_DN3696_c1_g1_i6.p1,-0.838580797187369
TRINITY_DN369_c1_g4_i1.p1,0.790677570381686
TRINITY_DN369_c1_g4_i2.p1,1.52050454908984
TRINITY_DN369_c1_g5_i2.p1,1.84601905896991
TRINITY_DN36_c0_g1_i5.p1,-1.61639323881605
TRINITY_DN36_c0_g1_i9.p1,0.951484444750269
TRINITY_DN37011_c0_g1_i8.p1,0.186268577681676
TRINITY_DN3701_c11_g1_i1.p1,0.968831187390747
TRINITY_DN3701_c5_g1_i2.p2,0.959225983356835
TRINITY_DN37020_c0_g1_i2.p1,-2.54406067477263
TRINITY_DN3702_c0_g1_i11.p1,-0.113274570614082
TRINITY_DN3702_c0_g1_i13.p1,0.974937065244271
TRINITY_DN3702_c0_g1_i3.p1,-0.175793473046812
TRINITY_DN3703_c0_g1_i11.p1,1.30184184415943
TRINITY_DN3703_c0_g1_i3.p1,0.403718330997786
TRINITY_DN3704_c0_g1_i3.p1,-0.658407752505821
TRINITY_DN37065_c0_g1_i3.p1,1.36628767627129
TRINITY_DN37065_c2_g1_i1.p1,-0.776263250774015
TRINITY_DN3707_c9_g1_i1.p1,-0.781961668964226
TRINITY_DN37095_c0_g1_i1.p1,0.46564423426796
TRINITY_DN37114_c0_g1_i1.p2,1.23566496971828
TRINITY_DN37115_c0_g1_i1.p1,-0.881420316578315
TRINITY_DN37115_c0_g1_i3.p1,-0.529237993632471
TRINITY_DN37121_c0_g1_i1.p1,0.168380742552032
TRINITY_DN37121_c0_g1_i4.p1,-0.197457602170005
TRINITY_DN37126_c0_g1_i4.p1,0.119435422328888
TRINITY_DN37128_c2_g1_i18.p1,0.419340661732313
TRINITY_DN37128_c2_g1_i8.p1,-0.327014163315809
TRINITY_DN37149_c0_g1_i1.p1,1.19970308756832
TRINITY_DN37149_c0_g1_i2.p1,-0.169601024143066
TRINITY_DN3717_c0_g1_i2.p1,0.27068471768418
TRINITY_DN3717_c1_g2_i1.p1,0.196252966500442
TRINITY_DN37189_c0_g1_i2.p1,-3.32277991725311
TRINITY_DN37206_c0_g1_i1.p1,1.32079668980605
TRINITY_DN3720_c0_g1_i5.p1,0.0963266792846307
TRINITY_DN3720_c0_g1_i8.p1,0.441067156271255
TRINITY_DN37245_c0_g1_i1.p1,-0.838551717774948
TRINITY_DN37257_c2_g1_i16.p1,-1.35808422733386
TRINITY_DN37257_c2_g1_i18.p1,0.626638021945126
TRINITY_DN37257_c2_g1_i6.p1,0.347484943719906
TRINITY_DN37262_c0_g1_i1.p1,0.142624788109621
TRINITY_DN37266_c0_g1_i3.p2,-1.20234751452886
TRINITY_DN3726_c0_g1_i1.p1,2.13812683260283
TRINITY_DN3726_c0_g1_i2.p1,0.225006916394004
TRINITY_DN3726_c0_g1_i5.p1,0.839091810072809
TRINITY_DN3726_c0_g1_i7.p1,0.863042463843348
TRINITY_DN3726_c0_g1_i8.p1,1.05384232116098
TRINITY_DN37328_c0_g1_i4.p1,1.51041612274656
TRINITY_DN37328_c0_g1_i7.p1,-0.157173849338602
TRINITY_DN37328_c0_g2_i1.p1,0.27076122101912
TRINITY_DN37338_c0_g1_i9.p1,0.799530503677706
TRINITY_DN37368_c0_g1_i1.p1,-0.326252226527452
TRINITY_DN3741_c0_g1_i6.p1,-0.342768184039313
TRINITY_DN37436_c0_g1_i2.p1,-0.227581085831865
TRINITY_DN3743_c0_g1_i10.p1,1.84601905896991
TRINITY_DN3743_c0_g1_i4.p1,1.51266036064949
TRINITY_DN3746_c0_g1_i1.p1,-0.480743005629444
TRINITY_DN3746_c0_g1_i3.p1,-1.342007235556
TRINITY_DN3746_c0_g1_i4.p1,-0.276359712151091
TRINITY_DN3748_c1_g1_i2.p1,-0.407211192268577
TRINITY_DN37494_c0_g1_i2.p1,-0.480750467427562
TRINITY_DN37494_c0_g1_i3.p1,-1.29007263145827
TRINITY_DN374_c0_g1_i12.p1,-0.0599175007557918
TRINITY_DN374_c0_g1_i9.p1,0.288079753448852
TRINITY_DN37604_c0_g1_i1.p1,-0.696392285939414
TRINITY_DN37607_c0_g1_i2.p2,-0.120093856394806
TRINITY_DN3763_c1_g1_i2.p1,-3.76754673730361
TRINITY_DN37673_c0_g1_i14.p1,-1.20234701167696
TRINITY_DN37673_c0_g1_i18.p1,0.715043440588152
TRINITY_DN37673_c0_g1_i3.p1,-2.32619647622054
TRINITY_DN37673_c0_g1_i6.p1,-0.547680617631174
TRINITY_DN3768_c1_g1_i6.p1,-0.310435605115127
TRINITY_DN3768_c1_g1_i9.p1,-0.705667962781355
TRINITY_DN3769_c3_g1_i1.p1,0.185356569078868
TRINITY_DN376_c0_g1_i15.p1,-0.478495578246656
TRINITY_DN376_c0_g1_i16.p1,-1.84959142735545
TRINITY_DN376_c0_g1_i22.p1,-0.0733045120555037
TRINITY_DN376_c0_g1_i32.p1,1.26891805262787
TRINITY_DN376_c0_g1_i44.p1,-0.120093454260978
TRINITY_DN376_c0_g1_i48.p1,0.821231885681237
TRINITY_DN376_c0_g1_i77.p1,0.30019805835878
TRINITY_DN376_c0_g1_i87.p1,0.832293555251118
TRINITY_DN37718_c0_g1_i2.p1,-0.0413737832586358
TRINITY_DN37734_c0_g1_i1.p1,0.155643302165051
TRINITY_DN3773_c0_g1_i1.p1,1.29915637035862
TRINITY_DN37747_c0_g1_i1.p2,-0.398211421012989
TRINITY_DN37756_c0_g2_i4.p1,0.243061611630101
TRINITY_DN37767_c0_g1_i3.p1,-0.120093454260978
TRINITY_DN37767_c0_g1_i4.p1,-0.120086300405702
TRINITY_DN37767_c0_g1_i5.p1,-0.480748721862612
TRINITY_DN37780_c1_g1_i12.p1,1.05931556066189
TRINITY_DN37780_c1_g1_i15.p1,-1.04580439919999
TRINITY_DN37780_c1_g1_i2.p2,0.6393872015699
TRINITY_DN3778_c0_g1_i2.p1,-0.448278227481204
TRINITY_DN3779_c0_g1_i3.p1,2.74719985120594
TRINITY_DN37803_c0_g1_i3.p1,-0.841401001883616
TRINITY_DN37808_c0_g1_i1.p2,0.878554522561339
TRINITY_DN3780_c0_g1_i1.p1,1.86786163616598
TRINITY_DN3780_c0_g1_i2.p1,-0.515092235343164
TRINITY_DN3782_c0_g1_i11.p1,-1.52046678565776
TRINITY_DN3782_c0_g1_i4.p1,0.159072448667777
TRINITY_DN3783_c1_g1_i3.p1,0.0565526628103968
TRINITY_DN37886_c2_g1_i1.p1,-0.1715256376775
TRINITY_DN37892_c0_g1_i1.p1,-0.245009787771112
TRINITY_DN378_c4_g1_i2.p1,0.404875019478572
TRINITY_DN37901_c0_g1_i1.p2,0.601104609107106
TRINITY_DN37906_c0_g1_i1.p1,0.112520165483552
TRINITY_DN37906_c0_g1_i2.p1,-1.34538099833173
TRINITY_DN37906_c0_g1_i4.p1,0.456974862287203
TRINITY_DN37911_c0_g1_i5.p1,0.239536580157424
TRINITY_DN37943_c0_g1_i1.p1,-0.775510512982964
TRINITY_DN37943_c0_g1_i3.p1,0.0963204852625897
TRINITY_DN37943_c0_g1_i7.p1,-0.501450245481627
TRINITY_DN37948_c0_g1_i1.p1,-0.516531543118748
TRINITY_DN37949_c0_g1_i2.p1,-2.19234013276927
TRINITY_DN3794_c0_g1_i1.p1,0.95431852341176
TRINITY_DN3794_c0_g1_i2.p1,0.783056714038066
TRINITY_DN3794_c0_g1_i5.p1,0.456995391458032
TRINITY_DN3794_c0_g1_i7.p1,0.793431068047816
TRINITY_DN37963_c0_g1_i2.p1,-0.355848320519718
TRINITY_DN3798_c0_g1_i15.p1,0.0537943334228171
TRINITY_DN3800_c0_g2_i24.p1,1.08906352121346
TRINITY_DN38012_c0_g1_i1.p1,0.674651765272462
TRINITY_DN38062_c1_g2_i2.p1,1.86832119222303
TRINITY_DN3806_c0_g1_i2.p1,0.951537951562691
TRINITY_DN380_c0_g1_i10.p1,-0.265933501123256
TRINITY_DN380_c0_g1_i2.p1,0.792495762059745
TRINITY_DN380_c0_g1_i25.p1,1.08480333508925
TRINITY_DN380_c0_g1_i27.p1,0.396093311349861
TRINITY_DN380_c0_g1_i28.p1,0.388287198257547
TRINITY_DN380_c0_g1_i5.p1,-0.500506089532078
TRINITY_DN380_c0_g1_i7.p1,-1.52513356155723
TRINITY_DN38154_c0_g1_i1.p1,1.04742152975418
TRINITY_DN38154_c0_g2_i1.p1,-0.0071984279838404
TRINITY_DN38156_c0_g1_i1.p1,-2.68993437007337
TRINITY_DN38183_c0_g1_i15.p1,0.456974862287203
TRINITY_DN38183_c0_g1_i26.p1,-2.77197938451451
TRINITY_DN3819_c0_g1_i1.p1,-0.00318921538280605
TRINITY_DN38219_c1_g1_i2.p2,0.0427850745640556
TRINITY_DN38243_c0_g1_i1.p1,0.473411452951699
TRINITY_DN38253_c0_g1_i1.p1,0.456971608762112
TRINITY_DN38276_c0_g1_i1.p1,0.456975603819713
TRINITY_DN3829_c0_g1_i1.p1,-0.142203335832377
TRINITY_DN3829_c0_g1_i2.p1,0.843062012832137
TRINITY_DN382_c0_g1_i4.p1,-0.543901208716391
TRINITY_DN38368_c0_g3_i1.p1,0.641424092972778
TRINITY_DN38390_c0_g2_i1.p1,-1.30556040515383
TRINITY_DN3839_c0_g4_i5.p1,0.100354769502067
TRINITY_DN383_c0_g2_i3.p1,-0.872611317626166
TRINITY_DN38401_c1_g1_i1.p1,-0.12008774936198
TRINITY_DN3840_c0_g3_i4.p1,-1.15774176421808
TRINITY_DN38410_c0_g1_i2.p1,0.134223112855309
TRINITY_DN38410_c0_g1_i3.p1,-0.120088226471002
TRINITY_DN38438_c0_g1_i1.p1,-0.120090639299077
TRINITY_DN38438_c0_g1_i2.p1,-0.357436173303284
TRINITY_DN38452_c0_g1_i3.p1,1.40291221989314
TRINITY_DN38462_c1_g1_i1.p1,0.366124859625333
TRINITY_DN38484_c6_g1_i1.p1,-1.6397970545268
TRINITY_DN3849_c0_g1_i2.p1,-0.629176819635062
TRINITY_DN3851_c0_g1_i10.p1,-1.75525543842887
TRINITY_DN38528_c0_g1_i1.p1,0.477659602820484
TRINITY_DN38535_c0_g1_i1.p1,-0.549662587597386
TRINITY_DN38559_c0_g1_i1.p1,-0.120081127838418
TRINITY_DN38559_c0_g1_i2.p1,-1.26970889691612
TRINITY_DN3857_c0_g1_i10.p1,-1.06929637247662
TRINITY_DN3857_c0_g1_i11.p1,0.155511867451836
TRINITY_DN3857_c0_g1_i3.p1,-2.02038084264841
TRINITY_DN3857_c0_g1_i8.p1,0.514712462422278
TRINITY_DN38595_c0_g1_i2.p1,0.44215177806394
TRINITY_DN3864_c0_g1_i1.p1,-0.542645078527787
TRINITY_DN3864_c0_g1_i6.p1,3.0227380380135
TRINITY_DN3865_c0_g1_i1.p1,0.58354411988588
TRINITY_DN3866_c0_g1_i2.p1,0.411154145900504
TRINITY_DN3866_c0_g1_i7.p1,1.63209330524528
TRINITY_DN38677_c0_g1_i1.p1,-0.120087824337174
TRINITY_DN38677_c0_g1_i2.p1,-1.05903160104444
TRINITY_DN38690_c0_g1_i3.p1,-0.339483419891642
TRINITY_DN38711_c0_g1_i2.p1,-1.43979600655738
TRINITY_DN3871_c0_g1_i1.p1,0.78655057806708
TRINITY_DN3871_c0_g1_i3.p1,0.712160715178829
TRINITY_DN38733_c0_g1_i1.p1,-0.120087824337174
TRINITY_DN38733_c0_g1_i2.p1,-0.372326103336724
TRINITY_DN38733_c0_g1_i3.p1,-2.15868343766272
TRINITY_DN38733_c0_g1_i4.p1,0.555678869059323
TRINITY_DN38737_c0_g1_i1.p1,0.291358924480836
TRINITY_DN38739_c3_g1_i2.p1,0.311047408144535
TRINITY_DN3873_c0_g1_i4.p1,1.39670679518262
TRINITY_DN38757_c0_g3_i2.p1,0.903009591234102
TRINITY_DN38757_c0_g3_i4.p1,-0.62520716255206
TRINITY_DN38774_c0_g1_i2.p1,0.466051995000858
TRINITY_DN38774_c0_g1_i3.p1,-0.0552108505442231
TRINITY_DN38784_c0_g1_i1.p1,-0.120093454260978
TRINITY_DN38784_c0_g1_i2.p1,-0.824365106195239
TRINITY_DN3890_c0_g1_i7.p1,0.851652963158106
TRINITY_DN3891_c0_g1_i1.p1,-0.120088226471002
TRINITY_DN38993_c0_g1_i1.p1,1.93990011432976
TRINITY_DN38_c7_g1_i1.p1,-0.213157854044469
TRINITY_DN39006_c0_g2_i3.p1,-0.241836083328741
TRINITY_DN39006_c0_g2_i4.p1,0.339185014727594
TRINITY_DN39022_c0_g1_i2.p1,0.0851986242277857
TRINITY_DN39022_c0_g4_i1.p1,1.14989813605791
TRINITY_DN3907_c5_g1_i1.p1,0.506961263906348
TRINITY_DN39081_c0_g1_i1.p1,0.664523789826522
TRINITY_DN39096_c1_g1_i19.p1,0.594878308001717
TRINITY_DN39096_c1_g1_i2.p1,2.14640002829991
TRINITY_DN39096_c1_g1_i6.p1,-0.750627599368088
TRINITY_DN39096_c1_g1_i8.p1,-0.412668235412492
TRINITY_DN3919_c0_g1_i1.p1,1.97218855006211
TRINITY_DN3919_c0_g1_i3.p1,0.773751228371655
TRINITY_DN3919_c0_g1_i4.p1,-1.41518407781612
TRINITY_DN3919_c0_g2_i1.p1,-0.102809874463582
TRINITY_DN39205_c0_g2_i8.p1,-0.742160138434375
TRINITY_DN39234_c0_g1_i10.p1,0.51200430296699
TRINITY_DN39234_c0_g1_i4.p1,-0.710587450050615
TRINITY_DN39234_c0_g1_i6.p1,-0.402687905556077
TRINITY_DN39234_c1_g1_i1.p1,0.349822792441722
TRINITY_DN39238_c2_g1_i2.p1,-0.39788025824073
TRINITY_DN39245_c0_g1_i3.p1,0.058505153388199
TRINITY_DN39289_c0_g1_i1.p1,0.143456915731283
TRINITY_DN39297_c0_g1_i1.p1,-0.403331731875527
TRINITY_DN39299_c0_g1_i2.p2,1.0814245648004
TRINITY_DN39299_c0_g1_i3.p2,-0.376505365349229
TRINITY_DN39299_c0_g1_i5.p1,-1.70055504447652
TRINITY_DN392_c5_g1_i2.p1,0.168001487988676
TRINITY_DN392_c5_g1_i4.p1,0.151108878146686
TRINITY_DN39361_c0_g1_i15.p1,1.00643628664238
TRINITY_DN39361_c0_g1_i18.p1,-0.906741626855643
TRINITY_DN39361_c0_g1_i3.p1,0.105336698477829
TRINITY_DN39369_c0_g1_i1.p1,-2.04866550425918
TRINITY_DN39385_c0_g1_i1.p1,-0.841414153832937
TRINITY_DN39387_c1_g1_i7.p1,-0.699395095237784
TRINITY_DN39388_c0_g2_i1.p1,-0.231705099520671
TRINITY_DN3938_c0_g1_i2.p1,0.214581579388215
TRINITY_DN3938_c0_g1_i3.p1,0.885055707673821
TRINITY_DN3938_c0_g1_i4.p1,0.956094964215672
TRINITY_DN39410_c0_g1_i1.p1,-0.463013589294434
TRINITY_DN39410_c0_g2_i1.p1,0.255632957871356
TRINITY_DN39426_c0_g1_i4.p1,0.0495291932255193
TRINITY_DN39461_c0_g1_i1.p1,-1.3128758491207
TRINITY_DN39463_c0_g1_i14.p1,0.327245750402253
TRINITY_DN39463_c0_g1_i18.p1,-0.841412718641083
TRINITY_DN39463_c0_g1_i8.p1,-0.656132084314973
TRINITY_DN3946_c0_g2_i6.p1,0.840341477825998
TRINITY_DN39482_c0_g1_i3.p1,0.34940057905865
TRINITY_DN3948_c0_g1_i6.p1,0.111400451148398
TRINITY_DN394_c2_g1_i10.p1,1.15447757761483
TRINITY_DN394_c2_g1_i11.p1,0.542168148820237
TRINITY_DN394_c2_g1_i14.p1,0.170700726647102
TRINITY_DN394_c2_g1_i2.p1,0.289812665315675
TRINITY_DN394_c2_g1_i7.p1,-0.86930338514634
TRINITY_DN394_c2_g1_i9.p1,-0.480746222725173
TRINITY_DN39519_c0_g1_i1.p1,1.19035638549847
TRINITY_DN39524_c0_g1_i1.p1,-1.09138807311013
TRINITY_DN39542_c0_g2_i2.p1,-0.716536425566828
TRINITY_DN39542_c0_g2_i6.p1,0.24245508986078
TRINITY_DN39568_c0_g1_i1.p1,0.729090648353219
TRINITY_DN39673_c0_g1_i3.p1,0.521574848634111
TRINITY_DN39673_c0_g1_i4.p1,0.535039862363041
TRINITY_DN39686_c0_g1_i1.p1,-1.13465585666525
TRINITY_DN39688_c0_g1_i1.p1,3.55759894577904
TRINITY_DN39712_c0_g1_i1.p1,-0.459949269752188
TRINITY_DN39712_c0_g1_i2.p1,0.456965206204256
TRINITY_DN39714_c0_g1_i10.p1,-0.954260168993757
TRINITY_DN39714_c0_g1_i8.p1,-2.86475321606769
TRINITY_DN3972_c0_g1_i4.p2,-0.254812336815115
TRINITY_DN3972_c0_g1_i5.p1,0.0963249052899722
TRINITY_DN39758_c1_g1_i1.p1,-0.0224041068122303
TRINITY_DN39780_c0_g1_i1.p1,1.42283938908349
TRINITY_DN39780_c0_g1_i2.p1,2.13500111807591
TRINITY_DN39784_c0_g1_i1.p1,-0.6885068590125
TRINITY_DN39785_c1_g1_i9.p1,0.0619064584963831
TRINITY_DN397_c52_g1_i1.p1,0.404983022734692
TRINITY_DN3980_c0_g1_i24.p1,-0.2325858133129
TRINITY_DN3980_c1_g1_i2.p1,0.255534211804853
TRINITY_DN39848_c0_g1_i1.p1,-0.0873741483613634
TRINITY_DN3984_c0_g1_i28.p1,0.830357066570207
TRINITY_DN39850_c0_g3_i5.p1,-1.38953820853678
TRINITY_DN39879_c0_g2_i1.p1,-0.345604422251491
TRINITY_DN3988_c2_g2_i7.p1,2.67695482943086
TRINITY_DN3988_c7_g1_i2.p1,0.179995099100369
TRINITY_DN39910_c0_g1_i5.p1,-0.431542119588775
TRINITY_DN39914_c1_g1_i1.p2,0.247502806840054
TRINITY_DN3992_c0_g1_i16.p1,0.247403044914781
TRINITY_DN3992_c0_g1_i8.p1,-0.920010334678689
TRINITY_DN39955_c0_g1_i2.p1,0.0227014949875137
TRINITY_DN39956_c0_g1_i1.p1,0.557659334464453
TRINITY_DN39956_c0_g1_i2.p1,0.0963310988307728
TRINITY_DN39956_c0_g1_i4.p1,-0.264338829105046
TRINITY_DN3997_c0_g1_i42.p1,0.257404347662385
TRINITY_DN4000_c0_g1_i7.p1,0.467992371120468
TRINITY_DN4001_c0_g1_i1.p1,-0.0924714420280612
TRINITY_DN4001_c0_g1_i6.p1,-1.20188375747315
TRINITY_DN4001_c0_g1_i9.p1,-0.232293391987058
TRINITY_DN40050_c0_g1_i1.p1,0.457309041593716
TRINITY_DN40070_c1_g1_i15.p1,0.194110223456535
TRINITY_DN40070_c1_g1_i3.p1,0.572436722813464
TRINITY_DN4007_c0_g3_i5.p1,0.670685579679865
TRINITY_DN4009_c0_g1_i1.p1,1.43999294020011
TRINITY_DN4009_c0_g2_i3.p1,0.3534605145463
TRINITY_DN4009_c0_g2_i4.p1,-0.868883533116281
TRINITY_DN4009_c0_g2_i5.p1,0.468757525658264
TRINITY_DN4009_c1_g1_i6.p1,0.783596792655817
TRINITY_DN40130_c0_g1_i1.p1,-0.17600088470814
TRINITY_DN40139_c0_g1_i1.p1,1.02571613996064
TRINITY_DN40180_c0_g1_i2.p1,0.526534626651865
TRINITY_DN40186_c0_g2_i1.p1,0.509778914783977
TRINITY_DN40188_c0_g1_i1.p1,-0.81958539825412
TRINITY_DN401_c1_g1_i27.p1,0.333585877754081
TRINITY_DN401_c1_g1_i29.p1,0.108061296551205
TRINITY_DN401_c1_g1_i5.p1,-0.186682558173376
TRINITY_DN401_c1_g1_i6.p1,0.863139089074426
TRINITY_DN401_c1_g1_i8.p1,-1.59959623460505
TRINITY_DN40207_c1_g1_i1.p1,1.80930522305913
TRINITY_DN40207_c1_g1_i2.p1,0.447897057646026
TRINITY_DN40211_c0_g1_i3.p1,-0.250185936918939
TRINITY_DN40235_c0_g1_i1.p2,-0.348882602498623
TRINITY_DN40235_c0_g1_i3.p2,0.381022898685004
TRINITY_DN40247_c0_g1_i2.p1,-0.290682647081069
TRINITY_DN4024_c0_g1_i12.p1,1.86536500959748
TRINITY_DN4024_c0_g1_i69.p1,2.98646371349549
TRINITY_DN40254_c0_g2_i1.p1,-0.264339085652912
TRINITY_DN40254_c0_g2_i7.p1,-0.779480351392858
TRINITY_DN40256_c0_g1_i1.p1,-1.6921600545394
TRINITY_DN40257_c0_g1_i1.p1,-0.373746307256477
TRINITY_DN40297_c0_g1_i1.p1,0.000878418012760672
TRINITY_DN4029_c3_g1_i2.p1,-0.941770858825986
TRINITY_DN4029_c3_g1_i6.p1,-0.492526715109849
TRINITY_DN40310_c0_g1_i1.p1,-1.82759084481834
TRINITY_DN40310_c0_g1_i2.p1,-1.49901984157208
TRINITY_DN40310_c0_g1_i5.p1,-2.39793393604476
TRINITY_DN40324_c0_g1_i2.p1,0.688532117900434
TRINITY_DN4032_c0_g1_i10.p1,0.784532502917165
TRINITY_DN4032_c0_g1_i14.p1,0.372528416514512
TRINITY_DN4032_c0_g1_i16.p2,0.438695535308324
TRINITY_DN4032_c0_g1_i7.p1,1.6069813039038
TRINITY_DN40332_c0_g1_i1.p1,-0.043619073987998
TRINITY_DN40337_c0_g1_i2.p1,0.0360030894521848
TRINITY_DN40341_c0_g1_i3.p1,-0.738055488505139
TRINITY_DN40341_c0_g1_i4.p1,0.0140879753255062
TRINITY_DN40373_c0_g1_i1.p1,-0.741660408954016
TRINITY_DN40390_c2_g1_i1.p1,-0.12009469709182
TRINITY_DN40390_c2_g1_i2.p1,-1.03257661503562
TRINITY_DN40390_c2_g1_i4.p1,-0.120088226471002
TRINITY_DN40390_c2_g1_i5.p1,-0.480748635553247
TRINITY_DN40391_c0_g1_i1.p1,0.0538574504937421
TRINITY_DN40401_c0_g1_i2.p1,-0.548836172034674
TRINITY_DN4043_c0_g1_i6.p1,2.4699154860212
TRINITY_DN40442_c0_g2_i12.p1,0.48618031209545
TRINITY_DN40442_c0_g2_i9.p1,-0.00282551150518776
TRINITY_DN4047_c0_g4_i5.p1,1.00775821874533
TRINITY_DN40483_c0_g1_i1.p1,1.80928011312951
TRINITY_DN40483_c0_g1_i2.p1,1.08949497952476
TRINITY_DN404_c0_g2_i2.p1,0.0605618917928939
TRINITY_DN404_c0_g2_i4.p1,-0.237563437788505
TRINITY_DN404_c0_g2_i6.p1,0.692137067571811
TRINITY_DN40504_c0_g1_i1.p1,-1.03919747155295
TRINITY_DN40515_c0_g1_i20.p1,-0.841411703465404
TRINITY_DN40515_c0_g1_i7.p1,-0.969046391686698
TRINITY_DN4052_c0_g1_i5.p1,0.567696078216489
TRINITY_DN40548_c0_g1_i7.p1,0.655342964305586
TRINITY_DN40554_c0_g1_i2.p1,-0.841416655017385
TRINITY_DN40554_c0_g1_i3.p1,-1.37657784871821
TRINITY_DN40556_c0_g2_i5.p1,-0.12008778747068
TRINITY_DN4055_c3_g1_i4.p1,0.617659268876398
TRINITY_DN4056_c0_g1_i3.p1,-0.304370283562789
TRINITY_DN40576_c0_g1_i3.p1,-1.27964173887857
TRINITY_DN40576_c0_g1_i5.p1,-1.76081515176258
TRINITY_DN4057_c0_g2_i7.p1,0.272751013829106
TRINITY_DN4057_c0_g2_i8.p1,-1.08432548645008
TRINITY_DN4057_c0_g2_i9.p1,0.45697698176401
TRINITY_DN40640_c0_g2_i1.p1,-0.325411132425679
TRINITY_DN40644_c1_g1_i24.p1,-0.0870775654674281
TRINITY_DN40647_c0_g1_i2.p1,1.37249395686735
TRINITY_DN4065_c0_g1_i1.p1,-0.793341338787614
TRINITY_DN40690_c0_g1_i1.p1,-0.628438597698212
TRINITY_DN40690_c0_g3_i1.p1,-0.331531696149905
TRINITY_DN40690_c0_g3_i3.p1,-0.978045831590851
TRINITY_DN40690_c0_g3_i4.p1,1.36820180852161
TRINITY_DN40698_c0_g1_i2.p1,-0.266509761819146
TRINITY_DN4071_c0_g1_i17.p1,-0.120088226471002
TRINITY_DN4071_c0_g1_i23.p1,0.234936906462563
TRINITY_DN4071_c0_g1_i8.p1,0.751598252356788
TRINITY_DN4075_c0_g3_i3.p2,-1.57043809318543
TRINITY_DN40763_c0_g2_i1.p1,-0.340358025430805
TRINITY_DN40772_c0_g1_i2.p1,-0.886868379382459
TRINITY_DN40774_c0_g1_i1.p1,0.627033254313644
TRINITY_DN40780_c0_g1_i2.p1,1.65750627120125
TRINITY_DN407_c0_g1_i2.p1,1.06166355244749
TRINITY_DN40833_c0_g2_i5.p1,-0.533953232601192
TRINITY_DN40833_c0_g2_i6.p1,0.13807288705872
TRINITY_DN4083_c0_g2_i1.p1,0.900995934812856
TRINITY_DN4083_c0_g2_i2.p1,-0.286154464587648
TRINITY_DN4083_c0_g2_i3.p1,2.04498585238751
TRINITY_DN40848_c0_g1_i1.p1,0.124226304215665
TRINITY_DN40865_c2_g1_i1.p1,0.257015394187395
TRINITY_DN41066_c0_g1_i3.p1,-0.26433469602968
TRINITY_DN4106_c0_g2_i3.p1,1.77294213150338
TRINITY_DN4106_c0_g2_i5.p1,0.629066406310752
TRINITY_DN41080_c0_g1_i1.p2,-1.77313902512394
TRINITY_DN41106_c1_g1_i1.p1,-0.0550117595516819
TRINITY_DN41106_c1_g1_i4.p1,-2.42471376648602
TRINITY_DN41108_c0_g1_i16.p1,1.36563708926843
TRINITY_DN4111_c1_g1_i3.p1,-0.264339947318168
TRINITY_DN4111_c1_g1_i5.p1,-0.010708509248142
TRINITY_DN41126_c1_g1_i1.p1,-1.81669210157865
TRINITY_DN41126_c1_g1_i2.p1,-1.47328498630458
TRINITY_DN41145_c0_g1_i1.p1,-0.771693031779882
TRINITY_DN4114_c0_g1_i2.p1,0.480297766252798
TRINITY_DN4114_c0_g1_i6.p1,1.73254566339124
TRINITY_DN41159_c0_g1_i1.p1,0.0607583207892666
TRINITY_DN41175_c0_g1_i2.p1,0.0569546424731035
TRINITY_DN41186_c0_g1_i2.p1,-0.35461333054703
TRINITY_DN41189_c0_g1_i1.p1,-0.120087824337174
TRINITY_DN41189_c0_g1_i5.p1,-0.492170634271991
TRINITY_DN41202_c0_g1_i1.p1,0.516770261851627
TRINITY_DN4120_c1_g1_i4.p1,-1.20228174054313
TRINITY_DN4120_c1_g1_i6.p1,-0.841415935481908
TRINITY_DN4120_c1_g1_i7.p1,0.456981296478662
TRINITY_DN41211_c0_g1_i5.p1,-0.768660791964832
TRINITY_DN41211_c0_g1_i6.p1,0.69588122942519
TRINITY_DN41248_c0_g1_i2.p1,-1.35829024356438
TRINITY_DN41248_c0_g1_i4.p1,0.308771199805146
TRINITY_DN41261_c1_g1_i1.p1,-0.54354228140464
TRINITY_DN4127_c3_g1_i3.p1,0.449156599714257
TRINITY_DN4127_c3_g1_i4.p1,-1.50020510132631
TRINITY_DN41281_c0_g1_i3.p1,0.523507489358572
TRINITY_DN41297_c0_g1_i4.p1,-0.348309677464298
TRINITY_DN41297_c0_g2_i2.p1,-0.04672592518567
TRINITY_DN412_c0_g1_i13.p1,0.761343791034159
TRINITY_DN412_c0_g1_i2.p1,0.859129968161283
TRINITY_DN412_c0_g1_i23.p1,-1.79708543689192
TRINITY_DN412_c0_g1_i26.p1,1.46024743465763
TRINITY_DN412_c0_g1_i8.p1,-0.203716687252817
TRINITY_DN41322_c0_g1_i12.p1,-0.841401001883615
TRINITY_DN41322_c0_g1_i4.p1,-0.120094593487491
TRINITY_DN4133_c1_g1_i10.p1,0.819328112090211
TRINITY_DN4133_c1_g1_i12.p1,0.626712281929535
TRINITY_DN4133_c1_g1_i2.p1,-0.311360374656354
TRINITY_DN4133_c1_g1_i4.p1,-0.13455410200919
TRINITY_DN4133_c1_g1_i5.p1,0.907187115730527
TRINITY_DN4133_c1_g1_i7.p1,-0.0322856290265676
TRINITY_DN4133_c1_g1_i8.p1,0.565585415691611
TRINITY_DN41356_c0_g1_i1.p2,-0.02963528651653
TRINITY_DN41359_c0_g1_i3.p1,-0.924128015762185
TRINITY_DN41362_c0_g1_i1.p1,2.78664460961098
TRINITY_DN41412_c0_g1_i2.p1,0.271175547938546
TRINITY_DN41422_c0_g1_i13.p1,1.72616722518141
TRINITY_DN41423_c0_g1_i8.p1,-1.58498567296736
TRINITY_DN41453_c0_g1_i1.p1,-0.198583843077985
TRINITY_DN4146_c0_g1_i3.p1,0.307980980429112
TRINITY_DN4146_c0_g1_i5.p1,-0.966806833226752
TRINITY_DN41505_c0_g1_i4.p1,1.30972381830374
TRINITY_DN4150_c0_g1_i2.p1,-1.39195298247708
TRINITY_DN4150_c0_g1_i4.p1,-0.0174589641849538
TRINITY_DN41510_c2_g1_i1.p1,-1.87067156976639
TRINITY_DN4151_c2_g1_i3.p1,-1.7163504614104
TRINITY_DN4151_c2_g1_i4.p1,0.925383947915773
TRINITY_DN41553_c0_g1_i1.p1,-0.819032139386764
TRINITY_DN41553_c0_g1_i4.p1,0.424375154808049
TRINITY_DN41553_c0_g1_i6.p1,2.85318194190606
TRINITY_DN41553_c0_g1_i7.p1,0.364368720634902
TRINITY_DN41555_c0_g1_i2.p1,-1.55980582588554
TRINITY_DN41592_c0_g1_i1.p1,2.1522140581083
TRINITY_DN41592_c0_g1_i2.p1,0.357308468809984
TRINITY_DN4160_c0_g1_i3.p1,-0.675671559308363
TRINITY_DN4160_c0_g1_i4.p1,-0.264341882414712
TRINITY_DN4160_c0_g1_i6.p1,-2.26107692339471
TRINITY_DN41614_c0_g1_i1.p2,0.346409568316649
TRINITY_DN4163_c0_g1_i4.p1,0.0884018166298328
TRINITY_DN4165_c0_g1_i3.p1,0.662845819508857
TRINITY_DN41664_c1_g2_i2.p1,0.5286894002098
TRINITY_DN41674_c0_g1_i1.p1,-1.18355459539798
TRINITY_DN41709_c0_g1_i6.p1,1.87736543084973
TRINITY_DN41709_c0_g1_i7.p1,-0.0779156418386174
TRINITY_DN41736_c0_g2_i1.p1,-0.772654195530739
TRINITY_DN41736_c1_g1_i2.p1,1.40972689749202
TRINITY_DN4173_c0_g1_i4.p1,-1.304761280569
TRINITY_DN4174_c0_g1_i10.p1,1.95772475086328
TRINITY_DN4179_c0_g1_i4.p1,-0.480743005629443
TRINITY_DN41856_c1_g2_i1.p1,0.427566219594765
TRINITY_DN41856_c1_g2_i3.p1,-0.12009469709182
TRINITY_DN41880_c0_g1_i3.p1,-0.997273319412938
TRINITY_DN41880_c0_g1_i4.p1,0.253779504675431
TRINITY_DN41880_c0_g1_i5.p1,0.374251036030672
TRINITY_DN41880_c0_g1_i6.p1,-1.56340313192054
TRINITY_DN41893_c0_g1_i8.p1,0.217245686278886
TRINITY_DN41893_c0_g1_i80.p1,0.588292318746117
TRINITY_DN4189_c0_g1_i3.p1,-1.73483380487682
TRINITY_DN41918_c0_g1_i1.p1,-1.99298894411302
TRINITY_DN41918_c1_g1_i1.p1,1.29504598542534
TRINITY_DN41953_c1_g1_i6.p1,-0.120093856394806
TRINITY_DN41953_c1_g1_i8.p1,1.79781235310965
TRINITY_DN4199_c4_g1_i3.p1,-0.0978575871903816
TRINITY_DN41_c1_g2_i2.p1,-0.380581129760955
TRINITY_DN42002_c0_g3_i1.p1,0.788861511846288
TRINITY_DN42002_c0_g3_i2.p1,1.179670798978
TRINITY_DN42032_c0_g1_i11.p1,-0.218818365817544
TRINITY_DN42032_c0_g1_i27.p1,0.743772221865085
TRINITY_DN42032_c0_g1_i5.p1,2.0238507128184
TRINITY_DN4205_c2_g1_i2.p1,-0.788645206106594
TRINITY_DN42079_c1_g1_i1.p1,-0.735175423321747
TRINITY_DN4214_c1_g2_i2.p1,-0.336326764671734
TRINITY_DN42169_c0_g1_i4.p1,-0.154410264885926
TRINITY_DN421_c0_g1_i22.p1,-0.0364519587629883
TRINITY_DN42283_c0_g2_i1.p1,-0.205836007073776
TRINITY_DN42307_c0_g1_i2.p1,-1.16178869474765
TRINITY_DN42308_c0_g1_i1.p1,-0.263392316914996
TRINITY_DN42308_c0_g1_i2.p1,-0.12312748373987
TRINITY_DN42308_c0_g1_i3.p1,0.175423473337263
TRINITY_DN4231_c0_g1_i15.p1,1.4077795371832
TRINITY_DN4231_c0_g1_i20.p1,-0.0302848548427674
TRINITY_DN4231_c0_g1_i22.p1,-0.480743005629444
TRINITY_DN4231_c0_g1_i4.p1,-0.302640216683021
TRINITY_DN42326_c0_g1_i1.p1,0.793434795248931
TRINITY_DN42350_c0_g1_i4.p2,0.863562644097122
TRINITY_DN42350_c1_g1_i2.p1,0.723695995859396
TRINITY_DN42350_c1_g1_i4.p2,1.18872007112881
TRINITY_DN42351_c0_g1_i1.p1,-2.17259275982157
TRINITY_DN42352_c1_g1_i5.p1,2.10669019093091
TRINITY_DN42352_c1_g1_i6.p1,-0.120086560310612
TRINITY_DN42354_c0_g1_i1.p1,-0.0538022208289064
TRINITY_DN42365_c0_g1_i1.p1,-0.444871276337774
TRINITY_DN4239_c0_g1_i1.p1,0.0963229669424909
TRINITY_DN4239_c0_g1_i2.p1,-0.407517552816055
TRINITY_DN42404_c0_g1_i1.p1,0.358512074565795
TRINITY_DN42404_c0_g1_i2.p1,1.3465158605935
TRINITY_DN42416_c1_g1_i5.p1,2.26415169014258
TRINITY_DN42425_c0_g1_i1.p1,-0.0952874664530134
TRINITY_DN42425_c0_g1_i2.p1,-0.480745820591345
TRINITY_DN42426_c0_g1_i2.p1,-0.397991260493616
TRINITY_DN42426_c0_g1_i4.p1,-0.494917680846176
TRINITY_DN42426_c0_g2_i2.p1,-2.57714095837702
TRINITY_DN4242_c0_g1_i3.p1,0.334680143478265
TRINITY_DN42437_c0_g1_i1.p1,-1.95818595440031
TRINITY_DN42444_c0_g1_i1.p2,1.69799266788607
TRINITY_DN42496_c0_g1_i2.p1,2.63255674912856
TRINITY_DN42506_c0_g1_i3.p1,0.0938728872871143
TRINITY_DN42506_c0_g1_i4.p1,-1.56608757021405
TRINITY_DN42524_c0_g1_i6.p1,0.129865360490532
TRINITY_DN4252_c0_g1_i11.p1,-1.59079128580355
TRINITY_DN4252_c0_g1_i6.p1,0.249166645377825
TRINITY_DN42556_c1_g1_i2.p1,-1.55635096152773
TRINITY_DN4259_c12_g1_i1.p2,0.424580193137827
TRINITY_DN4259_c1_g1_i1.p1,0.971150786967143
TRINITY_DN4259_c5_g1_i1.p1,0.0266099283671071
TRINITY_DN425_c0_g1_i1.p1,-0.238403830088749
TRINITY_DN4261_c0_g1_i1.p1,0.336982276702676
TRINITY_DN4261_c0_g1_i2.p1,-0.194917332772307
TRINITY_DN4261_c0_g1_i7.p1,0.0711996333601301
TRINITY_DN4261_c0_g1_i8.p1,0.164353981344144
TRINITY_DN42707_c5_g1_i1.p1,-1.49817938654678
TRINITY_DN4272_c0_g1_i3.p1,1.39230388851607
TRINITY_DN4273_c0_g1_i3.p1,1.00046895490386
TRINITY_DN4273_c0_g1_i4.p1,0.345567736335106
TRINITY_DN4273_c0_g1_i6.p1,2.05449576662642
TRINITY_DN4273_c0_g1_i8.p1,-0.499473307211876
TRINITY_DN42762_c0_g1_i11.p1,0.248740534592477
TRINITY_DN42762_c0_g1_i12.p1,-0.721910956770431
TRINITY_DN42762_c0_g1_i16.p1,-0.993817389938286
TRINITY_DN42762_c0_g1_i18.p1,0.0829209215082718
TRINITY_DN42772_c0_g1_i12.p1,-2.6962560496429
TRINITY_DN42772_c0_g1_i13.p1,3.08435235086621
TRINITY_DN42774_c0_g1_i1.p1,-3.10616001698168
TRINITY_DN42790_c0_g1_i5.p1,-0.480743005629443
TRINITY_DN42790_c0_g1_i8.p1,-0.120094258528633
TRINITY_DN42794_c0_g1_i1.p1,-2.92771289263623
TRINITY_DN42794_c0_g1_i2.p1,0.576596752981052
TRINITY_DN4279_c0_g1_i11.p1,-0.696248122489584
TRINITY_DN4279_c0_g1_i2.p1,-0.225809855474553
TRINITY_DN42809_c0_g1_i2.p1,-0.120094262418743
TRINITY_DN42809_c0_g1_i3.p1,1.8092987888668
TRINITY_DN4280_c0_g1_i12.p1,-0.713130747085884
TRINITY_DN4280_c0_g1_i13.p1,-0.120091041432904
TRINITY_DN4280_c0_g1_i8.p1,0.0685091150027757
TRINITY_DN428_c0_g1_i1.p1,-0.0538036784602144
TRINITY_DN42929_c0_g2_i1.p1,-0.120090639299076
TRINITY_DN4292_c1_g1_i2.p1,0.137963227557941
TRINITY_DN4292_c1_g1_i4.p1,-0.75059712066962
TRINITY_DN4296_c0_g3_i12.p1,1.6403106746237
TRINITY_DN4296_c0_g3_i4.p1,1.04927722841956
TRINITY_DN4296_c0_g3_i6.p1,-1.61928970343349
TRINITY_DN42_c0_g1_i12.p1,0.311012908162135
TRINITY_DN4305_c3_g1_i2.p1,0.0560668947721405
TRINITY_DN43082_c3_g1_i1.p2,0.313043869721633
TRINITY_DN4309_c1_g1_i3.p1,0.0192925396393656
TRINITY_DN430_c0_g1_i2.p1,-0.480750554175572
TRINITY_DN43128_c0_g1_i1.p1,1.26691515404533
TRINITY_DN4312_c0_g1_i1.p1,0.384796367101911
TRINITY_DN4313_c2_g1_i1.p1,0.534781958528252
TRINITY_DN4314_c0_g1_i14.p1,0.272205111874276
TRINITY_DN4314_c0_g1_i2.p1,-1.53139484865583
TRINITY_DN4314_c0_g1_i9.p1,-1.2023355836263
TRINITY_DN43154_c0_g1_i4.p1,-1.00857655714921
TRINITY_DN43168_c0_g1_i1.p1,-1.17803696935915
TRINITY_DN4319_c0_g1_i1.p1,-0.435142253732334
TRINITY_DN4319_c0_g1_i2.p1,-0.193733003775821
TRINITY_DN4320_c0_g1_i4.p1,0.00998353413887684
TRINITY_DN4321_c2_g2_i7.p1,0.230322986178048
TRINITY_DN4321_c2_g2_i9.p1,0.332581165976763
TRINITY_DN43251_c0_g1_i1.p1,-0.841414503591439
TRINITY_DN43251_c0_g1_i21.p1,-0.944379218532186
TRINITY_DN4325_c0_g2_i2.p1,0.714681636228261
TRINITY_DN43260_c0_g1_i1.p1,-0.167592583337399
TRINITY_DN4326_c2_g1_i11.p1,1.14276844958549
TRINITY_DN4326_c2_g1_i12.p1,0.292694144517269
TRINITY_DN43274_c2_g2_i3.p1,-1.62359620873401
TRINITY_DN43274_c2_g2_i4.p1,0.349331591191627
TRINITY_DN4327_c2_g1_i1.p1,0.968616413074449
TRINITY_DN4327_c2_g2_i1.p1,-1.16136073939007
TRINITY_DN4327_c2_g2_i10.p1,-0.436092237033004
TRINITY_DN43281_c0_g1_i1.p1,0.125136527379019
TRINITY_DN4328_c0_g1_i1.p1,0.244684769568584
TRINITY_DN4329_c0_g1_i3.p1,1.01344671195105
TRINITY_DN4329_c0_g1_i4.p1,-1.4205304839107
TRINITY_DN4332_c0_g1_i8.p1,0.513883935786395
TRINITY_DN4335_c0_g1_i11.p1,0.362829796267297
TRINITY_DN4335_c0_g1_i3.p1,-1.1111538178389
TRINITY_DN43362_c0_g1_i1.p1,0.202540234460926
TRINITY_DN43388_c0_g2_i4.p1,-0.337560982706496
TRINITY_DN43398_c0_g1_i1.p1,1.47036928068586
TRINITY_DN43398_c0_g1_i2.p1,-0.841408957852745
TRINITY_DN43416_c0_g1_i4.p1,0.500779924828982
TRINITY_DN4342_c0_g1_i12.p1,-0.264337862689731
TRINITY_DN4342_c0_g1_i16.p1,-1.19827305617427
TRINITY_DN4342_c0_g1_i47.p1,-0.751167698409842
TRINITY_DN4342_c0_g1_i48.p1,1.81315531571002
TRINITY_DN4342_c0_g1_i8.p1,-2.14587198622116
TRINITY_DN4343_c1_g1_i4.p1,-0.192585209543825
TRINITY_DN4343_c3_g2_i1.p1,-0.511932904753277
TRINITY_DN4343_c7_g1_i4.p2,-0.87755473764068
TRINITY_DN4345_c0_g1_i14.p1,1.74886348033661
TRINITY_DN4345_c0_g1_i41.p1,1.91375144601801
TRINITY_DN43464_c0_g1_i2.p1,-1.57239267304589
TRINITY_DN43464_c0_g1_i4.p1,1.87830452696089
TRINITY_DN43466_c2_g2_i3.p1,0.57574395449553
TRINITY_DN4347_c0_g1_i4.p1,-0.386795809778263
TRINITY_DN4347_c0_g1_i7.p1,-0.0466882014005631
TRINITY_DN4347_c0_g1_i9.p1,-0.971508143754996
TRINITY_DN43481_c0_g1_i1.p1,0.0963168660330325
TRINITY_DN43481_c0_g1_i2.p1,2.10423081156564
TRINITY_DN43491_c0_g1_i5.p1,3.26888737023838
TRINITY_DN4350_c1_g1_i1.p1,0.688769001734998
TRINITY_DN43554_c0_g1_i3.p1,-0.503502461110772
TRINITY_DN43554_c0_g1_i4.p1,-0.841413485041634
TRINITY_DN43580_c0_g1_i2.p1,-0.470099964748622
TRINITY_DN43580_c0_g1_i4.p1,-1.16208758348764
TRINITY_DN43593_c0_g1_i1.p2,-0.399723302430409
TRINITY_DN43608_c0_g1_i1.p1,-0.410596839643086
TRINITY_DN43621_c0_g1_i5.p1,0.358271398719972
TRINITY_DN4362_c0_g1_i2.p1,2.46576513467364
TRINITY_DN43630_c0_g1_i6.p1,-0.480743005629443
TRINITY_DN43630_c0_g1_i8.p1,-0.514611766799905
TRINITY_DN43630_c0_g2_i1.p1,0.0713937333591224
TRINITY_DN43654_c0_g1_i1.p1,-1.21306714937447
TRINITY_DN4366_c0_g1_i1.p1,1.45124441119595
TRINITY_DN4366_c0_g1_i2.p1,-0.125813975478257
TRINITY_DN436_c0_g1_i1.p1,-2.60760490716838
TRINITY_DN43730_c0_g1_i1.p2,-2.2482513427466
TRINITY_DN4373_c0_g1_i2.p1,-0.124605609844308
TRINITY_DN43743_c0_g2_i1.p1,-0.563817349431095
TRINITY_DN43750_c0_g1_i1.p1,0.358312073004133
TRINITY_DN43768_c0_g1_i2.p1,-0.804845948127924
TRINITY_DN43768_c0_g1_i3.p1,1.52515560870852
TRINITY_DN43768_c0_g1_i7.p1,0.36656848265124
TRINITY_DN43768_c1_g2_i1.p1,-2.77437527396825
TRINITY_DN43785_c0_g1_i2.p1,0.335780999182719
TRINITY_DN43788_c2_g2_i3.p1,0.894968706613254
TRINITY_DN43788_c2_g2_i7.p1,1.8114540298883
TRINITY_DN43842_c0_g2_i3.p1,0.36527221772103
TRINITY_DN43842_c0_g2_i4.p1,0.0627318864003776
TRINITY_DN43848_c0_g1_i2.p1,-0.320898558765407
TRINITY_DN43923_c0_g1_i3.p1,0.547477118901359
TRINITY_DN4394_c0_g2_i2.p1,-0.237609741648257
TRINITY_DN4394_c3_g1_i3.p1,-0.497410412268457
TRINITY_DN4394_c3_g2_i1.p1,1.38386289758489
TRINITY_DN43974_c0_g1_i2.p1,-0.00260068664991478
TRINITY_DN4397_c0_g1_i2.p1,0.650254015435304
TRINITY_DN439_c0_g1_i102.p1,0.0917564847659605
TRINITY_DN439_c0_g1_i44.p1,0.36246255295555
TRINITY_DN439_c0_g1_i49.p1,0.986476431469004
TRINITY_DN439_c0_g1_i94.p1,0.593947861452908
TRINITY_DN43_c1_g1_i1.p1,0.497926681170126
TRINITY_DN4400_c0_g1_i3.p1,-0.326215273140746
TRINITY_DN4401_c0_g1_i2.p1,-1.66631821008638
TRINITY_DN4402_c0_g2_i4.p1,-1.11027443081116
TRINITY_DN44070_c0_g1_i6.p1,0.347558658209343
TRINITY_DN44070_c0_g1_i8.p1,-2.12343064966465
TRINITY_DN44070_c0_g1_i9.p1,-0.120096726146836
TRINITY_DN44091_c0_g1_i1.p1,-1.08335071080732
TRINITY_DN44091_c0_g1_i2.p1,0.816037234700058
TRINITY_DN44114_c0_g1_i1.p1,1.42610975534711
TRINITY_DN44114_c0_g1_i3.p1,-0.789214021159354
TRINITY_DN44163_c0_g1_i10.p1,-0.228420165786564
TRINITY_DN44163_c0_g1_i11.p1,2.20371863890402
TRINITY_DN44163_c0_g1_i19.p1,-1.13825355561047
TRINITY_DN44163_c0_g1_i2.p1,1.42611694503439
TRINITY_DN44163_c0_g1_i25.p1,1.15716658157804
TRINITY_DN44163_c0_g1_i4.p1,1.43440653382708
TRINITY_DN4419_c1_g1_i1.p1,-1.49743965614744
TRINITY_DN4419_c1_g1_i3.p1,-0.120144822686435
TRINITY_DN4419_c1_g2_i11.p1,0.773365208611092
TRINITY_DN4419_c1_g2_i7.p1,1.07059325178636
TRINITY_DN44258_c0_g1_i1.p1,0.121580512355764
TRINITY_DN44258_c0_g1_i3.p1,0.928345425870628
TRINITY_DN4428_c0_g1_i1.p1,0.291365798315196
TRINITY_DN4428_c0_g1_i5.p1,0.0101301127601989
TRINITY_DN4428_c0_g1_i8.p1,1.48020107865407
TRINITY_DN44292_c0_g1_i1.p1,0.252906291513613
TRINITY_DN44328_c0_g1_i1.p1,-0.162748274341124
TRINITY_DN4432_c2_g1_i1.p1,-0.113533696196371
TRINITY_DN44337_c0_g1_i2.p1,-0.120088226471002
TRINITY_DN4433_c0_g1_i6.p1,-0.0936245267742592
TRINITY_DN44344_c0_g1_i1.p1,-2.20850556801363
TRINITY_DN4440_c3_g1_i15.p1,-2.89325327207321
TRINITY_DN4440_c3_g1_i24.p1,0.862424836999053
TRINITY_DN4440_c3_g1_i5.p1,-0.12009921084656
TRINITY_DN44413_c0_g1_i1.p1,0.110481932249166
TRINITY_DN4443_c0_g1_i11.p1,1.52357678734299
TRINITY_DN4443_c0_g1_i12.p1,0.400597823410342
TRINITY_DN4443_c0_g1_i15.p1,0.317602403294062
TRINITY_DN4443_c0_g1_i5.p1,0.38247974451589
TRINITY_DN4443_c0_g1_i8.p1,0.300629376869141
TRINITY_DN4445_c0_g1_i3.p1,-0.0635395728152116
TRINITY_DN44475_c0_g1_i1.p1,-1.16594450271125
TRINITY_DN4447_c0_g1_i1.p1,2.31047266495686
TRINITY_DN4447_c0_g1_i4.p1,-0.0844388375439605
TRINITY_DN44499_c0_g1_i1.p1,1.64736955920824
TRINITY_DN4453_c0_g1_i2.p1,-2.04778051684705
TRINITY_DN4457_c0_g2_i3.p1,-0.24697056770072
TRINITY_DN44590_c0_g1_i2.p1,1.00034047499145
TRINITY_DN44644_c1_g1_i3.p1,-1.66618861025829
TRINITY_DN44644_c1_g1_i4.p1,1.25476041916298
TRINITY_DN44644_c1_g1_i5.p1,0.839721720102181
TRINITY_DN44644_c1_g1_i8.p1,0.601150848047412
TRINITY_DN44663_c0_g1_i5.p1,-1.22690407131682
TRINITY_DN44666_c0_g1_i1.p1,2.60905681532256
TRINITY_DN446_c0_g1_i3.p1,-1.34645541723443
TRINITY_DN44709_c1_g1_i8.p1,0.752495066920137
TRINITY_DN44759_c3_g2_i1.p1,-1.33682063916108
TRINITY_DN4475_c1_g1_i1.p1,-0.864205728543096
TRINITY_DN4475_c1_g1_i2.p1,-0.303182059695749
TRINITY_DN4475_c1_g1_i4.p1,-1.08768957965256
TRINITY_DN44760_c0_g1_i1.p1,0.81082290125229
TRINITY_DN44760_c0_g1_i3.p1,1.08949497952476
TRINITY_DN4477_c0_g1_i6.p1,-0.450402965267048
TRINITY_DN4477_c2_g1_i3.p1,0.71973108137367
TRINITY_DN44782_c0_g1_i1.p1,-0.43217572818999
TRINITY_DN4478_c3_g1_i1.p1,-1.37397844915916
TRINITY_DN44804_c1_g1_i8.p1,-0.841419055472923
TRINITY_DN44823_c0_g1_i5.p1,1.00527115264068
TRINITY_DN44829_c1_g1_i2.p1,0.123622256598823
TRINITY_DN44829_c1_g1_i4.p1,0.439233368573903
TRINITY_DN44829_c3_g1_i5.p1,-0.841404218979345
TRINITY_DN4482_c1_g2_i1.p1,-2.15769581893811
TRINITY_DN4482_c1_g2_i2.p1,1.12927548188714
TRINITY_DN4482_c1_g2_i4.p1,0.0750899652634256
TRINITY_DN44877_c0_g1_i1.p1,0.267577243617302
TRINITY_DN44886_c0_g1_i9.p1,0.406145303883377
TRINITY_DN44894_c0_g2_i3.p1,-0.12009469709182
TRINITY_DN4491_c0_g1_i13.p1,0.693909293169787
TRINITY_DN44950_c0_g1_i4.p1,0.454134135623372
TRINITY_DN44993_c0_g1_i4.p1,-0.505966878356553
TRINITY_DN44993_c0_g1_i8.p1,1.05207806998235
TRINITY_DN449_c0_g1_i42.p1,0.804054230973114
TRINITY_DN449_c0_g1_i60.p1,-1.20230287392935
TRINITY_DN449_c0_g1_i72.p1,-0.350696471345944
TRINITY_DN4500_c0_g1_i2.p1,2.23919523296134
TRINITY_DN4500_c0_g1_i6.p1,-0.989425282550257
TRINITY_DN4502_c0_g1_i1.p1,-0.532559681048908
TRINITY_DN4502_c0_g1_i3.p1,-0.120088226471002
TRINITY_DN45049_c0_g1_i1.p1,0.297641563105256
TRINITY_DN4506_c0_g1_i9.p1,0.95148060321263
TRINITY_DN45081_c0_g2_i4.p1,0.506677750036423
TRINITY_DN45081_c0_g2_i5.p1,2.43626253527156
TRINITY_DN4510_c0_g1_i1.p1,0.369885888324708
TRINITY_DN4510_c0_g1_i6.p1,0.193177845957566
TRINITY_DN4514_c0_g1_i12.p1,2.3211386694835
TRINITY_DN4514_c0_g1_i13.p1,0.552889535223485
TRINITY_DN45220_c0_g2_i4.p1,1.0554223519793
TRINITY_DN45220_c0_g2_i5.p1,-0.729390558715952
TRINITY_DN45243_c0_g1_i2.p1,0.232119033363333
TRINITY_DN45243_c0_g1_i5.p1,1.96144235519333
TRINITY_DN45243_c0_g1_i7.p1,0.0963266160229289
TRINITY_DN45277_c0_g1_i1.p1,-0.26434040250802
TRINITY_DN4527_c0_g1_i3.p1,0.38778298333793
TRINITY_DN4527_c0_g1_i6.p1,-0.349120094328792
TRINITY_DN45288_c0_g1_i1.p1,0.719219943632065
TRINITY_DN45288_c0_g1_i2.p1,-0.694939438681709
TRINITY_DN4528_c2_g2_i1.p1,2.35904400174313
TRINITY_DN45398_c4_g1_i1.p1,-0.136749680575848
TRINITY_DN453_c0_g1_i1.p1,0.558896635219394
TRINITY_DN45405_c0_g1_i1.p1,-0.120090639299077
TRINITY_DN45405_c0_g1_i2.p1,1.92031344555054
TRINITY_DN45420_c0_g1_i4.p1,-0.530815651980979
TRINITY_DN45420_c0_g1_i5.p1,-0.638962049124291
TRINITY_DN45439_c0_g1_i1.p1,0.142886673391608
TRINITY_DN4543_c4_g2_i1.p1,0.64898524311855
TRINITY_DN4546_c0_g2_i1.p1,1.05249447160466
TRINITY_DN4546_c0_g2_i3.p1,-0.310217384835962
TRINITY_DN4546_c0_g2_i4.p1,0.397153119013664
TRINITY_DN45476_c0_g1_i1.p1,0.262236246473216
TRINITY_DN45476_c0_g1_i11.p1,0.115795307887998
TRINITY_DN45489_c1_g1_i1.p1,0.0110286959125531
TRINITY_DN45489_c1_g1_i11.p1,0.722941390521615
TRINITY_DN45489_c1_g1_i2.p1,-0.480751450515149
TRINITY_DN45489_c1_g1_i5.p1,1.00234015473428
TRINITY_DN4548_c1_g1_i3.p1,0.455106426305619
TRINITY_DN4553_c0_g1_i29.p1,-0.936855178061222
TRINITY_DN4553_c0_g1_i32.p1,0.640518822643829
TRINITY_DN4553_c1_g1_i3.p1,0.606493940893111
TRINITY_DN4553_c1_g1_i5.p1,-2.80119639796518
TRINITY_DN45552_c0_g1_i1.p1,0.158612405579028
TRINITY_DN4556_c1_g1_i1.p1,-0.120094258528634
TRINITY_DN4556_c1_g1_i2.p1,-0.120093856394805
TRINITY_DN4556_c1_g1_i3.p1,0.241738404903275
TRINITY_DN4556_c1_g1_i4.p1,0.219777080831735
TRINITY_DN4561_c0_g1_i25.p1,0.186760019025224
TRINITY_DN45635_c0_g1_i1.p1,0.0413034465326101
TRINITY_DN45635_c0_g1_i2.p1,-1.17564094188018
TRINITY_DN45644_c0_g1_i3.p1,0.105366696223179
TRINITY_DN4564_c8_g1_i1.p1,0.00502995045822151
TRINITY_DN45682_c1_g1_i1.p1,1.32477417242699
TRINITY_DN45720_c0_g1_i22.p1,0.201430092096998
TRINITY_DN45720_c0_g1_i23.p1,0.884389842409271
TRINITY_DN45720_c0_g1_i28.p1,0.205621592364489
TRINITY_DN45720_c0_g1_i4.p1,-0.506081538373533
TRINITY_DN45720_c0_g1_i7.p1,-0.818860772063344
TRINITY_DN45721_c0_g1_i11.p1,-2.12156140062693
TRINITY_DN45721_c0_g1_i12.p1,1.05014662573806
TRINITY_DN45746_c0_g1_i1.p1,0.298902479325466
TRINITY_DN4574_c0_g1_i12.p1,0.18722073820334
TRINITY_DN4574_c0_g1_i17.p1,-0.5165397818064
TRINITY_DN4574_c0_g1_i44.p1,1.41961274616458
TRINITY_DN4574_c0_g1_i5.p1,0.308915414758494
TRINITY_DN4580_c0_g2_i1.p1,0.902215657788755
TRINITY_DN4580_c0_g2_i2.p1,0.181416060274609
TRINITY_DN45857_c0_g1_i1.p1,0.236546370695959
TRINITY_DN45895_c0_g1_i1.p1,1.19825005519472
TRINITY_DN45895_c0_g1_i2.p1,0.849162125252761
TRINITY_DN45895_c0_g1_i4.p1,0.945113891601627
TRINITY_DN45895_c0_g1_i7.p1,0.484911154050689
TRINITY_DN4590_c1_g1_i1.p1,-0.822119187574377
TRINITY_DN4597_c4_g1_i1.p1,-0.197397549331644
TRINITY_DN45989_c5_g2_i1.p1,0.328190712874461
TRINITY_DN4598_c0_g1_i2.p1,1.87119933630759
TRINITY_DN4599_c1_g1_i1.p2,0.0153582479407293
TRINITY_DN459_c0_g1_i9.p1,-0.554049664606533
TRINITY_DN46043_c1_g1_i1.p1,1.35893285489746
TRINITY_DN4609_c0_g1_i5.p1,0.561060641104968
TRINITY_DN46111_c0_g1_i1.p1,-0.12009469709182
TRINITY_DN46112_c0_g1_i14.p1,-0.120099295546424
TRINITY_DN4614_c0_g1_i3.p1,0.214762727614655
TRINITY_DN4617_c1_g1_i10.p1,0.0735504282940653
TRINITY_DN4617_c1_g1_i14.p1,-0.841404218979344
TRINITY_DN4617_c1_g1_i16.p1,-0.167536226396592
TRINITY_DN46180_c0_g2_i10.p1,0.165036143049179
TRINITY_DN46180_c0_g2_i13.p1,-0.890623096024843
TRINITY_DN46180_c0_g2_i17.p1,0.0963239735862395
TRINITY_DN46180_c0_g2_i8.p1,0.0706039238409359
TRINITY_DN46180_c0_g2_i9.p1,-0.120091443566731
TRINITY_DN46192_c0_g1_i1.p1,-0.208141244439429
TRINITY_DN46261_c0_g1_i1.p1,-1.20235210436946
TRINITY_DN46261_c0_g1_i2.p1,0.72749323052039
TRINITY_DN46261_c0_g1_i3.p1,0.0963200831287618
TRINITY_DN4630_c0_g1_i3.p1,-0.591774818508122
TRINITY_DN4630_c0_g1_i6.p1,-0.0198519777035595
TRINITY_DN4630_c0_g1_i7.p1,-0.120087824337174
TRINITY_DN4639_c0_g1_i1.p1,0.82398730041808
TRINITY_DN4639_c0_g1_i5.p1,-0.0395486673417947
TRINITY_DN4639_c0_g1_i8.p1,1.15451449683599
TRINITY_DN46421_c0_g1_i1.p1,0.456454325010544
TRINITY_DN46439_c0_g1_i1.p1,0.296559892471516
TRINITY_DN46463_c0_g1_i1.p2,-0.579495562096985
TRINITY_DN46509_c2_g1_i1.p1,-0.178357706444177
TRINITY_DN46511_c1_g1_i1.p1,-0.46986155743812
TRINITY_DN46518_c0_g1_i2.p1,0.184003463005947
TRINITY_DN46558_c0_g1_i1.p1,0.157943195096378
TRINITY_DN46568_c0_g1_i1.p1,0.931345071955999
TRINITY_DN46568_c0_g1_i3.p1,0.517642084937819
TRINITY_DN46596_c0_g1_i1.p1,-0.444919725352444
TRINITY_DN46619_c0_g1_i1.p1,0.947426428720654
TRINITY_DN4661_c0_g1_i1.p1,2.20388637180585
TRINITY_DN4662_c1_g1_i2.p1,0.341753461564077
TRINITY_DN46638_c0_g1_i11.p1,1.10849141263906
TRINITY_DN46638_c0_g1_i14.p1,0.867280835839746
TRINITY_DN46638_c0_g1_i15.p1,0.123741141049249
TRINITY_DN46638_c0_g1_i3.p1,0.053994046576305
TRINITY_DN4663_c0_g1_i16.p1,-0.559507870794231
TRINITY_DN4663_c2_g1_i1.p1,-0.200992723957212
TRINITY_DN4666_c0_g1_i103.p1,-0.582964722071164
TRINITY_DN4666_c0_g1_i34.p1,-1.43565681966171
TRINITY_DN4666_c0_g1_i43.p1,0.704985742031229
TRINITY_DN4666_c0_g1_i62.p1,1.35704087161237
TRINITY_DN4666_c0_g1_i91.p1,-0.561642210439584
TRINITY_DN4666_c1_g1_i1.p1,0.63558427717987
TRINITY_DN4666_c1_g1_i5.p1,0.292632994440441
TRINITY_DN4666_c2_g1_i6.p1,-2.55268806260021
TRINITY_DN4666_c4_g1_i4.p1,0.487610611748301
TRINITY_DN4667_c0_g1_i12.p1,0.365572156011516
TRINITY_DN4667_c0_g1_i27.p1,2.33847571097415
TRINITY_DN4667_c0_g1_i36.p1,1.23618921819603
TRINITY_DN4667_c0_g1_i4.p1,-1.20233507587358
TRINITY_DN4667_c0_g1_i46.p1,0.633555780843278
TRINITY_DN4667_c0_g1_i50.p1,-1.07271053047662
TRINITY_DN46702_c0_g1_i1.p1,0.722375386275873
TRINITY_DN4670_c0_g1_i6.p1,0.488417015718833
TRINITY_DN46726_c0_g1_i1.p1,-0.480747037372232
TRINITY_DN4685_c0_g1_i10.p1,-0.343687448661735
TRINITY_DN46883_c1_g1_i2.p1,0.655781096636478
TRINITY_DN46883_c1_g1_i4.p1,-2.40841364567202
TRINITY_DN46918_c0_g1_i1.p1,0.747412079754134
TRINITY_DN4691_c0_g1_i16.p1,0.40532244016818
TRINITY_DN4691_c0_g1_i2.p1,-0.264340513943953
TRINITY_DN4691_c0_g1_i4.p1,-0.430596001776882
TRINITY_DN4691_c0_g1_i6.p1,-0.841414453740777
TRINITY_DN4692_c0_g1_i2.p1,-0.750345238908639
TRINITY_DN46980_c0_g2_i3.p1,0.277086498247013
TRINITY_DN4698_c0_g1_i10.p1,-2.29235161753839
TRINITY_DN4699_c0_g1_i1.p1,-1.49160226681097
TRINITY_DN47001_c0_g3_i2.p1,-0.120087824337175
TRINITY_DN47001_c0_g3_i5.p1,3.10976691780377
TRINITY_DN4701_c0_g1_i28.p1,0.740237847920834
TRINITY_DN47022_c0_g2_i1.p1,-0.967438892843676
TRINITY_DN4706_c0_g1_i4.p1,-0.791597487096366
TRINITY_DN4706_c0_g1_i7.p1,0.456981296478662
TRINITY_DN4706_c0_g1_i8.p1,-0.120091443566731
TRINITY_DN4709_c0_g1_i2.p1,-0.487974713937935
TRINITY_DN470_c0_g1_i24.p1,0.108034450642474
TRINITY_DN470_c0_g1_i5.p1,-0.325848888594897
TRINITY_DN470_c0_g1_i6.p1,-1.45759483560334
TRINITY_DN47154_c0_g1_i5.p2,-0.728869743646943
TRINITY_DN47154_c0_g1_i8.p2,0.138196802693582
TRINITY_DN47172_c0_g1_i1.p2,-0.746990850698268
TRINITY_DN47177_c0_g1_i2.p1,0.263956519772247
TRINITY_DN471_c0_g1_i10.p1,-1.11063094336461
TRINITY_DN471_c0_g1_i11.p1,-0.145798581667306
TRINITY_DN471_c0_g1_i12.p1,-0.343621196537365
TRINITY_DN471_c0_g1_i14.p1,1.79141329522729
TRINITY_DN471_c0_g1_i4.p1,-0.740215350983405
TRINITY_DN471_c1_g1_i5.p1,-0.579613790674058
TRINITY_DN47228_c0_g3_i1.p1,0.0853585425896081
TRINITY_DN47248_c0_g1_i4.p1,-0.286848720994025
TRINITY_DN47248_c0_g1_i5.p1,-1.7097836541658
TRINITY_DN47301_c0_g1_i2.p1,0.615957194576302
TRINITY_DN47307_c0_g1_i1.p1,0.728561258180468
TRINITY_DN47347_c0_g1_i1.p1,-3.37705548840711
TRINITY_DN47347_c5_g2_i1.p1,0.218235217646119
TRINITY_DN473_c0_g1_i2.p1,1.04715406035476
TRINITY_DN473_c0_g1_i6.p1,-0.0996267802866321
TRINITY_DN47423_c0_g1_i2.p1,-0.585739654797407
TRINITY_DN4743_c0_g1_i2.p1,1.58536070124336
TRINITY_DN47456_c0_g1_i1.p1,-0.320034631905443
TRINITY_DN47456_c0_g1_i2.p1,-1.30874507380854
TRINITY_DN474_c0_g1_i4.p1,0.494185279763577
TRINITY_DN4752_c0_g1_i1.p1,-0.02963640052986
TRINITY_DN47550_c2_g1_i3.p1,1.39647006081623
TRINITY_DN47558_c0_g1_i1.p1,1.96528304176744
TRINITY_DN4755_c0_g1_i1.p1,-1.57551475320659
TRINITY_DN4755_c0_g1_i10.p1,0.394775150969144
TRINITY_DN4755_c0_g1_i6.p2,0.456981296478662
TRINITY_DN47579_c2_g1_i1.p1,-0.544813316284211
TRINITY_DN4759_c0_g1_i1.p1,0.540482840604117
TRINITY_DN475_c0_g1_i1.p1,-0.480743005629444
TRINITY_DN475_c0_g1_i4.p1,-0.766210234152616
TRINITY_DN4761_c2_g1_i1.p1,-0.22399873157536
TRINITY_DN47628_c0_g1_i1.p1,0.34940153248646
TRINITY_DN47630_c0_g2_i1.p1,-0.758076808519464
TRINITY_DN47647_c0_g1_i1.p1,0.89153747506978
TRINITY_DN47669_c0_g1_i3.p1,0.456983556142745
TRINITY_DN47673_c0_g1_i2.p1,1.00592921162845
TRINITY_DN47673_c0_g1_i4.p1,0.337307813582195
TRINITY_DN476_c1_g1_i10.p1,-0.21541829084592
TRINITY_DN476_c2_g1_i1.p1,-1.25033778156339
TRINITY_DN476_c2_g1_i5.p1,-0.841404218979344
TRINITY_DN4770_c0_g1_i8.p1,0.381919948984429
TRINITY_DN4772_c1_g1_i1.p1,0.238845649327878
TRINITY_DN4772_c1_g1_i2.p1,-1.49526730235347
TRINITY_DN4772_c1_g2_i23.p1,0.830609522337359
TRINITY_DN4772_c1_g5_i2.p1,1.50733986527691
TRINITY_DN47735_c0_g1_i6.p1,1.43077164961751
TRINITY_DN4773_c0_g1_i9.p1,0.0168365016957159
TRINITY_DN4775_c0_g1_i2.p1,0.766287887490241
TRINITY_DN47778_c0_g1_i1.p1,-0.810976256582279
TRINITY_DN47804_c4_g1_i1.p1,0.187328251895419
TRINITY_DN4784_c0_g1_i4.p1,-0.50236391676708
TRINITY_DN47853_c2_g1_i1.p1,0.224127367940876
TRINITY_DN478_c0_g1_i24.p1,-0.72652011285864
TRINITY_DN478_c0_g1_i5.p1,0.195696729106441
TRINITY_DN47902_c0_g1_i1.p1,1.31474935092642
TRINITY_DN47902_c0_g1_i11.p1,0.179689161915993
TRINITY_DN47930_c0_g1_i1.p1,0.417143371160226
TRINITY_DN47933_c1_g1_i1.p2,1.90527016488826
TRINITY_DN47948_c0_g2_i6.p1,-0.376955628613285
TRINITY_DN47955_c0_g1_i3.p1,1.16278647152885
TRINITY_DN47978_c0_g1_i1.p1,-1.48498938522649
TRINITY_DN47_c1_g1_i3.p1,0.772396501877242
TRINITY_DN4806_c0_g1_i11.p1,-0.463616555448103
TRINITY_DN4806_c0_g1_i2.p1,1.28663595454135
TRINITY_DN48077_c0_g1_i1.p1,1.09674557669273
TRINITY_DN48089_c0_g2_i3.p1,-0.405227791972277
TRINITY_DN48089_c0_g2_i4.p1,-1.84666428249135
TRINITY_DN48090_c1_g1_i1.p1,-0.485822567089019
TRINITY_DN48090_c1_g1_i5.p1,0.124841594192273
TRINITY_DN4810_c0_g1_i31.p1,0.33302347873823
TRINITY_DN4810_c0_g1_i35.p1,1.26360294007002
TRINITY_DN4810_c0_g1_i52.p1,0.0963242703600394
TRINITY_DN4810_c0_g1_i61.p1,1.84743384003507
TRINITY_DN4810_c0_g1_i76.p1,-1.20125619891152
TRINITY_DN48132_c0_g1_i2.p1,1.00034047499145
TRINITY_DN48132_c0_g1_i3.p1,1.06037009193633
TRINITY_DN48134_c0_g1_i1.p1,0.187003037855635
TRINITY_DN4817_c1_g1_i10.p1,1.1954226085872
TRINITY_DN4817_c1_g1_i11.p1,-0.120091863083776
TRINITY_DN4817_c1_g1_i2.p1,-2.01491498463233
TRINITY_DN4817_c1_g1_i4.p1,0.909734843793243
TRINITY_DN4819_c0_g1_i1.p1,0.843553457802878
TRINITY_DN48255_c0_g1_i1.p1,0.989999711987781
TRINITY_DN482_c0_g1_i1.p1,0.114774441785266
TRINITY_DN482_c0_g1_i13.p1,-0.120122942204428
TRINITY_DN48306_c0_g1_i1.p1,-0.998424495946883
TRINITY_DN48306_c0_g2_i2.p1,-1.61051384799053
TRINITY_DN48322_c0_g1_i1.p1,-0.841401001883615
TRINITY_DN48322_c0_g1_i2.p1,-0.981260430729999
TRINITY_DN48322_c0_g1_i4.p1,-0.120094835128076
TRINITY_DN4832_c0_g1_i5.p1,1.75300513617804
TRINITY_DN48344_c0_g1_i10.p1,-0.480749595110062
TRINITY_DN48383_c0_g1_i22.p1,-0.0881820349323207
TRINITY_DN48391_c0_g1_i3.p1,0.0945746272760195
TRINITY_DN48391_c0_g1_i4.p1,-0.295913110315674
TRINITY_DN4849_c2_g1_i1.p1,1.26856564984676
TRINITY_DN484_c0_g1_i16.p1,-0.461969952522049
TRINITY_DN484_c0_g1_i33.p1,-0.62478606695394
TRINITY_DN4851_c0_g1_i4.p1,-0.298171777306672
TRINITY_DN4857_c0_g1_i3.p1,1.84097999779833
TRINITY_DN48587_c0_g1_i2.p1,-0.0245699729551004
TRINITY_DN4865_c0_g1_i1.p1,-0.296347573965447
TRINITY_DN4865_c0_g1_i2.p1,0.101805271597224
TRINITY_DN4868_c0_g1_i5.p1,-1.20235228083977
TRINITY_DN4868_c0_g1_i9.p1,1.36993525868569
TRINITY_DN48700_c0_g1_i1.p1,0.136120862323245
TRINITY_DN4879_c0_g1_i3.p1,-0.146381649055915
TRINITY_DN48816_c0_g1_i10.p1,-1.76280336757989
TRINITY_DN48816_c0_g1_i12.p1,-0.841403816845517
TRINITY_DN48816_c0_g1_i2.p1,-2.23233023683328
TRINITY_DN48856_c0_g1_i1.p1,0.366476367481075
TRINITY_DN48856_c0_g1_i10.p1,-1.50679195557741
TRINITY_DN48856_c0_g1_i2.p1,-0.354056845459562
TRINITY_DN48856_c0_g1_i5.p1,-1.88869569435577
TRINITY_DN4889_c0_g2_i3.p1,0.206708536307423
TRINITY_DN48_c2_g1_i3.p1,0.261584553444612
TRINITY_DN4900_c0_g1_i14.p1,-1.07619718060732
TRINITY_DN4900_c0_g1_i25.p1,-3.1874058416325
TRINITY_DN4900_c0_g1_i9.p1,-0.0766106655119866
TRINITY_DN49016_c0_g1_i13.p1,-0.120096671356708
TRINITY_DN49016_c0_g1_i22.p1,0.456995904272484
TRINITY_DN49016_c0_g1_i24.p2,0.45697848151676
TRINITY_DN49016_c0_g1_i26.p1,-0.841401001883616
TRINITY_DN49043_c0_g1_i1.p1,-0.120093454260979
TRINITY_DN49043_c0_g1_i2.p1,-0.841410090402735
TRINITY_DN4906_c0_g1_i4.p1,-0.596087707939108
TRINITY_DN4906_c0_g1_i7.p1,-0.178009175259686
TRINITY_DN49077_c0_g1_i4.p1,0.847946667985156
TRINITY_DN49096_c1_g1_i2.p1,0.986025992372628
TRINITY_DN49137_c0_g1_i1.p1,-0.480752791230401
TRINITY_DN49137_c0_g2_i1.p1,0.367871100393689
TRINITY_DN4913_c0_g1_i1.p1,1.87446518088596
TRINITY_DN4913_c1_g1_i4.p1,0.329606889644426
TRINITY_DN4913_c1_g1_i5.p1,0.369835716132118
TRINITY_DN49161_c0_g1_i1.p1,1.34469142210669
TRINITY_DN4916_c0_g2_i1.p1,-0.25147264528714
TRINITY_DN4916_c1_g1_i2.p3,-1.02629372551728
TRINITY_DN4916_c3_g1_i1.p1,-0.849677122031037
TRINITY_DN49171_c0_g2_i1.p1,1.40875888535815
TRINITY_DN491_c0_g1_i18.p1,-0.1737695260672
TRINITY_DN491_c0_g1_i24.p1,0.648767008424594
TRINITY_DN491_c0_g1_i31.p1,-0.398812160702002
TRINITY_DN4920_c0_g1_i3.p1,1.32033672535788
TRINITY_DN4920_c0_g1_i4.p1,1.1158332042529
TRINITY_DN49306_c0_g1_i2.p1,4.35886516220785
TRINITY_DN49306_c0_g1_i4.p1,-0.120090639299077
TRINITY_DN49339_c1_g1_i4.p1,-0.283078694281277
TRINITY_DN49339_c1_g1_i5.p1,-0.323323838072025
TRINITY_DN4938_c0_g1_i1.p1,-0.343805566106682
TRINITY_DN4940_c0_g4_i2.p1,-0.327813679475948
TRINITY_DN49419_c0_g1_i1.p1,-0.174888239901671
TRINITY_DN49424_c0_g2_i1.p1,-0.892002756901483
TRINITY_DN49424_c0_g2_i2.p1,-2.73647045830383
TRINITY_DN4942_c0_g1_i4.p1,-0.721141468585575
TRINITY_DN4946_c0_g1_i11.p1,-4.42885002129063
TRINITY_DN4946_c0_g1_i12.p1,-1.54843543486678
TRINITY_DN4946_c0_g1_i14.p1,-2.00027331375397
TRINITY_DN4946_c0_g1_i19.p1,-0.458888523249662
TRINITY_DN49482_c0_g1_i1.p1,-0.485076381722473
TRINITY_DN49496_c0_g2_i1.p1,2.21712174415802
TRINITY_DN494_c1_g1_i2.p1,0.388208399603751
TRINITY_DN49521_c0_g1_i2.p1,-1.33285891349078
TRINITY_DN49525_c0_g2_i1.p1,-1.91682408996192
TRINITY_DN49525_c0_g2_i5.p1,0.830806602661092
TRINITY_DN49525_c0_g2_i6.p1,1.32627298895103
TRINITY_DN4953_c0_g1_i4.p1,0.120907925649668
TRINITY_DN49545_c1_g2_i1.p1,-2.42452002854936
TRINITY_DN49545_c1_g2_i4.p1,-0.480748635553247
TRINITY_DN49549_c0_g1_i1.p1,0.424060872140284
TRINITY_DN49551_c0_g1_i3.p1,0.756794520651988
TRINITY_DN4956_c0_g1_i2.p1,0.133527164232703
TRINITY_DN49588_c0_g1_i1.p1,-2.82275694165054
TRINITY_DN49588_c0_g1_i2.p1,0.665638082662354
TRINITY_DN495_c3_g1_i2.p1,0.13081161689821
TRINITY_DN495_c3_g1_i4.p1,-1.04264067457594
TRINITY_DN4961_c0_g2_i3.p1,-0.480743005629444
TRINITY_DN4961_c0_g2_i4.p1,1.78558249443895
TRINITY_DN4961_c0_g2_i6.p1,0.600566299112386
TRINITY_DN49622_c0_g2_i2.p1,-1.0404750663716
TRINITY_DN49657_c0_g1_i25.p2,-1.5955830449033
TRINITY_DN49657_c0_g1_i6.p1,-0.459179486893187
TRINITY_DN49666_c0_g3_i1.p1,-1.29962595042572
TRINITY_DN4966_c1_g1_i20.p1,0.842786228088611
TRINITY_DN4966_c1_g1_i4.p1,-0.627495063826502
TRINITY_DN496_c0_g1_i19.p1,1.03456988170505
TRINITY_DN496_c0_g1_i21.p1,-0.850727683339381
TRINITY_DN496_c0_g1_i27.p1,0.977755115148768
TRINITY_DN496_c0_g1_i32.p1,-0.564715548235817
TRINITY_DN496_c0_g1_i7.p1,-0.546089266309647
TRINITY_DN496_c0_g1_i9.p1,-0.604732781027251
TRINITY_DN49753_c0_g1_i2.p1,1.13467569978216
TRINITY_DN49763_c0_g1_i1.p1,-0.841413539171325
TRINITY_DN49763_c0_g1_i2.p1,-2.00225417295089
TRINITY_DN49773_c3_g1_i1.p1,0.430709230092956
TRINITY_DN49839_c0_g1_i1.p1,-0.120087824337174
TRINITY_DN49839_c0_g1_i2.p1,-0.480747166200802
TRINITY_DN4983_c1_g1_i1.p1,-0.859268550991447
TRINITY_DN4983_c1_g1_i4.p1,1.50740248794339
TRINITY_DN49874_c0_g1_i1.p1,-1.20234689566444
TRINITY_DN49874_c0_g1_i3.p1,-1.77248598618917
TRINITY_DN49874_c0_g1_i4.p1,0.45697848151676
TRINITY_DN49883_c0_g1_i8.p1,-1.20234689566444
TRINITY_DN4988_c0_g1_i1.p1,-0.480743005629443
TRINITY_DN4988_c0_g1_i5.p1,-0.00292552625757177
TRINITY_DN4988_c0_g1_i6.p1,1.35526453725596
TRINITY_DN49930_c3_g1_i15.p1,1.26691837115372
TRINITY_DN4995_c6_g1_i2.p1,-2.18931056928652
TRINITY_DN49968_c0_g1_i5.p1,-0.12009469709182
TRINITY_DN49968_c0_g1_i9.p1,-1.04513841745565
TRINITY_DN4996_c1_g1_i2.p1,-2.59294213404833
TRINITY_DN4997_c1_g2_i2.p1,2.00969390743608
TRINITY_DN49983_c0_g1_i2.p1,0.456971739455929
TRINITY_DN499_c0_g3_i12.p1,1.35715873500236
TRINITY_DN499_c0_g3_i17.p1,-1.82208583153948
TRINITY_DN499_c0_g3_i18.p1,-1.04874874504114
TRINITY_DN499_c0_g3_i21.p1,-1.12384172778678
TRINITY_DN499_c0_g3_i6.p1,0.158138730273824
TRINITY_DN499_c0_g3_i8.p1,0.815626529081741
TRINITY_DN5006_c0_g1_i6.p1,0.708605869882662
TRINITY_DN500_c10_g1_i1.p1,0.439626978059463
TRINITY_DN500_c3_g1_i2.p1,-0.693102828989544
TRINITY_DN500_c6_g1_i1.p1,0.465627022627529
TRINITY_DN5011_c0_g2_i1.p1,0.712662342899863
TRINITY_DN50140_c1_g1_i2.p1,-0.480743005629443
TRINITY_DN50140_c1_g1_i4.p1,-0.120088226471002
TRINITY_DN50140_c1_g1_i5.p1,1.49409365475579
TRINITY_DN5016_c0_g1_i3.p1,-0.404589385772112
TRINITY_DN50221_c0_g1_i1.p2,-0.1837258566852
TRINITY_DN5022_c0_g1_i8.p1,-0.472287529901414
TRINITY_DN5024_c0_g1_i1.p1,1.84601905896991
TRINITY_DN5024_c0_g1_i12.p1,1.05260854980241
TRINITY_DN5024_c0_g1_i13.p1,-0.286451120396198
TRINITY_DN5024_c0_g1_i7.p1,-0.264339016210167
TRINITY_DN5028_c0_g1_i19.p1,0.595124364302008
TRINITY_DN5028_c0_g1_i5.p1,-1.98406172985821
TRINITY_DN50305_c3_g1_i1.p1,-1.10024498124408
TRINITY_DN50305_c3_g1_i2.p1,-1.6006499762821
TRINITY_DN50311_c0_g1_i11.p1,1.01582487036477
TRINITY_DN50311_c0_g1_i2.p1,0.456981296478662
TRINITY_DN50311_c0_g1_i3.p1,-0.767239605443291
TRINITY_DN50334_c0_g1_i2.p1,0.123292058936182
TRINITY_DN50334_c0_g1_i4.p1,-0.480747916607968
TRINITY_DN503_c11_g1_i1.p2,-0.00640858048439024
TRINITY_DN503_c11_g1_i2.p1,-1.52165215557485
TRINITY_DN50420_c0_g1_i16.p1,-0.366914150446887
TRINITY_DN50420_c0_g1_i4.p1,0.952527956119658
TRINITY_DN50438_c0_g1_i1.p1,0.0175530087316421
TRINITY_DN50438_c0_g3_i1.p1,-0.0351104309625302
TRINITY_DN50445_c1_g1_i2.p1,1.60333138818079
TRINITY_DN5046_c0_g1_i8.p1,0.215286599547501
TRINITY_DN50530_c1_g1_i2.p1,0.377661959743594
TRINITY_DN5058_c0_g2_i3.p1,-0.890693153557188
TRINITY_DN5058_c0_g2_i4.p1,0.763241303964949
TRINITY_DN5059_c0_g1_i2.p1,-0.561662604129502
TRINITY_DN505_c0_g1_i3.p1,0.698004465156186
TRINITY_DN505_c0_g1_i40.p1,0.615674030392168
TRINITY_DN505_c0_g1_i55.p1,-0.0615034803290045
TRINITY_DN505_c0_g1_i59.p1,0.392131887974134
TRINITY_DN505_c0_g1_i6.p1,-0.293117824941022
TRINITY_DN505_c0_g1_i65.p1,0.617470904538525
TRINITY_DN505_c0_g1_i74.p1,0.1426282630035
TRINITY_DN505_c0_g1_i76.p1,-0.276440055350382
TRINITY_DN505_c0_g1_i78.p1,-0.195453952524983
TRINITY_DN50632_c5_g1_i1.p1,-0.835723163155328
TRINITY_DN50664_c0_g1_i6.p1,-1.57482770665156
TRINITY_DN50668_c0_g1_i2.p1,1.22408226449945
TRINITY_DN5068_c0_g1_i11.p1,1.72849384291207
TRINITY_DN5068_c0_g1_i14.p1,0.2280438430701
TRINITY_DN50690_c0_g1_i2.p1,-0.58652046129818
TRINITY_DN50690_c0_g1_i9.p1,-0.0789849741872841
TRINITY_DN506_c0_g1_i4.p1,-1.20234649155267
TRINITY_DN506_c0_g1_i9.p1,-0.14699037124558
TRINITY_DN50727_c0_g1_i1.p1,-1.47575217735793
TRINITY_DN5073_c0_g1_i2.p1,-0.387423104965812
TRINITY_DN50749_c0_g1_i2.p2,-0.415596959410247
TRINITY_DN507_c0_g1_i11.p1,-1.87217533022153
TRINITY_DN507_c0_g1_i2.p1,-1.410097497664
TRINITY_DN507_c0_g1_i4.p1,0.562592373578861
TRINITY_DN5081_c0_g1_i5.p1,-0.612307479276623
TRINITY_DN5081_c0_g1_i8.p1,1.98232612984662
TRINITY_DN50841_c0_g1_i1.p1,2.32112287470301
TRINITY_DN5084_c0_g1_i3.p1,-0.492775863218436
TRINITY_DN5084_c0_g1_i6.p1,0.452714108817004
TRINITY_DN50854_c0_g1_i2.p1,2.69990708183022
TRINITY_DN5088_c0_g1_i3.p1,-0.264341218771735
TRINITY_DN50892_c0_g2_i1.p1,-1.41418226749454
TRINITY_DN5090_c0_g1_i13.p1,-0.251397997277379
TRINITY_DN5090_c0_g1_i16.p1,-1.28666189986622
TRINITY_DN5091_c0_g1_i3.p1,-0.302597914577548
TRINITY_DN50938_c0_g1_i4.p1,-0.553399523696541
TRINITY_DN50959_c0_g1_i1.p1,2.49914521546472
TRINITY_DN50959_c0_g1_i2.p1,-0.120096671356707
TRINITY_DN50966_c1_g1_i1.p1,-0.517029916303456
TRINITY_DN50988_c0_g1_i1.p1,-0.449060085659321
TRINITY_DN50988_c0_g1_i5.p1,0.441698035286168
TRINITY_DN50988_c0_g1_i6.p1,0.343433916846995
TRINITY_DN5098_c5_g1_i1.p2,0.378587700508061
TRINITY_DN50_c1_g1_i5.p1,1.43710821762958
TRINITY_DN51053_c0_g2_i1.p1,-1.80506404462896
TRINITY_DN51073_c0_g1_i1.p1,0.182841417511586
TRINITY_DN51118_c2_g1_i5.p1,-1.36825380016581
TRINITY_DN51118_c2_g1_i7.p1,0.456981296478662
TRINITY_DN51146_c0_g1_i1.p1,-1.02934690424598
TRINITY_DN511_c0_g1_i3.p1,0.456975264421031
TRINITY_DN511_c0_g1_i38.p1,1.47088618157208
TRINITY_DN511_c0_g1_i43.p1,-1.11868474557884
TRINITY_DN5121_c0_g1_i13.p1,-0.487946968191764
TRINITY_DN51276_c0_g1_i5.p1,-0.480752263921178
TRINITY_DN5133_c1_g1_i1.p1,1.25050549933396
TRINITY_DN5133_c1_g1_i3.p1,0.0262779361577487
TRINITY_DN5133_c1_g1_i8.p1,1.15486479790795
TRINITY_DN51388_c0_g1_i1.p1,0.266700702438362
TRINITY_DN5140_c0_g1_i20.p1,-2.29632402226059
TRINITY_DN5140_c0_g1_i24.p1,-3.12818895942414
TRINITY_DN5140_c0_g1_i27.p1,-2.42853448822441
TRINITY_DN5140_c0_g1_i36.p1,-1.03545907071181
TRINITY_DN5140_c1_g1_i4.p1,-0.424848151533801
TRINITY_DN51444_c0_g1_i1.p1,-0.841401001883615
TRINITY_DN51444_c0_g1_i10.p1,0.0749454046646497
TRINITY_DN51462_c0_g1_i1.p1,0.135264434582246
TRINITY_DN5146_c0_g3_i1.p1,0.115941261406804
TRINITY_DN51495_c0_g1_i1.p1,-1.20234929857125
TRINITY_DN5149_c0_g1_i2.p1,-0.264341581572054
TRINITY_DN5149_c0_g1_i3.p1,-0.28149070082569
TRINITY_DN51536_c0_g1_i1.p1,-0.118292301409334
TRINITY_DN51544_c0_g1_i7.p1,0.436388514545156
TRINITY_DN5158_c0_g1_i1.p2,0.777562182318907
TRINITY_DN5158_c0_g1_i4.p1,0.141602496529011
TRINITY_DN5158_c0_g2_i1.p1,-0.106739136635507
TRINITY_DN515_c1_g1_i1.p1,-0.0967563680366154
TRINITY_DN515_c1_g1_i6.p1,0.337406888691492
TRINITY_DN5164_c0_g1_i4.p1,0.0292796511648395
TRINITY_DN5168_c1_g1_i1.p1,0.297697092920128
TRINITY_DN5169_c0_g1_i3.p1,0.512775805469736
TRINITY_DN51720_c0_g1_i10.p1,1.80529227018306
TRINITY_DN51720_c0_g1_i17.p1,-0.625282909552852
TRINITY_DN51720_c0_g1_i4.p1,-1.76422167742162
TRINITY_DN51799_c3_g1_i1.p1,0.905114442157942
TRINITY_DN5179_c0_g1_i5.p1,-0.350681368900549
TRINITY_DN5179_c0_g1_i6.p1,1.08208616841145
TRINITY_DN5179_c0_g1_i7.p1,-0.480749439820902
TRINITY_DN5181_c0_g2_i1.p1,-0.101305038275379
TRINITY_DN51834_c0_g1_i3.p1,-2.63042396404548
TRINITY_DN51878_c0_g1_i6.p1,-0.139675662105637
TRINITY_DN5188_c0_g1_i1.p1,0.344466366401945
TRINITY_DN51890_c1_g1_i1.p1,0.711402913515722
TRINITY_DN5192_c0_g1_i2.p1,-0.846682823617587
TRINITY_DN5193_c0_g1_i1.p1,1.24944822280476
TRINITY_DN5193_c0_g1_i3.p1,-0.526419503151496
TRINITY_DN5200_c0_g1_i10.p1,-0.120087824337175
TRINITY_DN5200_c0_g1_i3.p1,-1.68628841144657
TRINITY_DN5201_c0_g1_i10.p1,1.17504979335882
TRINITY_DN5201_c0_g1_i13.p1,-1.08493984621834
TRINITY_DN5201_c0_g1_i15.p1,1.82668211655297
TRINITY_DN5201_c0_g1_i17.p1,-1.20149609488107
TRINITY_DN5201_c0_g1_i5.p1,-2.02625629505374
TRINITY_DN5201_c0_g1_i7.p1,0.89829331228405
TRINITY_DN5201_c0_g1_i9.p1,1.60265012033453
TRINITY_DN5206_c0_g1_i3.p1,0.50890749926197
TRINITY_DN5213_c0_g1_i5.p1,-0.165543746811581
TRINITY_DN5216_c0_g1_i3.p1,-2.51914850958379
TRINITY_DN5216_c0_g1_i4.p1,0.804566645776958
TRINITY_DN5216_c0_g1_i5.p1,0.590824340912578
TRINITY_DN5216_c0_g1_i7.p1,-0.698911105367614
TRINITY_DN52171_c0_g1_i1.p1,-0.795337240444933
TRINITY_DN5219_c1_g1_i2.p1,1.26902258714718
TRINITY_DN5219_c1_g1_i3.p1,1.2986869796972
TRINITY_DN5219_c1_g1_i6.p1,0.730973256668591
TRINITY_DN5219_c1_g1_i7.p1,-0.248529687173657
TRINITY_DN52214_c0_g2_i2.p1,-0.480748635553248
TRINITY_DN52223_c0_g1_i1.p1,0.577791863233717
TRINITY_DN52231_c1_g1_i1.p1,-0.351083623746137
TRINITY_DN52243_c1_g1_i1.p1,3.13079941139965
TRINITY_DN5225_c0_g1_i12.p1,1.50447856981006
TRINITY_DN5225_c0_g1_i15.p1,-0.0131687950753905
TRINITY_DN5225_c0_g1_i20.p1,-0.158282814817992
TRINITY_DN5225_c0_g1_i7.p1,0.173240983658632
TRINITY_DN52301_c0_g2_i1.p1,-0.0990863536044636
TRINITY_DN52354_c0_g3_i1.p2,-0.482738933740957
TRINITY_DN52359_c0_g1_i3.p1,-0.440406126049146
TRINITY_DN5235_c0_g1_i13.p1,1.58597212659859
TRINITY_DN52399_c0_g2_i1.p1,0.611362167313823
TRINITY_DN5239_c0_g1_i12.p1,-2.02284986870425
TRINITY_DN5239_c0_g1_i6.p1,-1.53042720637382
TRINITY_DN5240_c1_g2_i2.p1,1.24382438634836
TRINITY_DN5242_c0_g1_i1.p1,0.256636350644261
TRINITY_DN5244_c3_g3_i1.p1,-0.751639677881526
TRINITY_DN52513_c0_g1_i1.p1,-0.846425650618649
TRINITY_DN52515_c0_g1_i1.p1,0.456978079382933
TRINITY_DN5252_c1_g1_i2.p1,-1.56722660768919
TRINITY_DN5252_c1_g1_i3.p1,-0.2688428794938
TRINITY_DN5252_c1_g1_i4.p1,0.940263653072014
TRINITY_DN5252_c1_g1_i9.p1,-2.00762333453109
TRINITY_DN5253_c0_g1_i1.p1,-0.129645423434258
TRINITY_DN5255_c0_g1_i5.p1,0.16616377484972
TRINITY_DN5255_c0_g1_i6.p1,0.907191213966442
TRINITY_DN52573_c0_g1_i2.p1,-0.480748635553247
TRINITY_DN52587_c0_g1_i1.p1,-0.783840026583229
TRINITY_DN5258_c1_g1_i2.p1,0.17734656978985
TRINITY_DN5258_c1_g1_i6.p1,0.963060910665715
TRINITY_DN52626_c0_g1_i5.p1,-0.0199454539868649
TRINITY_DN52648_c0_g1_i3.p1,0.873438413720369
TRINITY_DN52660_c0_g1_i1.p1,-0.953504208442554
TRINITY_DN526_c0_g1_i22.p1,-1.17992187550881
TRINITY_DN526_c0_g1_i6.p1,0.130293805616078
TRINITY_DN526_c0_g1_i7.p1,-1.9757350155577
TRINITY_DN52729_c0_g1_i1.p1,-0.159786620024609
TRINITY_DN52729_c0_g1_i2.p1,-0.120091443566732
TRINITY_DN52742_c0_g1_i1.p1,-0.317271715543254
TRINITY_DN52742_c0_g1_i19.p1,1.2709182749126
TRINITY_DN52742_c0_g1_i20.p1,-0.272867582284956
TRINITY_DN52742_c0_g1_i6.p1,-1.0600337177486
TRINITY_DN5274_c0_g1_i2.p1,1.12730368132953
TRINITY_DN5275_c0_g2_i1.p1,0.258272760771979
TRINITY_DN527_c0_g1_i4.p1,-0.470804977428306
TRINITY_DN528_c2_g2_i1.p1,0.428041603835896
TRINITY_DN52904_c0_g2_i1.p1,-0.439778514827941
TRINITY_DN52942_c0_g1_i2.p1,0.343526744776081
TRINITY_DN5294_c0_g1_i5.p1,-0.299196207350982
TRINITY_DN52952_c0_g1_i2.p1,-0.14823102708409
TRINITY_DN52975_c0_g2_i1.p1,0.446133890689807
TRINITY_DN52975_c0_g2_i3.p1,-0.264337311231553
TRINITY_DN5298_c0_g1_i2.p1,-1.09763544515701
TRINITY_DN5298_c0_g1_i5.p1,1.71558654723598
TRINITY_DN52996_c0_g1_i1.p1,0.835268533804224
TRINITY_DN53028_c0_g1_i1.p1,-0.276332268915539
TRINITY_DN53064_c0_g1_i1.p1,-1.36455102488662
TRINITY_DN53076_c0_g1_i1.p1,0.534465687078364
TRINITY_DN53090_c0_g1_i12.p1,-0.256730562894508
TRINITY_DN53090_c0_g1_i17.p1,0.0648454997506132
TRINITY_DN5310_c0_g1_i4.p1,-1.38730748323031
TRINITY_DN53161_c0_g1_i5.p1,-0.161133779024841
TRINITY_DN5318_c0_g1_i11.p1,-1.15429816465505
TRINITY_DN5318_c2_g3_i3.p1,1.6228039527756
TRINITY_DN5318_c2_g4_i4.p1,0.376663736804083
TRINITY_DN5318_c2_g4_i5.p1,0.163764052383345
TRINITY_DN53197_c0_g1_i3.p1,1.16931846042155
TRINITY_DN531_c0_g2_i10.p1,-0.858318871321392
TRINITY_DN531_c0_g2_i13.p1,0.391874213778789
TRINITY_DN53217_c0_g1_i10.p1,-0.841413550978298
TRINITY_DN53217_c0_g1_i8.p1,-0.088800115780069
TRINITY_DN5323_c0_g2_i3.p1,-0.274752039943652
TRINITY_DN53263_c0_g1_i1.p1,0.115766501440157
TRINITY_DN5326_c0_g1_i1.p1,0.567609343111855
TRINITY_DN5326_c0_g1_i5.p1,0.855585110968686
TRINITY_DN53273_c1_g1_i2.p1,1.26725849815958
TRINITY_DN53277_c0_g1_i3.p1,-0.965457306010316
TRINITY_DN53295_c8_g1_i1.p1,0.564873034120667
TRINITY_DN53328_c4_g1_i2.p1,-1.50619331198694
TRINITY_DN53329_c0_g1_i1.p1,0.359628873889308
TRINITY_DN5334_c0_g1_i5.p1,0.447318759530603
TRINITY_DN53453_c1_g1_i1.p1,-0.658093080014157
TRINITY_DN53453_c1_g1_i2.p1,-1.20233514557909
TRINITY_DN5349_c0_g1_i1.p1,-0.0725886709628691
TRINITY_DN5349_c0_g1_i3.p1,0.45697065071261
TRINITY_DN5349_c0_g1_i4.p1,0.445726907678256
TRINITY_DN5351_c1_g1_i5.p1,0.793657057145812
TRINITY_DN53553_c0_g1_i2.p1,-1.27601701757971
TRINITY_DN53553_c0_g1_i5.p1,-0.0596696490493852
TRINITY_DN53570_c0_g1_i4.p1,0.915169925971299
TRINITY_DN5360_c4_g1_i1.p1,-0.0520935465355088
TRINITY_DN53639_c0_g1_i1.p1,-0.120087824337174
TRINITY_DN53642_c0_g2_i1.p1,0.929786153050516
TRINITY_DN5365_c0_g1_i1.p1,-2.11584251667612
TRINITY_DN5365_c0_g1_i4.p1,-0.12009469709182
TRINITY_DN53716_c0_g1_i1.p1,0.407693564369337
TRINITY_DN53739_c0_g1_i5.p1,0.623937161320522
TRINITY_DN5375_c0_g2_i3.p1,0.0862915821310738
TRINITY_DN53795_c0_g2_i1.p1,0.125518255040425
TRINITY_DN537_c0_g1_i18.p1,0.206822999239992
TRINITY_DN537_c0_g1_i2.p1,-0.452495897976456
TRINITY_DN5381_c1_g1_i3.p1,-0.332902057394422
TRINITY_DN5384_c0_g1_i1.p1,-1.77762846649399
TRINITY_DN53883_c0_g1_i3.p1,-0.480743005629444
TRINITY_DN53902_c0_g1_i1.p1,2.09621209576473
TRINITY_DN5393_c0_g1_i2.p1,1.53088150956887
TRINITY_DN5395_c5_g1_i1.p1,-1.21201144493869
TRINITY_DN5395_c7_g1_i7.p1,-0.0591943012187644
TRINITY_DN5396_c4_g1_i5.p1,0.376096357571573
TRINITY_DN54023_c0_g1_i1.p1,-1.10521296989029
TRINITY_DN54023_c0_g1_i2.p1,-0.389652945549208
TRINITY_DN54031_c0_g1_i3.p2,-1.02502029705234
TRINITY_DN5403_c0_g1_i3.p1,1.04808080528285
TRINITY_DN5403_c0_g1_i5.p1,-2.16228778876105
TRINITY_DN5404_c0_g2_i2.p1,-2.54040233742896
TRINITY_DN54081_c0_g2_i1.p1,0.237747277266506
TRINITY_DN54087_c1_g1_i1.p1,1.08949216457104
TRINITY_DN54087_c1_g1_i2.p1,-0.120087824337175
TRINITY_DN54087_c1_g1_i3.p1,-1.61451244426757
TRINITY_DN5417_c0_g1_i3.p1,-2.01248241525345
TRINITY_DN54197_c0_g2_i2.p1,-0.481449910131114
TRINITY_DN5419_c1_g1_i3.p1,0.734178270974089
TRINITY_DN54234_c0_g1_i3.p1,-1.0980095753778
TRINITY_DN54259_c2_g1_i1.p1,1.08876578015504
TRINITY_DN54259_c2_g2_i1.p1,0.281459766128539
TRINITY_DN54289_c0_g1_i2.p1,-2.48017422953671
TRINITY_DN54289_c0_g1_i4.p1,-0.264340819571021
TRINITY_DN54289_c0_g1_i6.p1,0.456981296478662
TRINITY_DN542_c0_g1_i25.p1,-0.473986696294861
TRINITY_DN54306_c0_g1_i1.p1,-0.509795954849366
TRINITY_DN5431_c1_g1_i2.p1,0.117961104200001
TRINITY_DN54328_c0_g1_i1.p2,-0.0240898339163942
TRINITY_DN5436_c0_g1_i5.p1,-0.120090639299077
TRINITY_DN54371_c1_g2_i4.p1,0.565602591364183
TRINITY_DN54394_c0_g1_i3.p1,-0.135601523724822
TRINITY_DN54438_c0_g1_i3.p1,1.80499743318574
TRINITY_DN5444_c0_g2_i1.p3,0.754073782379638
TRINITY_DN54451_c0_g1_i1.p2,0.688226758921569
TRINITY_DN5446_c3_g1_i5.p1,0.411844154027583
TRINITY_DN54554_c0_g1_i1.p1,-1.64852741929526
TRINITY_DN5464_c1_g1_i1.p1,-0.152339508144125
TRINITY_DN5464_c1_g1_i2.p1,0.0180918281392363
TRINITY_DN54656_c2_g1_i1.p1,-1.68195442556198
TRINITY_DN54656_c2_g1_i3.p1,0.096323300224491
TRINITY_DN54677_c0_g1_i1.p1,1.78873298101674
TRINITY_DN54707_c1_g1_i1.p1,0.0040719040657604
TRINITY_DN54729_c1_g1_i1.p1,0.439043488463331
TRINITY_DN5475_c0_g1_i2.p1,2.58796022717825
TRINITY_DN5479_c0_g1_i4.p1,-0.0711615101448443
TRINITY_DN547_c0_g1_i9.p1,-2.59181575442207
TRINITY_DN54916_c0_g1_i2.p1,-0.73538770044577
TRINITY_DN5493_c0_g1_i2.p1,0.77039556607985
TRINITY_DN549_c0_g1_i4.p1,1.78439713931711
TRINITY_DN55074_c0_g1_i2.p1,1.7400607063207
TRINITY_DN550_c0_g1_i26.p1,-0.624514373693103
TRINITY_DN550_c0_g1_i31.p1,1.08935164975701
TRINITY_DN550_c0_g1_i4.p1,-0.120100783839088
TRINITY_DN550_c0_g1_i72.p1,-0.127312270350282
TRINITY_DN550_c0_g1_i83.p1,1.42642858385147
TRINITY_DN550_c0_g1_i93.p1,0.0963239622541702
TRINITY_DN55211_c1_g1_i1.p1,-0.120088226471002
TRINITY_DN5522_c6_g1_i3.p1,0.559221976793357
TRINITY_DN5522_c6_g1_i9.p1,-1.72788026346699
TRINITY_DN55253_c0_g1_i1.p1,-0.00994182927918092
TRINITY_DN55269_c0_g1_i1.p1,1.41424119214416
TRINITY_DN5526_c3_g1_i2.p1,-0.732924196248915
TRINITY_DN5526_c3_g1_i5.p1,0.590821123803619
TRINITY_DN5526_c3_g1_i7.p1,0.700231193749045
TRINITY_DN5530_c0_g1_i1.p2,-1.36034459887543
TRINITY_DN5532_c0_g1_i1.p2,-0.0736569258684331
TRINITY_DN5537_c1_g1_i1.p1,-1.84255905434318
TRINITY_DN5537_c1_g1_i3.p1,-0.438344119167695
TRINITY_DN5546_c3_g1_i2.p1,0.668791273168343
TRINITY_DN55503_c0_g1_i1.p1,-0.120102612041738
TRINITY_DN5551_c0_g1_i1.p1,-0.261790791657857
TRINITY_DN5551_c0_g1_i2.p1,-0.539154569170687
TRINITY_DN5551_c0_g1_i4.p1,1.0405089055361
TRINITY_DN55535_c0_g4_i1.p1,0.0679991585632617
TRINITY_DN55535_c0_g4_i2.p1,1.25779473542356
TRINITY_DN5556_c0_g1_i1.p1,-0.145999028991465
TRINITY_DN5556_c0_g1_i2.p1,-0.921032049581527
TRINITY_DN55574_c0_g1_i1.p1,-1.11061095678722
TRINITY_DN55594_c0_g1_i1.p1,-0.316191710159097
TRINITY_DN55612_c0_g2_i2.p1,-0.201785167876832
TRINITY_DN5564_c1_g1_i4.p1,-0.090999447747276
TRINITY_DN5564_c1_g1_i8.p1,0.32484105675749
TRINITY_DN5565_c0_g1_i133.p1,-0.424933116557318
TRINITY_DN5565_c0_g1_i171.p1,-0.120087824337175
TRINITY_DN5565_c0_g1_i2.p1,-0.480746222725173
TRINITY_DN5565_c0_g1_i49.p1,1.37541184516506
TRINITY_DN556_c2_g1_i2.p1,-1.55648628254668
TRINITY_DN55722_c0_g1_i1.p1,0.1754124764767
TRINITY_DN5572_c0_g1_i5.p1,1.02159311962364
TRINITY_DN55736_c0_g1_i1.p1,0.14383659807155
TRINITY_DN5576_c0_g1_i3.p1,-0.630405669754711
TRINITY_DN5576_c0_g1_i4.p1,-0.374461091838761
TRINITY_DN5576_c0_g1_i6.p1,-2.90584482040401
TRINITY_DN55778_c0_g1_i2.p2,0.513218518935407
TRINITY_DN55872_c2_g2_i12.p1,0.789062919642072
TRINITY_DN55872_c2_g2_i2.p1,0.72007346652117
TRINITY_DN55872_c2_g2_i5.p1,-0.496904967842642
TRINITY_DN55872_c2_g2_i9.p1,0.213429219806115
TRINITY_DN5587_c5_g1_i4.p1,0.931949511654206
TRINITY_DN5587_c5_g1_i7.p1,2.59085358697328
TRINITY_DN5588_c0_g1_i3.p1,-1.59905366843138
TRINITY_DN5588_c0_g1_i6.p1,1.76699581856968
TRINITY_DN5591_c1_g1_i1.p1,1.83768153603556
TRINITY_DN55926_c0_g1_i3.p1,-1.80636624463063
TRINITY_DN55926_c0_g1_i4.p1,-1.72643616356395
TRINITY_DN5592_c0_g1_i13.p1,0.996382126897957
TRINITY_DN55930_c2_g1_i5.p1,1.68851362957299
TRINITY_DN5599_c0_g1_i1.p1,0.896988798617451
TRINITY_DN5599_c0_g1_i11.p1,0.202177013023944
TRINITY_DN5599_c0_g1_i3.p1,-1.12669659873192
TRINITY_DN5599_c0_g1_i32.p1,-0.264338712977474
TRINITY_DN55_c0_g2_i19.p1,-0.0460482191081767
TRINITY_DN55_c0_g2_i27.p1,-0.480745820591346
TRINITY_DN5601_c0_g1_i1.p1,-0.525134295950717
TRINITY_DN56030_c0_g1_i1.p1,-0.0584083409876846
TRINITY_DN5606_c0_g1_i3.p1,1.73901733675392
TRINITY_DN5606_c0_g1_i7.p1,-0.83007475863335
TRINITY_DN56096_c0_g1_i1.p1,-0.120100196321809
TRINITY_DN560_c0_g1_i6.p2,0.360206290931532
TRINITY_DN560_c0_g1_i7.p2,0.658093810310932
TRINITY_DN5611_c1_g4_i1.p1,-0.841401001883616
TRINITY_DN5611_c1_g4_i2.p1,-0.841411762212123
TRINITY_DN56132_c0_g1_i1.p1,0.15511810892093
TRINITY_DN5614_c0_g1_i4.p1,1.08865085595177
TRINITY_DN56157_c0_g1_i2.p1,2.23299450941988
TRINITY_DN5615_c0_g1_i6.p1,0.691332724565862
TRINITY_DN5615_c0_g1_i8.p1,-0.117879819061818
TRINITY_DN5621_c0_g1_i2.p1,1.39447221584164
TRINITY_DN5621_c0_g1_i6.p1,0.347840161809406
TRINITY_DN56295_c0_g1_i1.p1,0.472363151386833
TRINITY_DN56311_c0_g1_i1.p1,-0.828185631633665
TRINITY_DN56334_c0_g1_i1.p1,-1.06409863735851
TRINITY_DN56339_c0_g1_i1.p1,-1.44230990806976
TRINITY_DN56339_c0_g1_i2.p1,0.721767644364417
TRINITY_DN56344_c0_g1_i1.p1,-0.680262008798638
TRINITY_DN5637_c0_g1_i1.p1,0.790999339069553
TRINITY_DN5638_c3_g1_i10.p1,0.533380283164998
TRINITY_DN5638_c3_g1_i14.p1,-0.0737377250554587
TRINITY_DN56394_c0_g1_i2.p1,0.362081625250725
TRINITY_DN56394_c0_g1_i3.p1,-0.841401001883616
TRINITY_DN56428_c1_g4_i1.p1,1.96368773342421
TRINITY_DN56449_c0_g1_i1.p1,1.06145845699019
TRINITY_DN5644_c0_g1_i2.p1,-2.05215409172313
TRINITY_DN56466_c0_g1_i3.p1,-2.50553926604456
TRINITY_DN56466_c0_g1_i5.p1,-0.480743005629443
TRINITY_DN56466_c0_g1_i8.p1,-1.56315468554282
TRINITY_DN56473_c0_g1_i15.p1,-0.646181007591026
TRINITY_DN56473_c0_g1_i2.p1,0.997611262613668
TRINITY_DN56557_c0_g3_i1.p1,0.372041362567088
TRINITY_DN56598_c0_g1_i1.p1,-2.13140951441124
TRINITY_DN5661_c0_g1_i1.p1,0.651924458382164
TRINITY_DN5661_c0_g1_i15.p1,-0.120086103323492
TRINITY_DN5661_c0_g1_i17.p1,0.945702148103272
TRINITY_DN5661_c0_g1_i2.p1,0.125036921082035
TRINITY_DN5662_c0_g1_i13.p1,-2.834118622197
TRINITY_DN5662_c0_g1_i5.p1,-2.16778068849038
TRINITY_DN56646_c0_g2_i1.p1,-1.24902891828394
TRINITY_DN56680_c0_g1_i1.p1,-0.841416284508201
TRINITY_DN566_c0_g1_i3.p1,-0.757119947278229
TRINITY_DN56704_c0_g2_i3.p1,-0.273686269654028
TRINITY_DN56704_c0_g2_i4.p1,-1.97217126908046
TRINITY_DN5676_c0_g1_i1.p1,0.197927396565354
TRINITY_DN5679_c0_g1_i15.p1,-0.284684382925599
TRINITY_DN5679_c0_g1_i4.p1,0.918241982798327
TRINITY_DN5689_c0_g1_i2.p1,-1.08695742165141
TRINITY_DN5695_c0_g1_i1.p1,1.11393991942205
TRINITY_DN5695_c0_g1_i2.p1,-0.580524613675613
TRINITY_DN5695_c0_g1_i4.p1,-1.07840730164783
TRINITY_DN5695_c0_g1_i5.p1,0.909233685092841
TRINITY_DN5702_c0_g1_i8.p1,0.210926695199604
TRINITY_DN57085_c0_g1_i3.p1,-1.21474019389789
TRINITY_DN57085_c0_g2_i1.p1,-3.41156710886265
TRINITY_DN57085_c0_g2_i2.p1,-1.0946273088875
TRINITY_DN5708_c0_g1_i12.p1,2.06063568626723
TRINITY_DN5708_c0_g1_i14.p1,0.573328335697208
TRINITY_DN5708_c0_g1_i5.p1,-0.120091443566731
TRINITY_DN5709_c0_g1_i21.p1,-0.624841097538832
TRINITY_DN5709_c0_g1_i25.p1,-0.902438524134192
TRINITY_DN5711_c0_g1_i7.p1,0.847437037782701
TRINITY_DN5720_c0_g1_i7.p1,-0.625230617762922
TRINITY_DN5734_c0_g1_i2.p1,-0.583912775384385
TRINITY_DN5734_c0_g1_i3.p1,0.845257385576249
TRINITY_DN5735_c0_g1_i1.p1,-0.345356713740257
TRINITY_DN5739_c2_g1_i2.p1,0.431198011853365
TRINITY_DN573_c0_g4_i2.p1,-0.0529498324515933
TRINITY_DN573_c0_g4_i3.p1,0.790333605513866
TRINITY_DN5743_c1_g1_i1.p1,-0.50718231251741
TRINITY_DN5743_c1_g1_i3.p1,-2.59798957129581
TRINITY_DN57457_c0_g1_i11.p1,0.694968814594462
TRINITY_DN57457_c0_g1_i3.p1,0.9920311062454
TRINITY_DN57457_c0_g1_i4.p1,0.236900228724334
TRINITY_DN57457_c0_g1_i7.p1,-1.43302906284903
TRINITY_DN57457_c0_g1_i8.p1,0.329309023056202
TRINITY_DN5750_c0_g1_i2.p1,0.58454436672049
TRINITY_DN5750_c0_g1_i3.p1,0.259324038337172
TRINITY_DN57547_c0_g1_i1.p1,2.69923544061975
TRINITY_DN57587_c0_g1_i2.p1,-1.79306982124545
TRINITY_DN57637_c0_g2_i2.p2,-0.139128424150819
TRINITY_DN57637_c1_g1_i1.p1,-0.320746815171062
TRINITY_DN5764_c0_g1_i2.p1,-1.79803606932602
TRINITY_DN5764_c0_g1_i3.p1,-2.00710256306629
TRINITY_DN5764_c0_g1_i5.p1,1.31364061439708
TRINITY_DN5764_c0_g1_i7.p1,0.0932102913284335
TRINITY_DN5764_c0_g1_i8.p1,2.88393744738956
TRINITY_DN57707_c0_g1_i1.p1,-0.222590488249521
TRINITY_DN5770_c0_g1_i2.p1,-1.73778382504482
TRINITY_DN5770_c0_g2_i14.p1,1.79115038747995
TRINITY_DN5770_c0_g2_i18.p1,-0.65217182148074
TRINITY_DN5771_c0_g1_i3.p1,0.157192976465985
TRINITY_DN5773_c0_g1_i12.p1,-0.615358962241874
TRINITY_DN5773_c0_g1_i2.p1,-0.334283984116141
TRINITY_DN57745_c0_g1_i3.p1,-0.841401001883616
TRINITY_DN57806_c0_g1_i1.p1,1.38677049452833
TRINITY_DN5783_c0_g1_i1.p1,-0.928153542503035
TRINITY_DN57854_c0_g2_i6.p1,0.23171052875912
TRINITY_DN57854_c0_g2_i9.p1,-3.260533370225
TRINITY_DN5785_c0_g1_i5.p1,0.508557200161751
TRINITY_DN5785_c0_g1_i7.p1,-0.187946450544403
TRINITY_DN57925_c1_g2_i1.p1,0.269713459616995
TRINITY_DN5797_c4_g1_i2.p1,-0.622327387099946
TRINITY_DN57990_c0_g1_i1.p1,0.137684307656755
TRINITY_DN58055_c0_g1_i5.p1,-0.290992738374738
TRINITY_DN58055_c0_g1_i6.p1,-0.261525029012949
TRINITY_DN58082_c0_g1_i10.p1,0.418643169527328
TRINITY_DN58082_c0_g1_i11.p1,0.593544184167587
TRINITY_DN58082_c0_g1_i15.p1,0.423173478937279
TRINITY_DN580_c0_g2_i10.p1,0.788343933207916
TRINITY_DN580_c0_g2_i11.p1,0.14822036502817
TRINITY_DN580_c0_g2_i16.p1,-0.0260962981304025
TRINITY_DN580_c0_g2_i7.p1,0.680006306689969
TRINITY_DN580_c1_g2_i1.p1,-0.264340373706522
TRINITY_DN580_c1_g2_i2.p1,-0.358686690718219
TRINITY_DN580_c3_g1_i3.p1,0.715929158347488
TRINITY_DN580_c4_g1_i3.p1,-0.069863510596996
TRINITY_DN5812_c0_g1_i8.p1,-0.0702905191353891
TRINITY_DN58149_c0_g1_i1.p1,0.14668490173492
TRINITY_DN58149_c1_g1_i1.p1,-1.02516534528574
TRINITY_DN58156_c0_g1_i1.p1,-0.307141475580462
TRINITY_DN581_c0_g1_i11.p1,-0.841401001883615
TRINITY_DN581_c0_g1_i14.p1,-0.841417878403716
TRINITY_DN581_c0_g1_i4.p1,-0.096024943976423
TRINITY_DN581_c0_g1_i9.p1,0.183468865463117
TRINITY_DN58243_c0_g1_i1.p1,-2.90671304100216
TRINITY_DN58243_c0_g1_i2.p1,-0.537969761309784
TRINITY_DN58243_c0_g1_i5.p1,0.452059118053397
TRINITY_DN58243_c0_g1_i7.p1,0.212265477603039
TRINITY_DN58243_c0_g1_i9.p1,1.46251619103809
TRINITY_DN5824_c6_g1_i3.p1,-1.20235493150637
TRINITY_DN58268_c0_g2_i3.p1,0.910461552038355
TRINITY_DN582_c0_g2_i1.p1,-0.290693171296385
TRINITY_DN582_c0_g2_i6.p1,-0.880789754414792
TRINITY_DN582_c0_g2_i8.p1,-0.264334696029681
TRINITY_DN58332_c0_g1_i2.p1,-3.51422168203608
TRINITY_DN58351_c0_g1_i3.p1,0.054005831134566
TRINITY_DN58351_c0_g1_i4.p1,-1.42181956516568
TRINITY_DN58376_c1_g2_i1.p1,-0.264339484322271
TRINITY_DN5837_c0_g1_i5.p1,-0.314759796114704
TRINITY_DN58381_c1_g1_i1.p1,-0.120093454260979
TRINITY_DN58381_c1_g1_i2.p1,-0.458315503175482
TRINITY_DN58403_c0_g1_i1.p1,0.707988588603625
TRINITY_DN58403_c0_g1_i4.p1,-2.27277141635067
TRINITY_DN58454_c0_g2_i4.p1,-0.298796565693809
TRINITY_DN58454_c0_g2_i6.p1,-0.12009469709182
TRINITY_DN58454_c2_g1_i1.p1,-0.480746222725173
TRINITY_DN58479_c0_g1_i5.p1,-0.48074944756726
TRINITY_DN58542_c0_g1_i3.p1,-0.624841444854391
TRINITY_DN58568_c0_g1_i1.p1,-3.13118979847175
TRINITY_DN58574_c0_g1_i1.p1,-0.480743005629443
TRINITY_DN58574_c0_g1_i2.p1,-0.870050895912751
TRINITY_DN58587_c0_g1_i16.p1,1.08949497952476
TRINITY_DN58587_c0_g1_i19.p1,1.14782714975688
TRINITY_DN58587_c0_g1_i27.p1,-0.480752589395148
TRINITY_DN58587_c0_g1_i32.p1,-0.480748064941752
TRINITY_DN58587_c0_g1_i33.p1,1.04415554903892
TRINITY_DN58684_c0_g1_i6.p1,-1.80022559728747
TRINITY_DN58754_c0_g1_i1.p1,1.85360259140692
TRINITY_DN58757_c0_g1_i4.p1,1.19733124424476
TRINITY_DN58757_c0_g1_i6.p1,0.972268613988118
TRINITY_DN58757_c0_g1_i9.p1,-2.32830683870416
TRINITY_DN5878_c1_g1_i19.p1,0.186369940984189
TRINITY_DN5878_c1_g1_i21.p1,-0.783674924974504
TRINITY_DN5878_c1_g1_i27.p1,-1.22044451502602
TRINITY_DN5878_c1_g1_i4.p1,-1.17452652702841
TRINITY_DN58799_c0_g1_i1.p1,-1.49978304154772
TRINITY_DN58799_c0_g1_i2.p1,-0.120097093798866
TRINITY_DN587_c5_g1_i7.p1,0.851016252161942
TRINITY_DN5883_c2_g1_i2.p1,-1.12245774546981
TRINITY_DN5883_c3_g1_i2.p1,-0.071986660472132
TRINITY_DN5883_c3_g1_i3.p1,-0.0180235210318702
TRINITY_DN58841_c0_g1_i1.p1,1.30327590158085
TRINITY_DN58841_c0_g1_i2.p1,-0.681610218854853
TRINITY_DN58841_c0_g1_i4.p1,-0.480743005629443
TRINITY_DN58860_c0_g1_i5.p1,-3.09521023031473
TRINITY_DN58860_c0_g1_i6.p1,-1.35816793975066
TRINITY_DN58874_c0_g1_i6.p2,-0.691392032345559
TRINITY_DN58874_c0_g1_i9.p1,-0.498694804232314
TRINITY_DN5888_c1_g1_i3.p1,0.521301197393156
TRINITY_DN5888_c1_g1_i4.p1,0.58228540188179
TRINITY_DN5888_c1_g1_i5.p1,0.447049503894922
TRINITY_DN58894_c0_g1_i1.p1,-2.40791704128795
TRINITY_DN5889_c11_g1_i1.p1,0.586245951492344
TRINITY_DN588_c0_g1_i7.p1,0.673443787225631
TRINITY_DN588_c0_g1_i8.p1,0.29659379586697
TRINITY_DN58972_c0_g1_i1.p2,0.149019087043937
TRINITY_DN5898_c0_g1_i1.p1,-2.10506865794046
TRINITY_DN5898_c0_g1_i3.p1,-0.883071223580729
TRINITY_DN5899_c0_g1_i1.p1,0.648924873190998
TRINITY_DN589_c0_g1_i14.p1,2.81308547330617
TRINITY_DN589_c0_g1_i36.p1,-0.264340708413443
TRINITY_DN589_c0_g1_i39.p1,0.794627742105352
TRINITY_DN589_c0_g1_i44.p1,-0.461492181569944
TRINITY_DN59000_c0_g1_i1.p1,0.171985759397045
TRINITY_DN59009_c0_g2_i6.p1,-1.36171361206304
TRINITY_DN5901_c0_g1_i11.p1,-1.68255940862032
TRINITY_DN5901_c0_g1_i6.p1,-0.602250315126314
TRINITY_DN59020_c0_g1_i1.p1,0.276531997758895
TRINITY_DN5903_c0_g1_i7.p1,1.32821379409366
TRINITY_DN5906_c0_g1_i1.p1,-0.480743005629443
TRINITY_DN5906_c0_g1_i2.p1,-0.968624006062128
TRINITY_DN5906_c0_g1_i3.p1,-0.84141713145081
TRINITY_DN5906_c0_g1_i6.p1,0.392233572104734
TRINITY_DN5908_c3_g1_i2.p2,0.690563217897953
TRINITY_DN590_c0_g1_i12.p1,-0.461270323039065
TRINITY_DN590_c0_g1_i13.p1,0.744107957033304
TRINITY_DN590_c0_g1_i14.p1,-1.20190251301032
TRINITY_DN590_c0_g1_i15.p1,-0.277092938472895
TRINITY_DN590_c0_g1_i2.p1,-1.19392532916529
TRINITY_DN590_c0_g1_i7.p1,-2.15072814763457
TRINITY_DN5911_c0_g1_i2.p1,1.51074368514774
TRINITY_DN5911_c0_g1_i8.p1,-0.457473471520749
TRINITY_DN5914_c0_g1_i5.p1,0.790471387326567
TRINITY_DN5919_c0_g1_i6.p1,-0.0649863184658685
TRINITY_DN59240_c2_g2_i1.p1,0.456969218220771
TRINITY_DN59240_c2_g2_i3.p1,-0.742298404212219
TRINITY_DN59242_c0_g1_i7.p1,-0.841401001883616
TRINITY_DN59242_c0_g1_i8.p1,-2.78222240715823
TRINITY_DN5932_c0_g1_i18.p1,-0.336856605042672
TRINITY_DN5932_c0_g1_i8.p1,-0.099393167562385
TRINITY_DN59339_c0_g1_i4.p1,-2.74707185274881
TRINITY_DN59378_c6_g1_i1.p1,-1.86653698143588
TRINITY_DN5940_c0_g1_i12.p1,0.372639475925863
TRINITY_DN5940_c0_g1_i13.p1,0.23828371664268
TRINITY_DN5940_c0_g1_i4.p1,-0.171061217795895
TRINITY_DN5940_c0_g1_i5.p1,-0.841412943167253
TRINITY_DN59425_c0_g1_i2.p1,0.0223601938387196
TRINITY_DN5942_c3_g1_i1.p1,-0.596520935879092
TRINITY_DN59448_c0_g1_i2.p1,-0.264340379399699
TRINITY_DN5946_c0_g1_i5.p1,0.456975666554858
TRINITY_DN59482_c1_g2_i14.p1,-1.45564163056529
TRINITY_DN59482_c1_g2_i16.p1,-0.264339982213798
TRINITY_DN5950_c0_g1_i21.p1,0.876259984685994
TRINITY_DN5950_c0_g1_i24.p1,-0.12009469709182
TRINITY_DN5950_c0_g1_i5.p1,-0.938553387887899
TRINITY_DN5950_c0_g1_i84.p1,-0.833955611047184
TRINITY_DN5955_c4_g1_i1.p1,-0.795573035680794
TRINITY_DN59569_c0_g1_i3.p1,-2.19244968358076
TRINITY_DN595_c0_g2_i16.p1,-0.891569038015283
TRINITY_DN595_c0_g2_i17.p1,0.293157716828271
TRINITY_DN59607_c0_g2_i1.p1,-0.186261542221078
TRINITY_DN59635_c0_g1_i5.p1,-1.47328498630458
TRINITY_DN5975_c0_g2_i1.p1,-1.03846344019357
TRINITY_DN59806_c1_g1_i1.p1,2.18258905429513
TRINITY_DN5986_c0_g1_i2.p1,-1.32581930395763
TRINITY_DN5986_c0_g1_i5.p1,0.0387660910429155
TRINITY_DN59874_c0_g1_i2.p1,-0.500439623312248
TRINITY_DN59874_c0_g1_i3.p1,0.456981296478662
TRINITY_DN59893_c0_g1_i1.p1,0.456974223680876
TRINITY_DN5992_c0_g1_i1.p1,0.116670544167371
TRINITY_DN59_c3_g1_i3.p1,0.340533486666935
TRINITY_DN59_c3_g1_i6.p1,0.216884762723596
TRINITY_DN59_c3_g1_i7.p1,0.177442621366702
TRINITY_DN5_c0_g1_i12.p1,-1.07204679208947
TRINITY_DN5_c0_g1_i17.p1,-0.865121649146092
TRINITY_DN5_c0_g1_i2.p1,-0.0820573147687919
TRINITY_DN5_c0_g2_i43.p1,1.25114000091643
TRINITY_DN6005_c1_g1_i1.p1,0.682875532472064
TRINITY_DN6009_c9_g2_i2.p1,0.179213688777471
TRINITY_DN6013_c3_g1_i1.p1,-0.120091041432904
TRINITY_DN6014_c0_g1_i2.p1,-0.167353449397012
TRINITY_DN6014_c0_g1_i4.p1,0.0212884648216014
TRINITY_DN60150_c0_g1_i2.p1,1.67437576318769
TRINITY_DN60163_c0_g1_i2.p1,0.149377946766239
TRINITY_DN601_c0_g1_i3.p1,-1.69060579299005
TRINITY_DN601_c0_g1_i8.p1,0.114533598877986
TRINITY_DN601_c5_g1_i2.p1,-0.908842728163024
TRINITY_DN6020_c0_g1_i5.p1,1.1814723859046
TRINITY_DN6024_c9_g1_i1.p1,-0.283170015940697
TRINITY_DN6026_c0_g1_i12.p1,-1.55276241451408
TRINITY_DN6026_c0_g1_i13.p1,2.39074931285411
TRINITY_DN6026_c0_g1_i3.p1,-0.340388433914995
TRINITY_DN6034_c0_g1_i2.p1,-0.622593810721379
TRINITY_DN6038_c0_g1_i1.p1,-0.334491103612321
TRINITY_DN6038_c0_g1_i4.p1,0.343603622437286
TRINITY_DN6047_c0_g1_i3.p1,-1.61013717291868
TRINITY_DN60512_c0_g1_i1.p1,0.577190535522079
TRINITY_DN60512_c0_g1_i2.p1,-0.236062580622443
TRINITY_DN60512_c0_g1_i20.p1,-1.20234765669278
TRINITY_DN60512_c0_g1_i28.p1,1.28260142946992
TRINITY_DN60512_c0_g1_i31.p1,-0.0760532562611605
TRINITY_DN60576_c0_g1_i3.p1,0.334671219152997
TRINITY_DN60582_c1_g1_i1.p1,0.11289795569706
TRINITY_DN60668_c0_g2_i1.p1,0.905740227260002
TRINITY_DN6067_c0_g1_i3.p1,0.504777429322666
TRINITY_DN6083_c4_g2_i1.p1,-0.399270943260369
TRINITY_DN60853_c0_g1_i2.p1,0.439695325188201
TRINITY_DN60869_c0_g1_i17.p1,-0.264334696029681
TRINITY_DN60869_c0_g1_i22.p1,-0.120097575863083
TRINITY_DN60869_c0_g1_i23.p1,-0.120087824337175
TRINITY_DN60869_c0_g1_i32.p1,0.653605515995079
TRINITY_DN60869_c0_g1_i49.p1,-0.120097093798866
TRINITY_DN60869_c0_g1_i51.p1,1.2839323070649
TRINITY_DN60918_c0_g1_i4.p2,0.951484444750269
TRINITY_DN60918_c0_g1_i5.p1,-1.11493999299908
TRINITY_DN60939_c0_g1_i8.p1,-0.264342106144436
TRINITY_DN60939_c0_g2_i1.p1,-0.045093888759442
TRINITY_DN60939_c1_g1_i1.p1,-1.62530669468404
TRINITY_DN60939_c2_g1_i1.p1,-0.0468379486460417
TRINITY_DN6095_c0_g1_i8.p1,2.51304899322618
TRINITY_DN60964_c0_g1_i1.p1,-0.907254041452924
TRINITY_DN6096_c2_g1_i1.p1,-0.563697721724276
TRINITY_DN61048_c0_g1_i1.p1,1.77020390727647
TRINITY_DN61048_c0_g1_i2.p1,0.721370817198012
TRINITY_DN6104_c1_g1_i1.p1,0.64572685752462
TRINITY_DN6104_c1_g1_i4.p1,-1.70746982702788
TRINITY_DN6104_c1_g1_i5.p1,-0.0957521591758949
TRINITY_DN61172_c0_g2_i5.p1,-0.372373942118523
TRINITY_DN6117_c0_g1_i4.p1,0.160400205702497
TRINITY_DN6121_c0_g2_i2.p1,0.984864274765982
TRINITY_DN6122_c0_g1_i2.p1,0.475369972016078
TRINITY_DN6124_c1_g1_i1.p1,0.807067923841572
TRINITY_DN6125_c0_g1_i14.p1,0.268804374155115
TRINITY_DN6125_c0_g1_i20.p1,-0.89914783992518
TRINITY_DN6125_c0_g1_i5.p1,0.55490288201065
TRINITY_DN6125_c0_g1_i8.p1,1.62283437313506
TRINITY_DN6125_c0_g1_i9.p1,-0.0239166686020327
TRINITY_DN61292_c0_g1_i1.p1,1.28730866852195
TRINITY_DN61292_c0_g1_i2.p1,-0.158012600052793
TRINITY_DN61292_c0_g1_i3.p1,0.335294202336216
TRINITY_DN61292_c0_g1_i5.p1,1.00894330511766
TRINITY_DN61301_c0_g1_i1.p1,0.861266730620045
TRINITY_DN61366_c1_g2_i1.p1,0.93776904481638
TRINITY_DN6140_c0_g3_i1.p1,0.0338280584615769
TRINITY_DN6145_c0_g1_i1.p1,-0.15331948316961
TRINITY_DN614_c0_g1_i21.p1,-0.643151107826535
TRINITY_DN614_c0_g1_i3.p1,1.83730950816214
TRINITY_DN614_c0_g1_i8.p1,1.66103184504454
TRINITY_DN6158_c0_g1_i11.p1,-1.23249203485628
TRINITY_DN6158_c0_g1_i4.p1,-0.841418282007998
TRINITY_DN61600_c0_g1_i5.p2,-0.0699756770153933
TRINITY_DN6172_c0_g1_i1.p1,-0.17131513032784
TRINITY_DN6173_c3_g1_i6.p2,1.20868330538352
TRINITY_DN61771_c0_g1_i1.p1,1.13534368239896
TRINITY_DN6177_c0_g1_i1.p1,-0.1921416964105
TRINITY_DN6177_c0_g1_i12.p1,-0.228521235944837
TRINITY_DN6177_c0_g1_i16.p1,-0.765345635652175
TRINITY_DN6177_c0_g1_i22.p1,0.456978079382933
TRINITY_DN6177_c0_g1_i23.p1,0.484157992681154
TRINITY_DN6177_c0_g1_i4.p1,-1.6136822396007
TRINITY_DN6177_c0_g1_i7.p1,-0.12009469709182
TRINITY_DN6180_c0_g2_i3.p1,-2.16881938790613
TRINITY_DN61845_c1_g4_i1.p1,0.608764794510008
TRINITY_DN61847_c0_g1_i1.p1,-0.480746222725173
TRINITY_DN61852_c0_g1_i4.p1,-0.167178319588795
TRINITY_DN6185_c0_g1_i2.p1,0.557492502374639
TRINITY_DN6185_c0_g1_i5.p1,-0.911738993659623
TRINITY_DN61894_c0_g1_i1.p1,-0.120091443566731
TRINITY_DN61894_c0_g1_i4.p1,0.560545655966347
TRINITY_DN61912_c0_g1_i1.p1,0.391180260460292
TRINITY_DN61912_c0_g1_i2.p1,-2.19114662986197
TRINITY_DN6191_c1_g1_i3.p1,0.0315252694597355
TRINITY_DN6192_c0_g1_i3.p1,-1.20235377426382
TRINITY_DN6192_c0_g1_i7.p1,-0.323852196738811
TRINITY_DN61944_c0_g1_i1.p1,-0.261084455911066
TRINITY_DN61961_c0_g1_i3.p1,0.3912732502199
TRINITY_DN61961_c0_g1_i7.p1,0.738578005235683
TRINITY_DN61988_c0_g1_i1.p1,-0.841401001883616
TRINITY_DN619_c0_g1_i1.p1,1.12293559547837
TRINITY_DN619_c0_g1_i5.p1,0.140898768230828
TRINITY_DN62008_c0_g1_i2.p1,0.847739970031241
TRINITY_DN62008_c0_g1_i4.p1,-0.893094491771874
TRINITY_DN62066_c0_g1_i4.p1,0.246849478413815
TRINITY_DN6207_c0_g1_i1.p1,0.456975666554858
TRINITY_DN6207_c0_g1_i2.p1,0.287487812218899
TRINITY_DN6207_c0_g1_i3.p1,-2.28620674601446
TRINITY_DN6207_c0_g1_i4.p1,-3.39826718628196
TRINITY_DN6213_c0_g1_i4.p1,-2.20984521145994
TRINITY_DN6213_c0_g1_i5.p1,0.440837558198531
TRINITY_DN62142_c1_g2_i2.p1,0.456981296478662
TRINITY_DN6218_c0_g1_i2.p1,-2.30822744031542
TRINITY_DN6220_c0_g1_i4.p1,-0.129037905775553
TRINITY_DN6236_c0_g2_i11.p1,0.247903855709445
TRINITY_DN6244_c0_g1_i2.p1,-0.370734180727116
TRINITY_DN6244_c0_g1_i5.p1,-0.907429602720953
TRINITY_DN6244_c0_g1_i9.p1,-0.929338068525303
TRINITY_DN6250_c0_g1_i6.p1,0.952640897395862
TRINITY_DN6251_c0_g1_i2.p1,1.35956021706097
TRINITY_DN6253_c0_g1_i12.p1,-0.386863890843328
TRINITY_DN6253_c0_g1_i15.p1,-0.616046169423626
TRINITY_DN6253_c0_g1_i2.p1,0.414816962306012
TRINITY_DN6253_c0_g1_i4.p1,-0.13725240559799
TRINITY_DN6253_c0_g1_i5.p1,-2.49976489185079
TRINITY_DN6253_c0_g1_i6.p1,0.72259912458343
TRINITY_DN6253_c0_g1_i7.p1,-2.22966349186244
TRINITY_DN62544_c0_g1_i1.p1,0.403854041578368
TRINITY_DN6256_c0_g3_i2.p1,-0.250738819097147
TRINITY_DN6256_c0_g3_i4.p1,0.419205012821666
TRINITY_DN6267_c0_g1_i1.p1,-0.897835019710881
TRINITY_DN6267_c5_g1_i1.p1,-0.455587983236373
TRINITY_DN6267_c5_g1_i2.p1,0.367414649119465
TRINITY_DN626_c0_g1_i1.p1,1.01245216533649
TRINITY_DN626_c0_g1_i4.p1,0.952260372223471
TRINITY_DN6270_c0_g1_i7.p1,0.582336923190148
TRINITY_DN6278_c0_g1_i3.p1,0.56409802953946
TRINITY_DN6292_c0_g1_i1.p1,0.00528100719338474
TRINITY_DN62951_c0_g1_i1.p1,0.643717598970892
TRINITY_DN62965_c0_g2_i3.p1,-2.39191966778939
TRINITY_DN6297_c0_g1_i3.p1,0.339616081083421
TRINITY_DN6297_c0_g1_i4.p1,0.518625543669457
TRINITY_DN6297_c4_g2_i1.p1,0.260771649400832
TRINITY_DN629_c0_g1_i16.p1,0.633029893735352
TRINITY_DN629_c0_g1_i5.p1,1.68544720820928
TRINITY_DN62_c4_g3_i5.p1,0.166402707374477
TRINITY_DN6300_c0_g1_i7.p1,0.567638842047925
TRINITY_DN6301_c0_g1_i2.p1,-0.561345534106726
TRINITY_DN6301_c0_g1_i3.p1,-0.999196315168523
TRINITY_DN6307_c0_g1_i3.p2,2.04293253461652
TRINITY_DN63089_c0_g1_i12.p1,0.930754914010718
TRINITY_DN63089_c0_g1_i2.p1,0.456965717183534
TRINITY_DN63089_c0_g1_i5.p1,-0.756969012267924
TRINITY_DN63089_c0_g1_i6.p1,-1.38144739799472
TRINITY_DN63089_c0_g1_i7.p1,1.29552952483459
TRINITY_DN630_c1_g1_i5.p1,-1.09750965681468
TRINITY_DN630_c1_g1_i7.p1,0.785085451027139
TRINITY_DN6310_c0_g1_i2.p1,-1.72197551477016
TRINITY_DN6310_c0_g1_i3.p1,0.627708928897594
TRINITY_DN63178_c0_g1_i1.p1,-0.26433912138784
TRINITY_DN63178_c0_g1_i3.p1,-1.18100911194171
TRINITY_DN63178_c0_g3_i1.p1,-2.34070331841256
TRINITY_DN63178_c1_g1_i1.p1,0.426820480528026
TRINITY_DN63178_c1_g1_i2.p1,0.181564342013406
TRINITY_DN63178_c1_g1_i3.p1,-0.129079878725414
TRINITY_DN63189_c0_g1_i2.p1,0.425507900070429
TRINITY_DN63189_c0_g1_i3.p1,-0.120101224537575
TRINITY_DN63189_c0_g1_i7.p1,0.902109524237106
TRINITY_DN632_c0_g1_i1.p1,-2.15350347392954
TRINITY_DN63335_c0_g1_i2.p1,0.249746192782764
TRINITY_DN63345_c0_g1_i1.p1,-2.57750778508256
TRINITY_DN6337_c1_g1_i10.p1,0.314287586733902
TRINITY_DN6337_c1_g1_i11.p1,0.349188100546553
TRINITY_DN6337_c1_g1_i12.p1,1.10491752801807
TRINITY_DN6337_c1_g1_i14.p1,-0.795368558041296
TRINITY_DN6337_c1_g1_i2.p1,0.342066235343116
TRINITY_DN6337_c1_g1_i4.p1,0.501030816670269
TRINITY_DN6337_c1_g1_i7.p1,1.26574605311147
TRINITY_DN6337_c1_g1_i9.p1,0.348568371249562
TRINITY_DN63380_c0_g1_i1.p1,-0.33956588204059
TRINITY_DN63380_c0_g1_i3.p1,-0.264339448635813
TRINITY_DN63380_c0_g1_i5.p1,-1.50089986692174
TRINITY_DN63380_c0_g1_i6.p1,-0.841417720875769
TRINITY_DN6345_c11_g1_i1.p1,-0.542486477068284
TRINITY_DN6345_c2_g1_i2.p1,0.0549524364339304
TRINITY_DN63472_c0_g2_i1.p1,-0.0722223048586746
TRINITY_DN6348_c0_g1_i14.p1,1.12249128649308
TRINITY_DN6348_c0_g1_i17.p1,-1.59394014007914
TRINITY_DN6348_c0_g1_i21.p1,1.62896683718596
TRINITY_DN634_c10_g1_i11.p1,-0.702084089307726
TRINITY_DN634_c10_g1_i2.p1,0.096323300224491
TRINITY_DN634_c10_g1_i6.p1,-0.00935114884443931
TRINITY_DN634_c10_g1_i9.p1,1.86093484454158
TRINITY_DN634_c4_g1_i1.p2,-0.480746222725173
TRINITY_DN63514_c0_g1_i1.p1,-0.120108680241047
TRINITY_DN6351_c0_g1_i3.p1,0.208126331803285
TRINITY_DN6353_c0_g1_i1.p1,0.210319542933671
TRINITY_DN6353_c0_g5_i2.p1,0.531547074709745
TRINITY_DN6353_c0_g5_i3.p1,-0.410606130094081
TRINITY_DN6354_c0_g3_i3.p1,0.456981296478662
TRINITY_DN6354_c0_g3_i4.p1,-0.60347293247519
TRINITY_DN6354_c1_g1_i1.p1,0.114711055590728
TRINITY_DN635_c0_g1_i4.p1,0.645300758870157
TRINITY_DN6365_c0_g1_i2.p1,0.743613096819057
TRINITY_DN63698_c0_g1_i1.p1,0.689003815007002
TRINITY_DN63706_c0_g1_i1.p1,-0.480753229079757
TRINITY_DN63706_c0_g1_i2.p1,-0.120091443566732
TRINITY_DN63776_c0_g1_i8.p1,-1.20234689566444
TRINITY_DN63776_c0_g1_i9.p1,-0.120087824337174
TRINITY_DN637_c0_g1_i8.p1,1.40438454373563
TRINITY_DN6381_c0_g1_i4.p1,-0.997143628984389
TRINITY_DN63840_c0_g1_i3.p1,1.4303017888604
TRINITY_DN6387_c0_g1_i10.p1,0.614619442513575
TRINITY_DN6388_c0_g1_i1.p1,0.15277988163483
TRINITY_DN6388_c0_g1_i2.p1,-0.599345758484186
TRINITY_DN63908_c0_g1_i3.p1,2.41214657070166
TRINITY_DN63912_c0_g1_i7.p2,-0.659936666746111
TRINITY_DN6392_c0_g1_i1.p1,0.0258530533090388
TRINITY_DN639_c2_g1_i1.p1,0.928719156349094
TRINITY_DN639_c2_g1_i6.p1,0.396444550428355
TRINITY_DN639_c2_g1_i7.p1,0.572871485459587
TRINITY_DN63_c0_g1_i1.p1,0.0858805295583249
TRINITY_DN63_c1_g1_i16.p1,-0.044927192158676
TRINITY_DN63_c1_g1_i19.p1,-0.324102871362382
TRINITY_DN63_c1_g1_i35.p1,-0.213589971434145
TRINITY_DN63_c1_g1_i36.p1,1.41965266472831
TRINITY_DN6400_c0_g1_i5.p1,-0.777402953087419
TRINITY_DN6405_c0_g1_i2.p1,-2.33320641260789
TRINITY_DN6405_c0_g1_i9.p1,0.826545348044775
TRINITY_DN64069_c0_g2_i1.p1,0.479632258550735
TRINITY_DN640_c0_g1_i4.p1,1.17885985621824
TRINITY_DN64120_c0_g3_i1.p1,-0.42674243218846
TRINITY_DN64252_c0_g1_i1.p1,-0.841407436075074
TRINITY_DN64282_c0_g1_i12.p1,0.463587502333992
TRINITY_DN64282_c0_g1_i7.p1,1.69058595776762
TRINITY_DN6429_c0_g1_i1.p1,1.25155888265444
TRINITY_DN6429_c0_g1_i11.p1,-0.841401001883616
TRINITY_DN6429_c0_g1_i13.p1,-0.372737003756926
TRINITY_DN6429_c0_g1_i9.p1,0.444243980580804
TRINITY_DN642_c0_g1_i1.p1,-1.82774478693814
TRINITY_DN642_c0_g1_i3.p1,-0.394993369952303
TRINITY_DN642_c0_g1_i4.p1,-0.595573249142663
TRINITY_DN64314_c1_g1_i2.p1,0.0974952754439017
TRINITY_DN6432_c0_g1_i14.p1,-0.293181100401711
TRINITY_DN6432_c0_g1_i63.p1,-0.253466177974478
TRINITY_DN6437_c0_g1_i2.p1,-0.127498514039764
TRINITY_DN6437_c0_g1_i4.p1,0.103600990746573
TRINITY_DN6437_c0_g1_i5.p1,-2.30644185745982
TRINITY_DN6439_c2_g2_i11.p1,-0.0663066500060714
TRINITY_DN6439_c2_g2_i4.p1,-0.264340486652455
TRINITY_DN6439_c2_g2_i5.p1,0.471979765992239
TRINITY_DN6441_c1_g1_i1.p1,2.18980950681518
TRINITY_DN6442_c0_g2_i1.p1,-0.343482596555989
TRINITY_DN6442_c0_g2_i2.p1,-0.114864235782874
TRINITY_DN6442_c0_g2_i4.p1,-0.246646300161473
TRINITY_DN644_c0_g1_i14.p1,-1.2023214815146
TRINITY_DN644_c0_g1_i27.p1,-1.54436675534934
TRINITY_DN644_c0_g1_i30.p1,0.970293887515436
TRINITY_DN644_c0_g1_i33.p1,1.84419135348539
TRINITY_DN64537_c0_g1_i1.p1,1.05101241811147
TRINITY_DN645_c0_g1_i1.p1,-0.326898914406835
TRINITY_DN645_c2_g3_i1.p1,0.184840459920207
TRINITY_DN6468_c0_g1_i1.p1,-0.295096340145851
TRINITY_DN64715_c0_g1_i2.p1,0.639681921401762
TRINITY_DN6473_c0_g1_i1.p1,-1.55599153158138
TRINITY_DN6473_c0_g1_i10.p1,0.734727306739393
TRINITY_DN6473_c0_g1_i11.p1,-0.432343498645283
TRINITY_DN6473_c0_g1_i13.p1,-0.566989657355286
TRINITY_DN6473_c0_g1_i4.p1,-1.12181231854006
TRINITY_DN6473_c0_g1_i6.p1,-0.649021854765087
TRINITY_DN6473_c0_g1_i7.p1,0.280690808022064
TRINITY_DN64781_c0_g1_i8.p1,-1.12346929976541
TRINITY_DN647_c0_g1_i20.p2,0.968764644326053
TRINITY_DN647_c0_g1_i71.p1,-1.09041108339242
TRINITY_DN64839_c0_g1_i1.p1,0.84960470468651
TRINITY_DN6484_c0_g1_i1.p1,0.0261124669541331
TRINITY_DN64857_c0_g1_i2.p1,-0.520242166496456
TRINITY_DN6485_c0_g1_i20.p1,0.750618425839382
TRINITY_DN6485_c0_g1_i23.p1,-1.61564101777066
TRINITY_DN6485_c0_g1_i31.p1,-0.120090639299077
TRINITY_DN6485_c0_g1_i39.p1,-1.73433417581884
TRINITY_DN6485_c0_g1_i49.p1,-1.22052756967264
TRINITY_DN6485_c0_g1_i51.p1,-0.397452831424724
TRINITY_DN64863_c0_g1_i1.p1,-0.12009882508506
TRINITY_DN64878_c0_g1_i1.p1,-0.841409122770775
TRINITY_DN64878_c0_g1_i8.p1,0.16298743918593
TRINITY_DN6487_c0_g1_i2.p1,2.39424930577237
TRINITY_DN6487_c0_g1_i3.p1,-0.868012509688848
TRINITY_DN6487_c0_g1_i4.p1,-2.37494366945261
TRINITY_DN64883_c0_g1_i1.p1,1.62418445041564
TRINITY_DN64883_c0_g1_i2.p1,-0.862463698597844
TRINITY_DN64883_c0_g1_i4.p1,1.56704788640429
TRINITY_DN648_c3_g1_i1.p1,-0.396744839440397
TRINITY_DN64921_c0_g1_i1.p1,0.142123944461759
TRINITY_DN6494_c0_g1_i2.p1,2.80451767093632
TRINITY_DN6494_c0_g1_i4.p1,0.0803323654190395
TRINITY_DN6494_c0_g1_i9.p1,-0.855749199055928
TRINITY_DN6495_c0_g2_i1.p1,-2.67330706174657
TRINITY_DN6499_c0_g1_i10.p1,-1.06025796242184
TRINITY_DN6499_c0_g1_i17.p1,-0.245401279610397
TRINITY_DN6499_c0_g1_i19.p1,-2.53885895667723
TRINITY_DN6499_c0_g1_i8.p1,-1.31747434455668
TRINITY_DN65005_c0_g1_i2.p1,2.70770242093763
TRINITY_DN6501_c0_g1_i1.p1,1.34367831917395
TRINITY_DN6501_c0_g1_i2.p1,1.35497096129573
TRINITY_DN6501_c0_g1_i6.p1,-1.54229710541573
TRINITY_DN65087_c0_g1_i2.p1,0.83555099763543
TRINITY_DN6512_c0_g2_i1.p1,0.127206924659741
TRINITY_DN6512_c0_g2_i2.p1,-1.37193563332684
TRINITY_DN6514_c0_g1_i4.p1,1.45206828563858
TRINITY_DN65180_c0_g1_i1.p1,-0.841401001883616
TRINITY_DN65180_c0_g1_i2.p1,-1.51670635418115
TRINITY_DN6520_c1_g2_i2.p1,-0.973900032612943
TRINITY_DN65238_c0_g1_i1.p1,-1.22828296159914
TRINITY_DN65238_c0_g1_i3.p1,1.22479587042321
TRINITY_DN65269_c0_g1_i1.p1,0.00547891479045187
TRINITY_DN65269_c0_g1_i2.p1,-0.480746222725173
TRINITY_DN65269_c0_g1_i8.p1,1.08813115203301
TRINITY_DN65279_c0_g1_i1.p1,-2.13284967461821
TRINITY_DN65279_c0_g1_i3.p1,-0.115713792711518
TRINITY_DN65345_c0_g1_i11.p1,-1.20234689566444
TRINITY_DN65345_c0_g1_i15.p1,0.88498499725646
TRINITY_DN65345_c0_g1_i17.p1,-0.965023099968412
TRINITY_DN65345_c0_g1_i21.p1,0.45697526442103
TRINITY_DN65345_c0_g1_i24.p1,1.47778457392783
TRINITY_DN65345_c0_g1_i26.p1,-1.1334111523001
TRINITY_DN65345_c0_g1_i8.p1,-0.426021731847837
TRINITY_DN6536_c0_g1_i6.p1,2.08272992379969
TRINITY_DN65377_c0_g1_i1.p1,0.278851480483471
TRINITY_DN65384_c1_g2_i2.p1,1.79187380960689
TRINITY_DN65384_c1_g2_i3.p1,0.030668936854913
TRINITY_DN6538_c0_g1_i2.p1,0.514232072151717
TRINITY_DN6538_c0_g1_i4.p1,1.38184136208099
TRINITY_DN6538_c1_g1_i11.p1,0.306298480180097
TRINITY_DN6538_c1_g1_i2.p1,1.0826341303747
TRINITY_DN6538_c1_g1_i4.p1,1.53140303087584
TRINITY_DN6538_c1_g1_i6.p1,-0.0752481458532536
TRINITY_DN6538_c1_g1_i7.p1,-0.0254596012614332
TRINITY_DN653_c2_g1_i2.p1,0.128701023406587
TRINITY_DN653_c2_g1_i5.p1,1.76485241832832
TRINITY_DN653_c3_g1_i2.p1,1.48379290788594
TRINITY_DN6540_c1_g1_i2.p1,-0.868858979837377
TRINITY_DN65432_c0_g1_i1.p1,-0.0898156842311163
TRINITY_DN65479_c0_g1_i2.p1,-1.91259192722329
TRINITY_DN65479_c0_g1_i4.p1,1.82318802437282
TRINITY_DN654_c4_g1_i2.p1,2.11625972316224
TRINITY_DN6551_c0_g1_i1.p1,1.82075351736937
TRINITY_DN6551_c0_g1_i2.p1,0.925407024150815
TRINITY_DN6554_c0_g1_i1.p1,-1.96840871383305
TRINITY_DN6555_c0_g1_i1.p1,-0.312884033555307
TRINITY_DN6559_c0_g1_i9.p1,-0.20024109419405
TRINITY_DN6563_c1_g2_i2.p1,-0.109808624850991
TRINITY_DN6563_c1_g2_i9.p1,-1.19874181051909
TRINITY_DN657_c0_g2_i1.p1,-0.857425803829631
TRINITY_DN6582_c1_g1_i1.p1,0.209924009367752
TRINITY_DN6585_c1_g2_i1.p1,-0.625272715743083
TRINITY_DN6585_c1_g2_i10.p1,-0.120101221359166
TRINITY_DN6585_c1_g2_i16.p1,-0.480750417072468
TRINITY_DN6585_c1_g2_i2.p1,0.709262482009713
TRINITY_DN6585_c1_g2_i24.p1,0.993253653797236
TRINITY_DN6585_c1_g2_i25.p1,-0.728670185940644
TRINITY_DN6585_c1_g2_i9.p1,-0.415306093841992
TRINITY_DN6591_c0_g1_i9.p1,-0.841401001883616
TRINITY_DN6595_c0_g1_i7.p1,-0.764060469368018
TRINITY_DN6598_c0_g1_i2.p1,0.887098227381655
TRINITY_DN6598_c5_g1_i1.p1,-0.625151743525626
TRINITY_DN6598_c5_g1_i2.p1,-0.407866644313213
TRINITY_DN6598_c5_g1_i5.p1,0.318312179753581
TRINITY_DN66082_c0_g1_i1.p1,0.290613363899921
TRINITY_DN6608_c1_g1_i1.p1,0.67466882990298
TRINITY_DN660_c48_g1_i1.p1,-1.33123950429638
TRINITY_DN6610_c0_g1_i18.p1,0.635782364511457
TRINITY_DN6610_c0_g1_i8.p1,-0.400753373738793
TRINITY_DN66151_c0_g1_i1.p1,0.0614685521803578
TRINITY_DN6623_c0_g1_i1.p1,-0.0951194332383757
TRINITY_DN6623_c0_g1_i10.p1,2.27982030939284
TRINITY_DN6623_c0_g1_i11.p1,-0.84141840029466
TRINITY_DN6623_c0_g1_i2.p1,-1.20235377426382
TRINITY_DN6623_c0_g1_i5.p1,0.456975972493061
TRINITY_DN6623_c0_g1_i6.p1,-1.20234689566444
TRINITY_DN6624_c1_g1_i2.p1,-0.434272965184441
TRINITY_DN66284_c0_g1_i1.p1,0.844483872272333
TRINITY_DN66321_c0_g1_i1.p1,0.189225913000614
TRINITY_DN66321_c0_g1_i4.p1,-0.624852784353293
TRINITY_DN66361_c0_g1_i2.p1,-0.0294476200669186
TRINITY_DN66361_c0_g1_i8.p1,-0.759568862706059
TRINITY_DN6638_c0_g2_i1.p1,0.650099960516542
TRINITY_DN6638_c0_g2_i3.p1,-0.293993999565166
TRINITY_DN66412_c0_g1_i2.p1,-0.120091443566731
TRINITY_DN66463_c0_g1_i10.p1,-0.424485995291789
TRINITY_DN66463_c0_g1_i3.p1,0.516232729163968
TRINITY_DN66463_c0_g1_i6.p1,0.347544795685003
TRINITY_DN66463_c2_g1_i1.p1,0.561053551560753
TRINITY_DN6650_c0_g2_i1.p1,1.07894058101986
TRINITY_DN6650_c0_g2_i2.p1,0.231462303924023
TRINITY_DN6651_c0_g1_i13.p1,0.620660051044646
TRINITY_DN6651_c0_g1_i19.p1,0.540166851584886
TRINITY_DN66536_c0_g1_i1.p1,0.289186530643714
TRINITY_DN6658_c0_g2_i2.p1,0.0386213698959419
TRINITY_DN6668_c0_g1_i1.p1,1.51874891830974
TRINITY_DN6671_c3_g1_i1.p1,1.59402658625654
TRINITY_DN66817_c0_g1_i1.p1,0.65308937232989
TRINITY_DN66880_c0_g1_i10.p1,0.72842942815799
TRINITY_DN66880_c0_g1_i16.p1,-0.268817701380518
TRINITY_DN66880_c0_g1_i20.p1,1.0928882618578
TRINITY_DN66880_c0_g1_i3.p1,0.333426173942338
TRINITY_DN66883_c0_g1_i1.p1,0.71573756180845
TRINITY_DN66883_c0_g1_i3.p1,-0.17607788598568
TRINITY_DN66910_c0_g1_i1.p1,0.385688048540941
TRINITY_DN6694_c0_g1_i12.p1,2.11064796230931
TRINITY_DN6694_c0_g1_i2.p1,0.096327207664043
TRINITY_DN6698_c0_g1_i5.p1,-3.24294263439202
TRINITY_DN6698_c0_g1_i9.p1,0.0991021151795162
TRINITY_DN670_c0_g1_i2.p1,-2.25709319009457
TRINITY_DN67105_c0_g1_i1.p1,0.0191268913935211
TRINITY_DN6741_c0_g1_i1.p1,1.35665113125795
TRINITY_DN6741_c0_g1_i13.p1,0.353889420417171
TRINITY_DN6741_c0_g1_i2.p1,-0.120090639299076
TRINITY_DN6741_c0_g1_i5.p1,-0.132484889398861
TRINITY_DN6741_c0_g1_i8.p1,1.5726123047882
TRINITY_DN67512_c1_g1_i4.p1,-0.266068684003632
TRINITY_DN67512_c1_g1_i6.p1,0.0707928056358793
TRINITY_DN6754_c0_g1_i2.p1,-0.33020911193954
TRINITY_DN6757_c4_g1_i1.p1,0.0923471373254233
TRINITY_DN67665_c0_g2_i2.p1,-0.0867238576065055
TRINITY_DN676_c0_g1_i1.p1,1.32658612847478
TRINITY_DN676_c0_g1_i6.p1,-0.480743005629443
TRINITY_DN67738_c0_g1_i1.p1,0.238097613761349
TRINITY_DN6790_c0_g2_i2.p1,-1.16935692789044
TRINITY_DN6790_c0_g2_i4.p1,-0.993907284639324
TRINITY_DN6790_c0_g2_i5.p1,1.03965671091962
TRINITY_DN6790_c0_g2_i6.p1,1.03605305721791
TRINITY_DN6790_c0_g2_i7.p2,2.58796304214131
TRINITY_DN6790_c0_g2_i8.p1,-0.2724264539614
TRINITY_DN6792_c0_g1_i22.p1,1.84601262477759
TRINITY_DN6792_c6_g1_i1.p1,-0.176802147995501
TRINITY_DN6795_c0_g2_i1.p1,-0.22667359484765
TRINITY_DN67982_c0_g1_i2.p1,-0.0132940505968602
TRINITY_DN679_c2_g1_i2.p1,-2.28542022444335
TRINITY_DN68022_c0_g1_i2.p1,-0.120095001862242
TRINITY_DN68022_c3_g1_i1.p1,-0.960655661530683
TRINITY_DN68043_c0_g1_i1.p1,0.367172686307086
TRINITY_DN68043_c0_g1_i5.p1,-0.818796030459069
TRINITY_DN6806_c0_g1_i20.p1,1.50216443357433
TRINITY_DN6806_c0_g1_i32.p1,-0.824105598062693
TRINITY_DN6806_c0_g1_i4.p1,-0.609542331124797
TRINITY_DN6807_c0_g2_i3.p1,-0.345075392543148
TRINITY_DN68105_c0_g1_i1.p1,0.0730169438309837
TRINITY_DN68111_c0_g1_i9.p1,-0.264338882172489
TRINITY_DN68112_c0_g1_i1.p1,1.41298613409394
TRINITY_DN6812_c0_g1_i6.p1,0.456224784173044
TRINITY_DN68140_c0_g1_i1.p1,1.97285934994194
TRINITY_DN68140_c0_g2_i1.p1,0.260682152911965
TRINITY_DN68167_c0_g1_i2.p1,-1.37144390458957
TRINITY_DN68188_c0_g1_i2.p1,-0.565888839711826
TRINITY_DN681_c0_g1_i11.p1,-0.480755839358732
TRINITY_DN681_c0_g1_i12.p1,0.10823612633706
TRINITY_DN681_c0_g1_i14.p1,-0.029804889656849
TRINITY_DN681_c1_g1_i21.p2,1.55941662513763
TRINITY_DN68218_c0_g2_i3.p1,-0.264341437875228
TRINITY_DN68218_c0_g2_i4.p1,1.29081433398045
TRINITY_DN68218_c0_g2_i7.p1,0.728602745861127
TRINITY_DN68264_c0_g1_i1.p1,-0.841407030889286
TRINITY_DN68280_c0_g1_i3.p1,-0.835282125657005
TRINITY_DN68283_c0_g2_i4.p1,0.801382976816677
TRINITY_DN68283_c0_g2_i7.p1,-0.944887365861746
TRINITY_DN6828_c0_g2_i6.p1,0.055506496171709
TRINITY_DN6828_c0_g2_i7.p1,-0.484784813456753
TRINITY_DN6830_c0_g2_i2.p1,0.787959605853792
TRINITY_DN6831_c0_g3_i1.p1,0.110245054629381
TRINITY_DN6831_c0_g3_i2.p1,-0.215760143071145
TRINITY_DN68332_c0_g1_i2.p1,0.792819112665852
TRINITY_DN68377_c0_g1_i1.p1,-1.14651399025564
TRINITY_DN68377_c0_g1_i2.p1,-0.237424700168444
TRINITY_DN6843_c0_g1_i1.p1,-0.120100414450993
TRINITY_DN6843_c0_g1_i10.p1,-1.20234824807422
TRINITY_DN6843_c0_g1_i7.p1,-0.0103263615745795
TRINITY_DN68441_c1_g1_i1.p1,-1.57925044848298
TRINITY_DN68460_c0_g1_i4.p1,0.723992928795665
TRINITY_DN68460_c0_g1_i5.p1,0.846940880084909
TRINITY_DN6850_c0_g1_i4.p1,1.33489812566259
TRINITY_DN6850_c0_g1_i6.p1,0.456981296478662
TRINITY_DN6850_c0_g2_i1.p1,-0.852336606620089
TRINITY_DN6850_c5_g2_i1.p1,-0.246236223448122
TRINITY_DN6850_c5_g2_i2.p1,-0.36516784116039
TRINITY_DN6854_c0_g1_i3.p1,-0.305793557647114
TRINITY_DN6854_c0_g1_i8.p1,-0.344950032789973
TRINITY_DN6862_c0_g1_i4.p1,-0.598890610827241
TRINITY_DN68658_c0_g2_i1.p1,-0.797193450880598
TRINITY_DN68676_c0_g1_i1.p1,-1.46399281822908
TRINITY_DN6869_c3_g1_i2.p1,0.797745790396278
TRINITY_DN6869_c3_g1_i3.p1,-0.562984981407492
TRINITY_DN68747_c0_g1_i2.p1,-3.73975668684355
TRINITY_DN6874_c1_g1_i12.p1,0.242447684740694
TRINITY_DN687_c0_g1_i14.p1,-2.06387725789299
TRINITY_DN687_c0_g1_i15.p1,-0.130688859888049
TRINITY_DN687_c0_g1_i33.p1,0.0330595549303285
TRINITY_DN687_c0_g1_i38.p1,-0.883956462302106
TRINITY_DN687_c0_g1_i40.p1,-0.348732809019761
TRINITY_DN687_c0_g1_i41.p1,0.158138976490561
TRINITY_DN68855_c0_g1_i2.p1,-0.841417224824414
TRINITY_DN68883_c0_g1_i2.p1,-0.120087824337175
TRINITY_DN68957_c1_g1_i4.p1,-0.264337966462902
TRINITY_DN68957_c1_g1_i5.p1,1.56581182607777
TRINITY_DN68966_c1_g1_i5.p1,-1.62701568725068
TRINITY_DN68_c1_g1_i21.p1,-0.755318312601005
TRINITY_DN6900_c1_g1_i3.p1,0.72364667617367
TRINITY_DN6900_c2_g1_i2.p1,-1.07169642032988
TRINITY_DN69095_c0_g1_i2.p1,-0.716773637107883
TRINITY_DN69095_c0_g1_i3.p1,0.25131270559323
TRINITY_DN690_c0_g1_i4.p1,-1.20125619891152
TRINITY_DN690_c2_g1_i3.p1,0.885012559552033
TRINITY_DN6910_c0_g1_i7.p1,-0.442765211443931
TRINITY_DN6914_c0_g1_i10.p1,0.010917252288805
TRINITY_DN6914_c0_g1_i11.p1,1.0643758207355
TRINITY_DN6914_c0_g1_i12.p1,-0.610772200855962
TRINITY_DN6914_c0_g1_i16.p1,0.0481936049405
TRINITY_DN6914_c0_g1_i4.p1,-1.51139011613679
TRINITY_DN69173_c0_g1_i1.p1,0.902544111763762
TRINITY_DN6917_c0_g1_i1.p1,-0.597867645522578
TRINITY_DN6917_c0_g1_i4.p1,-1.94485297164703
TRINITY_DN691_c0_g2_i3.p1,-2.02938123956549
TRINITY_DN6920_c0_g1_i12.p1,0.489834254379187
TRINITY_DN6920_c0_g1_i17.p1,0.720835291216248
TRINITY_DN6921_c0_g1_i13.p1,-0.473998132472978
TRINITY_DN6921_c0_g1_i14.p1,0.854550296996208
TRINITY_DN6921_c0_g1_i2.p1,1.08949497952476
TRINITY_DN6925_c0_g1_i1.p1,0.404432379499886
TRINITY_DN6925_c0_g1_i16.p1,-0.383797537533916
TRINITY_DN6925_c0_g1_i27.p1,0.465472458019805
TRINITY_DN6925_c0_g1_i33.p1,0.042741181540236
TRINITY_DN69284_c0_g1_i1.p1,-0.841416830898008
TRINITY_DN692_c0_g1_i1.p1,-0.327961301166895
TRINITY_DN692_c0_g1_i6.p1,0.590824340912578
TRINITY_DN69330_c0_g1_i1.p1,-0.228712466082323
TRINITY_DN69357_c0_g1_i1.p1,-0.164148724108859
TRINITY_DN6938_c1_g1_i1.p1,-0.0445051092963043
TRINITY_DN693_c0_g1_i1.p1,0.756455148478448
TRINITY_DN693_c0_g1_i5.p1,-0.630931105188153
TRINITY_DN6940_c0_g1_i1.p1,-0.625274942100275
TRINITY_DN6940_c0_g1_i3.p1,-0.624822365547945
TRINITY_DN6942_c0_g2_i4.p1,0.657662541665047
TRINITY_DN69450_c0_g1_i3.p1,2.16422088978703
TRINITY_DN6948_c0_g1_i10.p1,0.458628081157877
TRINITY_DN6948_c0_g1_i14.p1,1.79342877845721
TRINITY_DN69494_c0_g9_i1.p1,-0.303521837500646
TRINITY_DN694_c0_g2_i2.p1,1.97434039360555
TRINITY_DN6961_c1_g1_i1.p2,0.588679549914959
TRINITY_DN69656_c0_g1_i1.p1,-1.20235013290821
TRINITY_DN6968_c0_g1_i1.p1,0.0574547359464162
TRINITY_DN6968_c0_g1_i2.p1,-1.20186003374021
TRINITY_DN6968_c0_g1_i4.p1,-0.841416814519214
TRINITY_DN6968_c0_g1_i5.p1,-0.480745820591346
TRINITY_DN6971_c1_g1_i2.p1,-0.553752981661496
TRINITY_DN6971_c1_g1_i3.p1,1.07111193377143
TRINITY_DN6973_c0_g1_i2.p1,0.266513485635222
TRINITY_DN6974_c1_g1_i2.p1,0.309334319137824
TRINITY_DN69783_c0_g4_i1.p1,-0.319801276019522
TRINITY_DN69785_c0_g1_i1.p1,2.1873790968719
TRINITY_DN697_c1_g1_i3.p1,1.45823805812493
TRINITY_DN6981_c0_g1_i4.p1,0.425697070782291
TRINITY_DN69852_c1_g1_i1.p1,0.0232854488512466
TRINITY_DN6987_c0_g1_i4.p1,0.0108050699444378
TRINITY_DN6988_c0_g1_i8.p1,2.26360326798269
TRINITY_DN6993_c0_g1_i1.p1,1.02063451369805
TRINITY_DN7002_c0_g1_i11.p1,-3.12285677312235
TRINITY_DN7002_c0_g1_i7.p1,0.303451136255438
TRINITY_DN70074_c0_g1_i9.p1,0.204803058343246
TRINITY_DN7011_c0_g1_i3.p1,1.03355090383287
TRINITY_DN7018_c0_g1_i2.p1,0.898134526843968
TRINITY_DN70197_c0_g1_i1.p1,0.62955111211958
TRINITY_DN70219_c0_g1_i1.p1,-1.89782486393203
TRINITY_DN7022_c0_g1_i1.p1,0.828975563759783
TRINITY_DN7022_c0_g1_i2.p1,-0.351766682882921
TRINITY_DN7022_c0_g1_i3.p1,0.00591257759519115
TRINITY_DN7022_c0_g1_i5.p1,0.120926194223805
TRINITY_DN70255_c0_g1_i1.p1,-0.02817296525612
TRINITY_DN7028_c0_g1_i4.p1,0.518562140102174
TRINITY_DN70296_c0_g1_i3.p1,-1.20234689566444
TRINITY_DN702_c0_g1_i36.p1,-0.120087824337174
TRINITY_DN70323_c2_g1_i1.p1,-0.00233224916562165
TRINITY_DN70323_c2_g1_i3.p1,-1.61101253229817
TRINITY_DN7034_c0_g1_i1.p1,0.0209308568373315
TRINITY_DN7035_c2_g3_i6.p1,-0.841411341304561
TRINITY_DN7035_c2_g3_i7.p1,0.842930687851594
TRINITY_DN703_c0_g1_i13.p1,0.568926876325774
TRINITY_DN703_c0_g1_i25.p1,-1.31977817520678
TRINITY_DN703_c0_g1_i27.p1,0.0681131217804848
TRINITY_DN70457_c0_g1_i1.p2,-0.457143884390001
TRINITY_DN7048_c0_g2_i3.p1,1.82538879708936
TRINITY_DN7050_c2_g1_i1.p1,0.105094317362602
TRINITY_DN70515_c1_g1_i3.p1,0.485624514786823
TRINITY_DN7055_c0_g1_i3.p1,0.650319020402831
TRINITY_DN7055_c0_g1_i4.p1,-0.120223978555965
TRINITY_DN7055_c0_g1_i9.p1,1.3657650642083
TRINITY_DN70602_c0_g1_i2.p1,-0.0763562048064648
TRINITY_DN7060_c0_g1_i8.p1,0.602671001692137
TRINITY_DN70616_c0_g1_i1.p1,0.189819093179031
TRINITY_DN7070_c7_g1_i1.p1,0.350146127426375
TRINITY_DN7072_c0_g1_i1.p1,0.260698411993433
TRINITY_DN70735_c0_g1_i2.p1,0.238332787507811
TRINITY_DN70735_c0_g1_i4.p1,0.342063067709899
TRINITY_DN7075_c0_g1_i5.p1,0.0969706085756313
TRINITY_DN70779_c0_g1_i5.p1,-1.60229439011695
TRINITY_DN70779_c0_g1_i6.p1,1.84601905896991
TRINITY_DN70779_c0_g1_i7.p1,-0.480751450515149
TRINITY_DN70843_c0_g1_i2.p1,-0.280723230409632
TRINITY_DN7087_c0_g1_i1.p1,-0.841415219730577
TRINITY_DN7087_c0_g1_i16.p1,0.248164334038789
TRINITY_DN7087_c0_g1_i5.p1,-0.625235123683963
TRINITY_DN7087_c0_g1_i6.p1,-0.101650575850588
TRINITY_DN7087_c0_g1_i8.p1,0.456999780318496
TRINITY_DN7087_c0_g1_i9.p1,0.445041023825744
TRINITY_DN70907_c1_g1_i1.p1,1.28754358433189
TRINITY_DN70933_c0_g1_i1.p1,0.456036866706732
TRINITY_DN70933_c0_g1_i10.p1,0.185576989327271
TRINITY_DN70933_c0_g1_i12.p1,0.164088115860579
TRINITY_DN70934_c0_g1_i3.p1,-0.0198313250726059
TRINITY_DN70934_c0_g1_i4.p1,0.581108709049497
TRINITY_DN70952_c0_g1_i1.p1,-0.120097261419378
TRINITY_DN7101_c0_g1_i12.p1,-0.316031546967139
TRINITY_DN7101_c0_g1_i8.p1,-1.7527747621142
TRINITY_DN71129_c1_g1_i1.p2,0.182847624345596
TRINITY_DN71129_c1_g5_i1.p1,1.35581936692776
TRINITY_DN7113_c1_g1_i11.p1,4.29742356837815
TRINITY_DN7113_c1_g1_i14.p1,0.0407232294098314
TRINITY_DN7113_c1_g1_i6.p1,1.46519208477184
TRINITY_DN71152_c0_g1_i4.p1,0.136294421474974
TRINITY_DN7116_c0_g1_i4.p1,0.303026899207257
TRINITY_DN7116_c0_g1_i6.p1,-0.106461041919524
TRINITY_DN71202_c0_g1_i1.p1,-0.395631781531587
TRINITY_DN7122_c0_g1_i12.p1,-0.841401001883615
TRINITY_DN7122_c0_g1_i2.p1,1.34566886377874
TRINITY_DN7122_c0_g1_i28.p1,0.327694288362577
TRINITY_DN7122_c0_g1_i31.p1,0.456978079382933
TRINITY_DN71247_c0_g1_i1.p1,-0.527994834510582
TRINITY_DN7128_c0_g1_i2.p1,0.417294011557047
TRINITY_DN7128_c0_g1_i3.p1,-2.34704076924432
TRINITY_DN7132_c3_g1_i1.p1,-0.786086083266931
TRINITY_DN7135_c1_g1_i2.p2,-0.18916096126392
TRINITY_DN7135_c1_g1_i3.p1,2.98083955771594
TRINITY_DN7135_c1_g1_i5.p1,-2.22106967173751
TRINITY_DN71387_c0_g1_i1.p1,-0.808900135795359
TRINITY_DN7146_c1_g1_i2.p1,0.291396697770293
TRINITY_DN71491_c0_g1_i1.p1,-0.823230921532538
TRINITY_DN71588_c0_g1_i2.p1,-1.8686674887089
TRINITY_DN7158_c0_g1_i14.p1,0.589608909931207
TRINITY_DN7158_c0_g1_i7.p1,-1.4966526577174
TRINITY_DN7159_c1_g1_i12.p1,-0.398067626149458
TRINITY_DN7164_c0_g1_i1.p1,0.895761116455916
TRINITY_DN71666_c2_g1_i1.p1,1.40092174556852
TRINITY_DN71669_c0_g2_i1.p1,-0.12009469709182
TRINITY_DN7170_c0_g1_i3.p1,0.759976179910019
TRINITY_DN7171_c0_g1_i1.p1,-0.660786116240168
TRINITY_DN71762_c0_g1_i1.p1,0.870213061632815
TRINITY_DN7177_c0_g1_i1.p1,-0.416125870311685
TRINITY_DN7177_c0_g1_i13.p1,-0.549594596468952
TRINITY_DN7177_c0_g1_i15.p1,-0.20949708424324
TRINITY_DN7177_c0_g1_i2.p1,1.70619145355656
TRINITY_DN7177_c0_g1_i7.p1,-0.311762914947281
TRINITY_DN7177_c0_g1_i8.p1,0.541449348380126
TRINITY_DN717_c0_g1_i5.p1,-0.372924290629599
TRINITY_DN7185_c0_g4_i2.p1,-0.767469957772836
TRINITY_DN7185_c0_g4_i3.p1,-0.815294157977465
TRINITY_DN7185_c0_g4_i4.p1,-0.532139498322219
TRINITY_DN71887_c0_g3_i2.p1,-1.42257721231401
TRINITY_DN7194_c0_g2_i3.p1,1.97354909385331
TRINITY_DN71991_c0_g1_i1.p1,-1.22808646948103
TRINITY_DN7199_c0_g1_i2.p1,-2.02532741269275
TRINITY_DN71_c0_g1_i3.p1,-0.453108595197908
TRINITY_DN72006_c0_g1_i1.p1,-0.625282191533533
TRINITY_DN72100_c0_g1_i3.p1,0.416302287969976
TRINITY_DN72100_c0_g1_i5.p1,0.423158284941234
TRINITY_DN72198_c0_g1_i1.p1,0
TRINITY_DN7219_c0_g1_i9.p1,0.515859412726388
TRINITY_DN7219_c4_g1_i1.p1,0.0819555696500164
TRINITY_DN7222_c0_g1_i1.p1,0.728668256865868
TRINITY_DN7222_c0_g1_i11.p1,-0.927474326253755
TRINITY_DN7222_c0_g1_i13.p1,-0.12011971261467
TRINITY_DN7222_c0_g1_i3.p1,-1.43275416770569
TRINITY_DN7222_c0_g1_i4.p1,-0.377699562055486
TRINITY_DN7222_c0_g1_i5.p1,0.938264170904795
TRINITY_DN72303_c0_g1_i2.p1,-0.854445851692281
TRINITY_DN7239_c1_g1_i3.p2,0.464312401039252
TRINITY_DN7239_c1_g1_i6.p3,-0.670485715485301
TRINITY_DN72458_c1_g1_i1.p1,-1.73424105741591
TRINITY_DN72458_c1_g1_i2.p1,-0.137925820124886
TRINITY_DN7246_c0_g2_i4.p1,-1.20190565085415
TRINITY_DN7246_c0_g2_i5.p1,-1.51702456601619
TRINITY_DN724_c0_g2_i3.p1,-0.818758546500292
TRINITY_DN7250_c1_g1_i1.p1,0.511536365973926
TRINITY_DN7256_c0_g1_i1.p1,-0.0934919328718344
TRINITY_DN726_c1_g1_i3.p1,1.02765536661111
TRINITY_DN726_c1_g1_i6.p1,0.347012161080577
TRINITY_DN72788_c0_g1_i1.p1,0.300349087676082
TRINITY_DN7282_c0_g1_i1.p1,-0.408017427072876
TRINITY_DN7284_c0_g1_i8.p1,-2.18539576745186
TRINITY_DN7287_c0_g1_i11.p1,-0.610506976772157
TRINITY_DN7287_c0_g1_i3.p1,-2.83366063273832
TRINITY_DN7287_c0_g1_i8.p1,-1.55792239136473
TRINITY_DN728_c1_g1_i1.p1,-0.90880165072349
TRINITY_DN728_c1_g1_i3.p1,0.768522348069355
TRINITY_DN72931_c1_g3_i2.p1,0.66161243757182
TRINITY_DN72931_c1_g3_i3.p1,-0.107800584220944
TRINITY_DN72946_c0_g1_i1.p1,-1.56581358731327
TRINITY_DN7294_c0_g1_i1.p1,0.84511916989916
TRINITY_DN7294_c0_g1_i4.p1,1.83532600507894
TRINITY_DN7295_c0_g1_i12.p1,-1.63272131315592
TRINITY_DN7295_c0_g1_i13.p1,-2.43876211797586
TRINITY_DN7295_c0_g1_i14.p1,-1.20233695841751
TRINITY_DN7295_c0_g1_i20.p1,0.726815577475546
TRINITY_DN7295_c0_g1_i21.p1,-1.54409538591219
TRINITY_DN7295_c0_g1_i5.p1,0.159886145759564
TRINITY_DN7295_c0_g1_i9.p1,-0.841414765147389
TRINITY_DN72979_c0_g1_i1.p1,-0.120091443566732
TRINITY_DN72979_c0_g1_i2.p1,-0.717409241156528
TRINITY_DN7299_c0_g1_i1.p1,-1.02677702256913
TRINITY_DN7299_c0_g1_i4.p1,-0.394944438373825
TRINITY_DN7299_c0_g1_i6.p1,0.357118374086203
TRINITY_DN72_c0_g1_i1.p1,-2.06150690764333
TRINITY_DN72_c0_g1_i2.p1,1.17242716588323
TRINITY_DN72_c0_g1_i4.p1,0.0963250019046409
TRINITY_DN72_c0_g1_i6.p1,1.02836248238937
TRINITY_DN73016_c0_g1_i1.p1,2.3902204053655
TRINITY_DN730_c0_g1_i105.p1,-0.120088226471002
TRINITY_DN730_c0_g1_i44.p1,-0.631536215574832
TRINITY_DN730_c0_g1_i77.p1,-0.120093638741468
TRINITY_DN730_c0_g1_i78.p1,-1.50565086657966
TRINITY_DN7310_c0_g1_i8.p1,0.227108462537549
TRINITY_DN7314_c0_g1_i1.p1,0.618796985066767
TRINITY_DN7314_c0_g1_i3.p1,-0.272666916114205
TRINITY_DN7316_c0_g1_i1.p1,0.962129575905393
TRINITY_DN7317_c0_g1_i7.p1,1.21862485893809
TRINITY_DN731_c0_g1_i5.p1,-1.75236554821773
TRINITY_DN731_c0_g1_i6.p1,-0.388797292041566
TRINITY_DN7320_c0_g1_i2.p1,0.786561064553534
TRINITY_DN7324_c0_g1_i4.p1,-0.276794553827646
TRINITY_DN73274_c0_g1_i4.p1,-0.737942465934446
TRINITY_DN73274_c0_g1_i5.p1,-0.293880986504226
TRINITY_DN7329_c0_g1_i11.p2,0.68272458004069
TRINITY_DN7329_c0_g1_i5.p1,0.682399852136579
TRINITY_DN73333_c0_g1_i1.p1,-0.340642286015237
TRINITY_DN73373_c0_g1_i2.p1,-0.109357529922469
TRINITY_DN73387_c0_g2_i1.p1,-0.459268217919038
TRINITY_DN73396_c0_g2_i2.p2,-1.12123551725201
TRINITY_DN73396_c1_g1_i1.p1,0.528690909834285
TRINITY_DN7339_c0_g1_i15.p1,-0.838516129153125
TRINITY_DN73407_c0_g1_i9.p1,-0.264341658538637
TRINITY_DN7344_c0_g1_i3.p1,0.691621274952436
TRINITY_DN73461_c1_g1_i1.p2,0.298916112715252
TRINITY_DN73496_c0_g1_i1.p1,0.324722887007211
TRINITY_DN7352_c0_g1_i3.p1,-0.120094754825245
TRINITY_DN7355_c0_g1_i4.p1,-0.754538690134182
TRINITY_DN7355_c2_g3_i10.p1,1.64448160172535
TRINITY_DN7355_c2_g3_i9.p1,-0.120086125594409
TRINITY_DN735_c2_g1_i7.p1,-0.121287959408217
TRINITY_DN735_c4_g2_i1.p1,-0.202513354568311
TRINITY_DN7360_c2_g4_i1.p1,-0.916705634161607
TRINITY_DN7360_c2_g4_i2.p1,-0.141491607446494
TRINITY_DN7360_c2_g4_i3.p1,0.0124074788868688
TRINITY_DN7360_c2_g4_i4.p1,0.52493842020579
TRINITY_DN7364_c0_g1_i7.p1,0.30618862725477
TRINITY_DN73651_c0_g1_i1.p1,-0.841401001883615
TRINITY_DN73669_c0_g1_i2.p1,0.776664594093141
TRINITY_DN73669_c0_g1_i7.p1,0.782436740086757
TRINITY_DN73669_c0_g1_i9.p1,-0.120088226471002
TRINITY_DN7367_c0_g1_i13.p1,-0.480748166982909
TRINITY_DN7367_c0_g1_i5.p1,0.0185452504573441
TRINITY_DN7367_c0_g1_i6.p1,-0.912582683574363
TRINITY_DN7367_c0_g1_i7.p1,-0.0399418919544616
TRINITY_DN73753_c0_g1_i1.p1,-0.417571087297635
TRINITY_DN73753_c0_g1_i2.p1,1.19691717385296
TRINITY_DN73756_c0_g1_i1.p1,-1.46023118291474
TRINITY_DN73756_c0_g1_i3.p1,-1.38948268993168
TRINITY_DN73847_c0_g1_i1.p1,0.20563606992834
TRINITY_DN73847_c0_g1_i2.p1,-2.25639002677549
TRINITY_DN7388_c0_g1_i4.p1,2.38894314908973
TRINITY_DN738_c1_g1_i1.p1,-0.471660022105056
TRINITY_DN7392_c1_g1_i2.p1,1.12145068872344
TRINITY_DN73955_c0_g1_i3.p1,0.213155727456096
TRINITY_DN73955_c0_g1_i4.p1,0.732408604828822
TRINITY_DN73955_c0_g1_i5.p1,-0.154136891932544
TRINITY_DN73955_c0_g1_i7.p1,2.27823396891055
TRINITY_DN73960_c0_g1_i7.p1,-0.0796532992393084
TRINITY_DN73960_c0_g1_i8.p1,1.09233699319225
TRINITY_DN73960_c0_g1_i9.p1,-2.2658582483568
TRINITY_DN73998_c0_g1_i1.p1,0.060489704457259
TRINITY_DN73_c0_g1_i10.p1,-0.207536916459369
TRINITY_DN73_c0_g1_i8.p1,-0.326325864498798
TRINITY_DN7404_c0_g1_i1.p1,-0.0819161694433448
TRINITY_DN7404_c0_g1_i2.p1,1.26691515404533
TRINITY_DN7404_c0_g1_i3.p1,-0.0230929743131909
TRINITY_DN7404_c0_g1_i5.p1,0.670106768189395
TRINITY_DN74108_c0_g1_i1.p1,-0.841413214081763
TRINITY_DN74108_c0_g1_i2.p1,-1.20152429313649
TRINITY_DN7410_c0_g1_i1.p1,-0.0405037115693177
TRINITY_DN7410_c0_g1_i2.p1,0.743368800885589
TRINITY_DN74119_c0_g1_i1.p1,-0.841404218979345
TRINITY_DN74126_c3_g1_i1.p1,-1.20985787343553
TRINITY_DN7413_c0_g1_i1.p1,-1.75999107914545
TRINITY_DN7413_c0_g2_i1.p1,0.487566014086844
TRINITY_DN74158_c0_g1_i2.p1,-0.307587300575321
TRINITY_DN74158_c0_g1_i4.p1,-0.480750350351471
TRINITY_DN74158_c0_g1_i5.p1,-0.0761541383165942
TRINITY_DN74158_c0_g1_i8.p1,0.940885684898263
TRINITY_DN74202_c0_g1_i1.p1,2.022096890371
TRINITY_DN74202_c0_g1_i2.p1,2.42115921293976
TRINITY_DN74202_c0_g1_i7.p1,-1.87257585062644
TRINITY_DN74202_c0_g1_i8.p1,1.1017872906941
TRINITY_DN74238_c1_g1_i1.p1,1.06873523533073
TRINITY_DN7428_c0_g1_i1.p1,-1.74873883627372
TRINITY_DN7429_c0_g1_i23.p1,-1.36566828822914
TRINITY_DN7429_c0_g1_i24.p1,1.17707250042601
TRINITY_DN7429_c0_g1_i36.p1,-0.999796382076239
TRINITY_DN7429_c0_g1_i42.p1,0.300206150501832
TRINITY_DN7429_c0_g1_i52.p1,-0.206618864523213
TRINITY_DN7429_c0_g1_i9.p1,-1.08988352780219
TRINITY_DN742_c0_g1_i22.p1,-2.10464165507177
TRINITY_DN742_c0_g1_i54.p1,0.49174199507639
TRINITY_DN7430_c0_g1_i1.p1,-1.31742483553592
TRINITY_DN7434_c0_g1_i4.p1,-0.120090639299076
TRINITY_DN7436_c14_g1_i1.p1,0.723810919052641
TRINITY_DN7439_c0_g1_i2.p1,1.37536215471263
TRINITY_DN7441_c0_g1_i3.p1,0.22455249123578
TRINITY_DN7441_c0_g1_i6.p1,0.649577439626235
TRINITY_DN74427_c0_g1_i1.p1,-0.641021914740014
TRINITY_DN74427_c0_g1_i2.p1,-0.480745820591345
TRINITY_DN7442_c0_g1_i12.p1,0.0821955488729612
TRINITY_DN7442_c0_g1_i57.p1,-0.881198652738492
TRINITY_DN7442_c0_g1_i77.p1,-0.653111069557134
TRINITY_DN7442_c0_g1_i78.p1,0.553913007297825
TRINITY_DN7449_c0_g1_i2.p1,0.653590729874867
TRINITY_DN745_c0_g1_i10.p1,-0.666144707646807
TRINITY_DN745_c0_g1_i13.p1,-0.92540685644676
TRINITY_DN745_c0_g1_i17.p1,-0.760129732228444
TRINITY_DN745_c0_g1_i3.p1,-1.99010051901492
TRINITY_DN745_c0_g1_i8.p1,-2.26736383388794
TRINITY_DN745_c1_g1_i4.p1,-0.978129058136991
TRINITY_DN7461_c0_g1_i1.p1,0.577006296934485
TRINITY_DN7461_c0_g2_i1.p1,-0.313146784048386
TRINITY_DN7466_c0_g1_i3.p1,0.56508582794475
TRINITY_DN7466_c0_g1_i4.p1,1.26241448466457
TRINITY_DN7471_c0_g1_i1.p1,0.742212740560754
TRINITY_DN7475_c1_g1_i10.p1,-0.841414851140866
TRINITY_DN7475_c1_g1_i11.p1,0.56206591119872
TRINITY_DN7475_c1_g1_i12.p1,0.130457278099547
TRINITY_DN7475_c1_g1_i14.p1,-0.683875123088908
TRINITY_DN7475_c1_g1_i15.p1,0.436861738764614
TRINITY_DN7475_c1_g1_i3.p1,0.206977669015404
TRINITY_DN74783_c0_g1_i2.p1,1.79684605213512
TRINITY_DN74783_c0_g2_i1.p1,-0.459207491777104
TRINITY_DN7491_c0_g1_i2.p1,-1.09631880397296
TRINITY_DN7491_c0_g1_i4.p1,-0.757639053145621
TRINITY_DN7491_c0_g2_i1.p1,0.83059740462956
TRINITY_DN74921_c0_g1_i1.p2,1.19903749697131
TRINITY_DN7499_c1_g1_i1.p1,0.0963260508039897
TRINITY_DN7499_c1_g1_i11.p1,4.05425315328062
TRINITY_DN7499_c1_g1_i17.p1,0.127520052197039
TRINITY_DN7499_c1_g1_i19.p1,1.21611869087162
TRINITY_DN7499_c1_g1_i22.p1,0.756292672472273
TRINITY_DN7499_c1_g1_i3.p1,0.354467227940352
TRINITY_DN749_c0_g1_i11.p1,0.147267990175332
TRINITY_DN7500_c0_g1_i1.p1,-1.31533721846659
TRINITY_DN7500_c4_g1_i1.p1,-0.270761806380519
TRINITY_DN75040_c0_g1_i1.p1,0.279572802953386
TRINITY_DN75040_c0_g1_i4.p1,-0.400228370252686
TRINITY_DN7505_c0_g1_i10.p1,1.15081173286556
TRINITY_DN7505_c0_g1_i4.p1,0.41514438474841
TRINITY_DN7505_c0_g1_i5.p1,-1.88810891835482
TRINITY_DN7505_c0_g1_i7.p1,-0.649532637454223
TRINITY_DN7505_c0_g1_i8.p1,0.367758309464112
TRINITY_DN7508_c0_g1_i4.p1,-0.773549801644161
TRINITY_DN7518_c0_g2_i2.p1,0.23875834493995
TRINITY_DN7520_c0_g1_i2.p1,-0.542147460960096
TRINITY_DN7520_c0_g1_i3.p1,-0.480746222725173
TRINITY_DN7520_c0_g1_i5.p1,-1.18824591828139
TRINITY_DN7529_c0_g1_i1.p1,0.726835733849303
TRINITY_DN75368_c1_g1_i4.p1,0.952800305506229
TRINITY_DN75368_c1_g1_i5.p1,1.21670347377557
TRINITY_DN75368_c1_g1_i6.p1,1.80930522305913
TRINITY_DN75446_c0_g1_i1.p1,0.018687928543654
TRINITY_DN75446_c0_g2_i1.p1,-0.394767377059802
TRINITY_DN7548_c0_g1_i4.p1,-0.239637682384515
TRINITY_DN7548_c0_g4_i3.p1,-0.0328251836672978
TRINITY_DN7555_c0_g1_i10.p1,-0.331268176682782
TRINITY_DN7555_c0_g1_i8.p1,-0.540092446325278
TRINITY_DN755_c0_g1_i3.p1,0.644663450708849
TRINITY_DN755_c0_g1_i4.p1,2.37407202764454
TRINITY_DN755_c0_g1_i8.p1,-0.480746222725173
TRINITY_DN75652_c0_g1_i2.p1,0.238790859614404
TRINITY_DN75652_c0_g2_i1.p1,0.0334593299231323
TRINITY_DN7571_c5_g1_i6.p1,-0.120097193388958
TRINITY_DN75755_c0_g1_i10.p1,1.08949497952476
TRINITY_DN75755_c0_g1_i5.p1,3.21189090670933
TRINITY_DN7575_c0_g1_i3.p1,-0.160570003149642
TRINITY_DN7575_c0_g1_i5.p1,0.830984708057554
TRINITY_DN7575_c1_g1_i1.p1,-0.263779789820829
TRINITY_DN7575_c2_g1_i4.p1,-0.20699643210407
TRINITY_DN75778_c0_g1_i1.p1,-0.740863695674294
TRINITY_DN7578_c0_g1_i11.p1,1.22245021561711
TRINITY_DN7578_c0_g1_i4.p1,-0.0664731193129766
TRINITY_DN7579_c0_g1_i2.p1,0.673528847028073
TRINITY_DN757_c0_g1_i12.p1,1.55811843620069
TRINITY_DN757_c0_g1_i13.p1,1.08949497952476
TRINITY_DN757_c0_g1_i14.p1,-1.15907276963583
TRINITY_DN757_c0_g1_i19.p1,1.2670928740635
TRINITY_DN757_c0_g1_i25.p1,-0.93930976029332
TRINITY_DN757_c0_g1_i27.p1,-0.596718620856713
TRINITY_DN757_c0_g1_i3.p1,-0.597953037339574
TRINITY_DN757_c0_g1_i33.p1,-1.20125937003402
TRINITY_DN757_c0_g1_i36.p1,-1.38494170170357
TRINITY_DN757_c0_g1_i8.p1,2.31259175971106
TRINITY_DN7583_c1_g1_i1.p1,1.72385235328468
TRINITY_DN75948_c0_g1_i2.p1,-2.55675110083814
TRINITY_DN7605_c0_g1_i3.p1,-0.422378941235164
TRINITY_DN7605_c0_g1_i4.p1,1.9292880882028
TRINITY_DN76074_c0_g1_i1.p1,-1.3716990217004
TRINITY_DN7607_c0_g1_i3.p1,0.623431962395579
TRINITY_DN7607_c0_g1_i5.p1,0.456985673547968
TRINITY_DN7607_c0_g1_i6.p1,-1.98508012814321
TRINITY_DN76087_c2_g1_i1.p1,-1.3669790948997
TRINITY_DN7613_c0_g1_i11.p1,-1.4359906596228
TRINITY_DN7613_c0_g1_i4.p1,-1.1994764342688
TRINITY_DN7613_c0_g1_i8.p1,0.107494608576109
TRINITY_DN76180_c0_g1_i1.p1,-0.120097073490535
TRINITY_DN7619_c0_g1_i4.p3,1.04041624293029
TRINITY_DN7627_c0_g1_i28.p1,-0.2525779895837
TRINITY_DN7627_c0_g1_i3.p1,-0.820935292153328
TRINITY_DN762_c13_g1_i1.p1,0.430585572137023
TRINITY_DN762_c18_g2_i2.p1,0.271688617593294
TRINITY_DN7630_c0_g1_i1.p1,2.55804420069308
TRINITY_DN763_c0_g1_i9.p1,0.873143220671536
TRINITY_DN76459_c0_g1_i2.p1,0.854288184381791
TRINITY_DN76464_c0_g2_i2.p1,-0.841407436075074
TRINITY_DN7652_c0_g1_i4.p1,-0.973318866949453
TRINITY_DN7652_c0_g1_i6.p1,0.765799577661903
TRINITY_DN7652_c0_g1_i8.p1,-0.29252439208161
TRINITY_DN7653_c0_g1_i13.p1,0.494057672987168
TRINITY_DN7653_c0_g1_i7.p1,-0.129168959879514
TRINITY_DN7653_c0_g1_i8.p1,-1.91662544608564
TRINITY_DN76579_c0_g1_i1.p1,-0.432990977948225
TRINITY_DN76579_c0_g1_i2.p1,2.03160409455958
TRINITY_DN76579_c0_g1_i3.p1,0.45697848151676
TRINITY_DN76615_c0_g1_i1.p1,-0.114815663761824
TRINITY_DN7664_c0_g1_i2.p1,0.118668976533721
TRINITY_DN76713_c0_g2_i3.p1,-0.403764812265288
TRINITY_DN76785_c1_g1_i1.p1,0.0786257589881501
TRINITY_DN7680_c0_g1_i4.p1,-0.563665583452667
TRINITY_DN7680_c0_g1_i6.p1,0.380309022259592
TRINITY_DN7686_c0_g4_i2.p1,1.25375582592706
TRINITY_DN7686_c0_g4_i4.p1,0.875917015198376
TRINITY_DN7687_c0_g1_i32.p1,0.730131342275595
TRINITY_DN7687_c0_g1_i55.p1,0.36680767524675
TRINITY_DN7687_c0_g1_i63.p1,0.532782710909182
TRINITY_DN7687_c0_g1_i83.p1,-0.469582458675899
TRINITY_DN7687_c0_g1_i9.p1,1.54188752213103
TRINITY_DN7691_c1_g1_i15.p1,0.804505152215695
TRINITY_DN7693_c0_g1_i2.p1,-0.264340413893849
TRINITY_DN7696_c2_g1_i7.p1,-1.04173957724489
TRINITY_DN769_c1_g1_i1.p1,0.456985275060355
TRINITY_DN76_c1_g1_i2.p1,-2.35815802040812
TRINITY_DN76_c1_g1_i6.p1,-0.841404218979344
TRINITY_DN77039_c0_g2_i1.p1,0
TRINITY_DN77065_c0_g1_i2.p1,0.636516420278163
TRINITY_DN77070_c0_g1_i1.p1,1.59950683321039
TRINITY_DN77093_c0_g1_i2.p1,0.0652153268945629
TRINITY_DN77093_c0_g1_i3.p1,1.53745698313299
TRINITY_DN77097_c0_g1_i1.p1,1.13820192798767
TRINITY_DN770_c0_g1_i7.p1,1.16698716654672
TRINITY_DN770_c0_g1_i8.p1,1.12871558359952
TRINITY_DN77186_c0_g1_i2.p1,1.94261611562533
TRINITY_DN77213_c0_g1_i1.p1,-1.31043778167419
TRINITY_DN7725_c0_g1_i5.p1,0.740274052275979
TRINITY_DN77271_c0_g1_i2.p1,0.137369665615348
TRINITY_DN7729_c0_g1_i1.p1,-0.617779371322946
TRINITY_DN7729_c0_g1_i3.p1,0.204989191473094
TRINITY_DN7729_c0_g1_i4.p2,1.53268992023244
TRINITY_DN7729_c0_g1_i8.p1,-0.120091443566731
TRINITY_DN7730_c0_g1_i1.p1,0.248824042403829
TRINITY_DN7735_c0_g1_i1.p1,-0.207041611886941
TRINITY_DN7738_c0_g1_i3.p1,-0.383628798914453
TRINITY_DN7738_c0_g1_i5.p1,-1.27962560967613
TRINITY_DN7741_c15_g1_i1.p1,0.827828441955827
TRINITY_DN7741_c1_g1_i2.p1,-0.0287448893074017
TRINITY_DN7743_c0_g1_i1.p1,-0.586047514584968
TRINITY_DN7746_c0_g1_i6.p1,-0.625230326339515
TRINITY_DN77511_c0_g2_i18.p1,-0.513852285640624
TRINITY_DN77534_c1_g2_i3.p1,-2.77600066349285
TRINITY_DN77534_c1_g2_i4.p1,-1.04327226494275
TRINITY_DN7753_c0_g1_i2.p1,-0.800731132287829
TRINITY_DN77541_c0_g1_i5.p1,-0.0916188061052955
TRINITY_DN77593_c0_g1_i1.p1,0.84497681967421
TRINITY_DN775_c0_g1_i1.p1,-1.3560673528013
TRINITY_DN775_c0_g1_i5.p1,0.0616184383770887
TRINITY_DN7763_c0_g1_i1.p1,-1.54273064857246
TRINITY_DN7768_c0_g1_i2.p1,-0.57128565155216
TRINITY_DN77698_c0_g1_i1.p1,-0.120102612041738
TRINITY_DN77722_c0_g1_i3.p1,2.21878427543386
TRINITY_DN7774_c0_g1_i1.p1,-0.0797942735006615
TRINITY_DN7774_c0_g1_i24.p1,0.20435314582819
TRINITY_DN7774_c0_g1_i26.p1,1.08781986913262
TRINITY_DN7774_c0_g1_i30.p1,-0.450290469114538
TRINITY_DN7774_c0_g1_i31.p1,-1.27177196987668
TRINITY_DN7779_c0_g1_i1.p1,-0.276167188973791
TRINITY_DN7779_c0_g1_i2.p1,-0.120091443566731
TRINITY_DN777_c0_g2_i1.p1,0.260301025548732
TRINITY_DN777_c0_g2_i11.p1,0.807790270086042
TRINITY_DN777_c0_g2_i13.p1,1.08772145155221
TRINITY_DN777_c0_g2_i14.p1,-0.120088226471002
TRINITY_DN777_c0_g2_i4.p1,-2.20758542103916
TRINITY_DN77832_c0_g1_i1.p1,2.61826822873773
TRINITY_DN7787_c0_g1_i30.p1,0.827789047361983
TRINITY_DN7790_c0_g1_i4.p1,0.950345428358158
TRINITY_DN7790_c0_g1_i6.p1,0.492000325862759
TRINITY_DN7790_c0_g1_i9.p1,-1.04260575508036
TRINITY_DN77971_c0_g1_i1.p1,0.196888825868342
TRINITY_DN779_c0_g1_i7.p1,0.84336373022971
TRINITY_DN77_c0_g1_i3.p1,0.456975264421031
TRINITY_DN77_c0_g1_i44.p1,-0.475929395088263
TRINITY_DN77_c0_g1_i70.p1,-1.94062275558768
TRINITY_DN78003_c0_g1_i11.p1,0.331180511099476
TRINITY_DN78003_c0_g1_i12.p1,0.951854382589546
TRINITY_DN7801_c1_g1_i4.p1,0.852000695395197
TRINITY_DN7804_c3_g1_i1.p1,-0.818042289501838
TRINITY_DN7804_c3_g1_i4.p1,-0.486425578542891
TRINITY_DN7804_c5_g1_i1.p1,-0.325767117387987
TRINITY_DN7815_c3_g1_i1.p1,-0.719184163133743
TRINITY_DN78161_c2_g1_i1.p1,-1.31510688796811
TRINITY_DN7817_c0_g1_i5.p1,0.0963253206004692
TRINITY_DN7817_c0_g1_i8.p1,0.291512093222442
TRINITY_DN781_c0_g1_i10.p1,-2.12929432495331
TRINITY_DN78217_c0_g1_i2.p1,1.02613696012792
TRINITY_DN78217_c0_g1_i6.p1,-0.312147075501735
TRINITY_DN7823_c1_g1_i2.p1,-0.23066506995639
TRINITY_DN7823_c1_g1_i3.p1,0.972186638641036
TRINITY_DN78324_c0_g1_i1.p1,3.00464700141423
TRINITY_DN78324_c0_g1_i3.p1,1.80580036323497
TRINITY_DN7832_c0_g1_i1.p1,0.919461676002351
TRINITY_DN78339_c0_g1_i2.p1,-0.499621737782557
TRINITY_DN78464_c0_g1_i1.p1,-0.427628893504902
TRINITY_DN78464_c0_g1_i2.p1,0.703290045728444
TRINITY_DN78494_c0_g2_i1.p1,0.990618533573527
TRINITY_DN7849_c0_g2_i1.p1,0.644076335979647
TRINITY_DN78505_c0_g2_i2.p1,-0.140274099033978
TRINITY_DN7856_c0_g1_i6.p1,1.27881760868187
TRINITY_DN7856_c2_g1_i2.p2,-1.99592722469687
TRINITY_DN7856_c4_g1_i1.p1,-0.301134796402285
TRINITY_DN78570_c1_g1_i3.p1,4.15543866846248
TRINITY_DN78650_c0_g1_i1.p1,-1.59143922945436
TRINITY_DN7866_c0_g1_i1.p1,0.798190825198456
TRINITY_DN7866_c0_g1_i12.p1,-0.13329671442096
TRINITY_DN7866_c0_g1_i15.p1,0.0963233002244916
TRINITY_DN7866_c0_g1_i16.p1,-0.376361625143554
TRINITY_DN7866_c0_g1_i19.p1,-0.500324277702204
TRINITY_DN7867_c0_g1_i2.p1,0.0285588378277896
TRINITY_DN7872_c1_g1_i1.p1,-0.213992405367496
TRINITY_DN7872_c1_g1_i5.p1,0.856989936186487
TRINITY_DN787_c3_g1_i1.p1,-0.841418552283249
TRINITY_DN787_c3_g1_i4.p1,0.0963260789777623
TRINITY_DN7890_c0_g1_i1.p1,0.364667742257687
TRINITY_DN7893_c0_g2_i1.p1,1.40483878756775
TRINITY_DN7901_c0_g1_i6.p1,-1.57376666026589
TRINITY_DN7901_c0_g1_i7.p1,-0.112317033618382
TRINITY_DN7902_c0_g1_i13.p1,-0.0756913518346881
TRINITY_DN79056_c0_g1_i1.p1,1.54717687298729
TRINITY_DN79056_c0_g2_i1.p1,0.629135423452206
TRINITY_DN790_c0_g1_i11.p1,0.0547337970166017
TRINITY_DN79115_c0_g1_i1.p1,-0.0669708987483755
TRINITY_DN7914_c0_g1_i2.p1,-0.264341646480659
TRINITY_DN7914_c0_g1_i3.p1,-1.24987678805029
TRINITY_DN7914_c0_g2_i7.p1,2.5944439506519
TRINITY_DN7919_c2_g3_i1.p2,0.0546858754298826
TRINITY_DN7919_c2_g3_i4.p2,0.545401888870362
TRINITY_DN79223_c0_g1_i1.p1,-1.03466310579478
TRINITY_DN79235_c0_g1_i3.p1,-1.76951216435687
TRINITY_DN7923_c0_g1_i1.p1,-0.14712735755201
TRINITY_DN7923_c0_g1_i15.p1,-0.841401001883616
TRINITY_DN7923_c0_g1_i8.p1,-0.264334696029681
TRINITY_DN7923_c1_g1_i6.p1,-0.390663209144768
TRINITY_DN7927_c0_g1_i1.p1,-0.601166679649117
TRINITY_DN7927_c0_g1_i2.p1,-0.459601185514406
TRINITY_DN7927_c0_g1_i21.p1,0.165525290677994
TRINITY_DN7927_c0_g1_i25.p1,0.609854933269766
TRINITY_DN7927_c0_g1_i26.p1,0.370570051134342
TRINITY_DN7927_c0_g1_i3.p1,0.348252510757504
TRINITY_DN7927_c0_g1_i6.p1,-0.28816532278044
TRINITY_DN7928_c0_g1_i5.p1,-0.120098829809076
TRINITY_DN7931_c0_g1_i1.p1,1.51026284952369
TRINITY_DN7931_c0_g1_i2.p1,0.449514342807554
TRINITY_DN79413_c0_g2_i3.p1,-1.88664832902072
TRINITY_DN79457_c0_g1_i1.p1,0
TRINITY_DN7945_c0_g1_i10.p1,1.21994579797115
TRINITY_DN7945_c0_g1_i13.p1,0.0612883318554198
TRINITY_DN7945_c0_g1_i14.p1,-3.03952447577288
TRINITY_DN794_c0_g1_i2.p1,-1.066214014785
TRINITY_DN7955_c0_g1_i13.p1,0.0963246940032939
TRINITY_DN7955_c0_g1_i28.p1,0.818890468879676
TRINITY_DN7955_c0_g1_i8.p1,-1.6811402995844
TRINITY_DN7955_c0_g1_i9.p1,-0.184077031174764
TRINITY_DN7965_c0_g1_i1.p1,1.86117427870566
TRINITY_DN7965_c0_g1_i2.p1,-0.840590139007724
TRINITY_DN7965_c0_g1_i3.p1,-0.0909710822931407
TRINITY_DN7965_c0_g1_i4.p1,-1.41017004601691
TRINITY_DN7966_c1_g1_i4.p1,0.545174228173895
TRINITY_DN796_c1_g1_i15.p1,0.71722724713183
TRINITY_DN796_c1_g1_i16.p1,-0.228931058053132
TRINITY_DN796_c1_g1_i20.p1,-0.302609983801978
TRINITY_DN796_c1_g1_i21.p1,-0.580527211119764
TRINITY_DN796_c1_g2_i1.p1,-0.144168710528917
TRINITY_DN7970_c0_g1_i1.p1,-0.483191524914047
TRINITY_DN7970_c0_g1_i2.p1,-1.20257493541479
TRINITY_DN7979_c0_g1_i4.p1,0.361141418925667
TRINITY_DN7979_c0_g1_i5.p1,1.36931666776059
TRINITY_DN7981_c0_g1_i1.p1,-0.24593316078669
TRINITY_DN7988_c0_g1_i2.p1,-0.465964092770954
TRINITY_DN798_c0_g1_i4.p1,-1.10560754789689
TRINITY_DN7991_c0_g1_i10.p1,0.120013971216204
TRINITY_DN7991_c0_g1_i6.p1,-0.505017998026051
TRINITY_DN7992_c0_g1_i2.p1,0.492914769584339
TRINITY_DN79_c10_g1_i2.p1,0.356272679932936
TRINITY_DN79_c10_g1_i3.p1,-1.35058608283221
TRINITY_DN79_c3_g1_i11.p1,1.21258067914974
TRINITY_DN80005_c3_g1_i1.p1,1.08531672058763
TRINITY_DN8004_c0_g1_i1.p1,0.389753252587937
TRINITY_DN8004_c0_g1_i2.p1,0.181278629303679
TRINITY_DN80052_c0_g2_i1.p1,1.29752139337581
TRINITY_DN80052_c0_g2_i3.p1,-1.89866815402624
TRINITY_DN8008_c0_g1_i13.p1,-1.87989679289038
TRINITY_DN8008_c0_g1_i14.p1,0.816358887776491
TRINITY_DN8008_c0_g1_i22.p1,0.0963237972119989
TRINITY_DN8008_c0_g1_i36.p1,-0.930816180072825
TRINITY_DN8008_c0_g1_i8.p1,-3.62275868422708
TRINITY_DN8011_c0_g1_i1.p1,-0.212441770394083
TRINITY_DN8011_c0_g1_i2.p1,0.593507802499911
TRINITY_DN8011_c0_g1_i6.p1,0.350412751181698
TRINITY_DN80279_c1_g2_i1.p1,-0.70925213118958
TRINITY_DN80299_c0_g1_i1.p1,-2.66972169019303
TRINITY_DN8033_c0_g1_i1.p2,-0.134925287709482
TRINITY_DN8036_c0_g1_i3.p1,-0.625282324838609
TRINITY_DN8036_c3_g1_i1.p1,-0.050573504767849
TRINITY_DN8038_c0_g1_i22.p1,-1.67911786525804
TRINITY_DN8038_c0_g1_i3.p1,-0.0829094731771401
TRINITY_DN8038_c0_g1_i4.p1,-1.98975478419035
TRINITY_DN8038_c0_g1_i9.p1,0.00092024327651285
TRINITY_DN8039_c3_g1_i1.p1,0.204897493547643
TRINITY_DN803_c16_g2_i2.p1,-0.0639436308929989
TRINITY_DN803_c38_g1_i2.p1,0.903249315011135
TRINITY_DN803_c4_g4_i2.p2,0.361165277651754
TRINITY_DN8044_c0_g1_i2.p1,0.0340984686581677
TRINITY_DN80467_c0_g1_i1.p1,-2.04115323001316
TRINITY_DN8049_c0_g1_i2.p1,-0.264341697794617
TRINITY_DN80579_c0_g1_i1.p1,0.977801987073761
TRINITY_DN8061_c1_g1_i1.p1,-0.425827604516211
TRINITY_DN8061_c1_g1_i3.p1,-0.227628934343116
TRINITY_DN80654_c0_g1_i2.p1,-0.0471475411642737
TRINITY_DN80685_c0_g1_i1.p1,0.327543637713039
TRINITY_DN8073_c0_g1_i43.p1,-1.71043664532178
TRINITY_DN8073_c0_g1_i7.p1,0.312776120073045
TRINITY_DN80765_c0_g1_i1.p1,0.456986277137218
TRINITY_DN8076_c0_g2_i10.p1,-1.42573964668743
TRINITY_DN8076_c0_g2_i26.p1,-1.93832288973625
TRINITY_DN8082_c0_g1_i3.p1,-0.26433830960253
TRINITY_DN8085_c1_g1_i4.p2,0.118458491818663
TRINITY_DN8089_c0_g1_i10.p1,2.3564124628748
TRINITY_DN8089_c0_g1_i2.p1,1.13290927370003
TRINITY_DN8089_c0_g1_i3.p1,-1.4450401265057
TRINITY_DN8089_c0_g1_i6.p1,0.20001104763494
TRINITY_DN8099_c1_g1_i1.p1,1.84386233731235
TRINITY_DN809_c5_g1_i1.p1,-2.9557252567482
TRINITY_DN809_c5_g1_i3.p1,1.43957252060861
TRINITY_DN8106_c0_g2_i2.p1,0.0810815824084085
TRINITY_DN8106_c0_g2_i5.p1,0.444603310487189
TRINITY_DN8109_c2_g1_i10.p1,0.944853930025238
TRINITY_DN8109_c2_g1_i14.p1,0.583348811814866
TRINITY_DN8109_c2_g1_i2.p1,-0.120735472704535
TRINITY_DN810_c0_g1_i3.p2,-0.0969617382161035
TRINITY_DN810_c2_g2_i1.p1,-0.773464624549419
TRINITY_DN81109_c0_g1_i6.p1,-3.65824613310066
TRINITY_DN81123_c0_g2_i1.p1,0.807964945936301
TRINITY_DN8112_c0_g1_i1.p1,-0.227820878067317
TRINITY_DN8120_c0_g1_i1.p1,0.604458685971626
TRINITY_DN8120_c0_g1_i2.p1,-0.223322721235159
TRINITY_DN8120_c0_g1_i3.p1,0.853256200050345
TRINITY_DN8120_c0_g1_i7.p1,-2.27681305952532
TRINITY_DN8131_c0_g2_i1.p1,0.753317922957211
TRINITY_DN8136_c3_g1_i2.p1,-0.862502029733925
TRINITY_DN8142_c1_g3_i2.p2,0.456966520907499
TRINITY_DN8142_c1_g3_i3.p1,-2.19901687554256
TRINITY_DN8147_c2_g2_i6.p1,0.175790710439785
TRINITY_DN8147_c4_g1_i1.p1,0.569596640357613
TRINITY_DN8150_c0_g2_i1.p1,0.885162975867366
TRINITY_DN81549_c0_g1_i4.p1,0.585517427345734
TRINITY_DN8154_c0_g1_i3.p1,-4.22950410219923
TRINITY_DN8154_c0_g1_i4.p1,-0.151376438129296
TRINITY_DN8173_c1_g2_i1.p1,0.427453703329598
TRINITY_DN8173_c1_g3_i1.p1,0.659343106101033
TRINITY_DN81782_c1_g1_i1.p1,0.706642533269034
TRINITY_DN8179_c0_g1_i1.p1,-1.90937494087529
TRINITY_DN817_c1_g1_i18.p1,-0.445609688113696
TRINITY_DN8181_c0_g1_i1.p1,1.57886376509895
TRINITY_DN81824_c0_g1_i1.p1,-1.20226810890834
TRINITY_DN81845_c0_g1_i6.p1,-0.428793639625181
TRINITY_DN81848_c0_g2_i1.p1,0.335343571915337
TRINITY_DN8189_c0_g1_i1.p1,0.694335077058877
TRINITY_DN8193_c1_g1_i1.p1,-1.13279921779689
TRINITY_DN8193_c1_g1_i3.p1,-1.07300711997562
TRINITY_DN8193_c1_g1_i5.p1,0.848985534561668
TRINITY_DN8193_c1_g1_i8.p1,0.702733769340974
TRINITY_DN8198_c0_g4_i3.p1,0.847238204012708
TRINITY_DN81992_c0_g1_i2.p1,-0.120088226471002
TRINITY_DN81_c0_g3_i3.p1,0.809681335135071
TRINITY_DN8202_c3_g1_i1.p1,-1.90414182791555
TRINITY_DN82240_c0_g1_i3.p1,-0.346509254873263
TRINITY_DN82240_c0_g1_i4.p1,-1.22484497086319
TRINITY_DN8226_c0_g1_i1.p1,-2.25130981577407
TRINITY_DN8234_c0_g2_i17.p1,0.836171032222816
TRINITY_DN82369_c0_g1_i1.p1,-0.625228136802067
TRINITY_DN8238_c0_g1_i1.p1,-1.24824020979757
TRINITY_DN82402_c0_g1_i1.p1,-0.225331452613455
TRINITY_DN82402_c0_g1_i2.p1,-1.80215965375457
TRINITY_DN82402_c0_g1_i3.p1,0.0433958512025164
TRINITY_DN82406_c0_g2_i1.p1,-2.55862670400022
TRINITY_DN82406_c0_g2_i2.p1,-2.0183689355373
TRINITY_DN8246_c0_g1_i1.p1,0.258113115720916
TRINITY_DN8246_c0_g1_i10.p1,0.514664059710876
TRINITY_DN8246_c0_g1_i12.p1,-1.20234739607309
TRINITY_DN8246_c0_g1_i2.p1,-0.524169122007379
TRINITY_DN8246_c0_g1_i5.p1,0.37270176767212
TRINITY_DN8246_c0_g1_i6.p1,0.448622603017782
TRINITY_DN8246_c0_g1_i9.p1,-0.391681508618936
TRINITY_DN8256_c0_g2_i6.p1,-0.307608127757246
TRINITY_DN82597_c0_g1_i1.p3,1.43047612149774
TRINITY_DN82597_c0_g1_i2.p1,0.850182812354846
TRINITY_DN825_c0_g1_i21.p1,0.412180199091225
TRINITY_DN82620_c8_g1_i1.p1,0.501066798376566
TRINITY_DN8263_c0_g1_i3.p1,-1.13806234919977
TRINITY_DN8267_c0_g2_i1.p1,0.179163713434194
TRINITY_DN826_c1_g1_i104.p1,-0.176997401750928
TRINITY_DN826_c1_g1_i12.p1,-0.803548277343941
TRINITY_DN826_c1_g1_i141.p1,-0.096545185008362
TRINITY_DN826_c1_g1_i149.p1,0.91206973672012
TRINITY_DN826_c1_g1_i40.p1,1.53051608845577
TRINITY_DN826_c1_g1_i5.p1,-0.0520191926038127
TRINITY_DN826_c1_g1_i50.p1,-1.20234811796757
TRINITY_DN826_c1_g1_i57.p1,-0.770095520751314
TRINITY_DN826_c1_g1_i76.p1,-0.295975720356644
TRINITY_DN826_c1_g1_i87.p1,-1.36904043105339
TRINITY_DN8271_c0_g1_i2.p1,0.811948192904584
TRINITY_DN82739_c0_g1_i1.p1,0.817849813636531
TRINITY_DN8289_c0_g1_i1.p1,-1.41921311098098
TRINITY_DN8289_c1_g1_i1.p1,0.241011163709718
TRINITY_DN8294_c1_g1_i2.p1,0.117992872992651
TRINITY_DN8297_c0_g2_i1.p1,-0.559211505159919
TRINITY_DN830_c1_g1_i5.p1,1.11371223650552
TRINITY_DN83132_c0_g1_i1.p1,0.0618723165559958
TRINITY_DN8317_c0_g1_i18.p1,-0.841401001883616
TRINITY_DN8317_c0_g1_i20.p1,-1.57297852219619
TRINITY_DN83209_c0_g1_i1.p1,-0.951611612562021
TRINITY_DN83294_c0_g3_i3.p1,-0.0749172273639817
TRINITY_DN83294_c0_g3_i5.p1,0.538683903882449
TRINITY_DN8329_c0_g1_i2.p1,1.22300252695287
TRINITY_DN8330_c0_g1_i3.p1,1.06971502508846
TRINITY_DN83395_c0_g1_i1.p1,0.138072437161069
TRINITY_DN834_c0_g1_i3.p1,0.109691288173773
TRINITY_DN8357_c2_g1_i2.p2,0.810363497390028
TRINITY_DN8363_c0_g3_i5.p1,0.172714850634484
TRINITY_DN8368_c0_g1_i10.p1,-0.267037379404195
TRINITY_DN8368_c0_g1_i2.p1,0.12050962869187
TRINITY_DN8372_c1_g1_i1.p1,-0.297078586049041
TRINITY_DN8372_c1_g1_i2.p1,1.43812001748962
TRINITY_DN8372_c1_g1_i4.p1,0.427676123348768
TRINITY_DN8372_c1_g1_i6.p1,-0.0227130147753975
TRINITY_DN83778_c0_g1_i5.p1,0.678597702385491
TRINITY_DN8378_c0_g1_i3.p1,0.279069271880813
TRINITY_DN8378_c1_g1_i1.p1,0.456981296478662
TRINITY_DN8378_c1_g1_i2.p1,-0.750272819137212
TRINITY_DN837_c0_g1_i57.p1,1.16153392262409
TRINITY_DN837_c0_g1_i9.p1,1.44382613734548
TRINITY_DN8384_c0_g1_i12.p1,-1.27795562548477
TRINITY_DN8384_c0_g1_i13.p1,1.75889562394539
TRINITY_DN8385_c0_g1_i1.p1,0.340554368903632
TRINITY_DN8385_c0_g1_i4.p1,-0.866281307801128
TRINITY_DN8385_c0_g1_i7.p1,-0.127484095098573
TRINITY_DN83903_c0_g1_i1.p1,0.882993699048962
TRINITY_DN83940_c0_g1_i3.p1,-0.225060007186142
TRINITY_DN83940_c0_g1_i6.p1,-0.640736243842674
TRINITY_DN8398_c0_g1_i2.p1,1.36652677847063
TRINITY_DN839_c0_g1_i3.p1,-2.48556372788456
TRINITY_DN8401_c0_g1_i14.p1,0.711865341073232
TRINITY_DN84020_c0_g1_i1.p1,-0.120094258528634
TRINITY_DN84020_c0_g1_i2.p1,1.05806390173996
TRINITY_DN8402_c0_g1_i1.p1,-0.875387550035078
TRINITY_DN8403_c0_g1_i2.p1,-0.849088448491687
TRINITY_DN8403_c0_g1_i5.p1,-0.624826847577498
TRINITY_DN84049_c0_g1_i1.p1,0.504003365800374
TRINITY_DN84049_c0_g1_i2.p1,-1.57278129288235
TRINITY_DN84060_c0_g3_i1.p1,-0.834785088766789
TRINITY_DN8407_c0_g1_i15.p1,-0.387434554551082
TRINITY_DN84102_c0_g1_i1.p1,0.456991152450295
TRINITY_DN84102_c0_g1_i2.p1,-0.496739250509911
TRINITY_DN84131_c4_g2_i1.p1,-1.61807315161428
TRINITY_DN84136_c0_g1_i1.p1,-1.29381340763643
TRINITY_DN84145_c1_g1_i1.p1,0.0963255280508046
TRINITY_DN841_c0_g1_i23.p1,-1.17159904555379
TRINITY_DN841_c0_g1_i26.p1,0.146869690736805
TRINITY_DN841_c0_g1_i27.p1,-1.22052139682851
TRINITY_DN841_c0_g1_i32.p1,-0.120087824337174
TRINITY_DN841_c0_g1_i6.p1,-0.090774169062257
TRINITY_DN841_c0_g1_i8.p1,-2.06442095402228
TRINITY_DN84252_c0_g1_i1.p1,0.46659640841077
TRINITY_DN8433_c0_g1_i2.p1,-0.427034528020405
TRINITY_DN8433_c0_g1_i3.p1,0.735780231295816
TRINITY_DN84343_c0_g1_i1.p1,-1.57543199918435
TRINITY_DN84390_c0_g1_i1.p1,-0.37873564261113
TRINITY_DN84431_c0_g1_i1.p1,-1.3833233781594
TRINITY_DN8443_c0_g1_i14.p1,0.475749885759745
TRINITY_DN8443_c0_g1_i3.p1,0.534205875201494
TRINITY_DN8447_c0_g1_i17.p1,0.568676492156054
TRINITY_DN84586_c0_g1_i1.p1,1.44866881499237
TRINITY_DN84586_c0_g1_i2.p1,-0.841415242545479
TRINITY_DN84586_c0_g1_i3.p1,0.354615844767284
TRINITY_DN845_c0_g2_i1.p1,0.459139169330206
TRINITY_DN845_c0_g2_i3.p1,-0.6414090498483
TRINITY_DN84629_c0_g1_i4.p1,-0.694472035310576
TRINITY_DN8466_c1_g1_i3.p1,0.0963231251740213
TRINITY_DN8466_c1_g1_i5.p1,0.0776694622743996
TRINITY_DN8466_c1_g2_i1.p1,-1.95710031502492
TRINITY_DN8468_c15_g1_i2.p1,0.0157307841378863
TRINITY_DN8469_c0_g1_i22.p1,0.0117836831357079
TRINITY_DN8469_c0_g1_i33.p1,0.160876342394431
TRINITY_DN8469_c0_g1_i37.p1,-1.3659740261619
TRINITY_DN8470_c0_g1_i3.p1,0.369146745783995
TRINITY_DN8475_c0_g1_i1.p1,-0.480747031291868
TRINITY_DN8475_c0_g1_i3.p1,2.7869642371988
TRINITY_DN8477_c0_g1_i1.p1,1.0996584014696
TRINITY_DN8477_c0_g1_i11.p1,0.0523743795304334
TRINITY_DN8477_c0_g1_i7.p1,-0.12009800427084
TRINITY_DN8477_c0_g1_i8.p1,-0.687932414288664
TRINITY_DN8478_c0_g1_i1.p1,-0.160535174070754
TRINITY_DN8478_c0_g1_i14.p1,-1.2023362947824
TRINITY_DN84910_c0_g1_i1.p1,0.111627754695058
TRINITY_DN84937_c0_g1_i1.p1,0.595874308059297
TRINITY_DN8493_c0_g1_i2.p1,0.149578889075045
TRINITY_DN8493_c0_g1_i5.p1,0.459718718652913
TRINITY_DN8493_c0_g1_i6.p1,0.640922740751312
TRINITY_DN849_c0_g1_i9.p1,-0.243172434402833
TRINITY_DN85032_c3_g1_i1.p1,0.989396929821558
TRINITY_DN8507_c1_g1_i1.p1,1.31415095330174
TRINITY_DN851_c0_g1_i2.p1,0.688044318307345
TRINITY_DN85236_c0_g1_i1.p1,-0.515749668474893
TRINITY_DN8528_c0_g1_i3.p1,1.14894454039776
TRINITY_DN852_c0_g1_i7.p1,-1.20190331038242
TRINITY_DN85321_c0_g1_i1.p1,-2.05436712783241
TRINITY_DN8532_c0_g1_i4.p1,-0.158343628360483
TRINITY_DN8535_c0_g1_i2.p1,-0.649437333997719
TRINITY_DN8537_c0_g1_i3.p1,0.353104440498998
TRINITY_DN85401_c0_g2_i1.p1,-0.625222521337478
TRINITY_DN85435_c0_g1_i1.p1,0.701817451880913
TRINITY_DN8545_c0_g1_i1.p1,0.173022150124569
TRINITY_DN855_c3_g1_i1.p1,1.01626565384055
TRINITY_DN855_c5_g1_i1.p1,-1.70746982702788
TRINITY_DN8562_c0_g1_i6.p1,0.262098098362269
TRINITY_DN8566_c0_g1_i16.p1,-0.777558253727997
TRINITY_DN8566_c0_g1_i27.p1,-1.67478254852468
TRINITY_DN8566_c0_g1_i4.p1,-0.0606724212221608
TRINITY_DN8566_c0_g1_i6.p1,-0.188237402711619
TRINITY_DN85744_c0_g2_i1.p1,3.05138285931618
TRINITY_DN85754_c0_g1_i1.p1,-1.35831136702796
TRINITY_DN85776_c0_g1_i1.p1,-0.38149586296298
TRINITY_DN85791_c0_g1_i2.p1,0.65624963143874
TRINITY_DN857_c1_g1_i2.p1,-1.00343498212244
TRINITY_DN858_c0_g1_i1.p1,0.0261468035838939
TRINITY_DN858_c0_g1_i6.p1,-0.522947996064489
TRINITY_DN85908_c0_g1_i1.p1,-0.588504012080054
TRINITY_DN8603_c0_g1_i6.p1,0.386540032260468
TRINITY_DN8610_c0_g1_i2.p1,-0.579591719635461
TRINITY_DN8610_c0_g1_i6.p1,1.5134060456505
TRINITY_DN86126_c0_g1_i3.p1,1.42908665417246
TRINITY_DN8616_c0_g1_i1.p1,-0.566157499397086
TRINITY_DN8618_c0_g1_i3.p1,-0.556840277553097
TRINITY_DN861_c0_g1_i16.p1,-1.02983015205646
TRINITY_DN861_c0_g1_i5.p1,-1.49117738013181
TRINITY_DN8626_c0_g1_i6.p1,-0.761918535788266
TRINITY_DN8626_c0_g1_i7.p1,0.237564403379872
TRINITY_DN8629_c1_g2_i1.p1,2.00956662505853
TRINITY_DN8629_c1_g2_i3.p1,0.244203216906605
TRINITY_DN8634_c0_g1_i4.p1,-0.0591459474765876
TRINITY_DN8634_c0_g1_i5.p1,0.711093761523814
TRINITY_DN8634_c0_g1_i8.p1,0.350371164315788
TRINITY_DN8636_c0_g1_i2.p1,1.99791818478093
TRINITY_DN8636_c0_g1_i5.p1,1.13795927873497
TRINITY_DN8637_c0_g1_i4.p1,0.281669814442948
TRINITY_DN863_c0_g1_i1.p1,-1.01675337865422
TRINITY_DN863_c0_g1_i10.p1,-0.59490008217469
TRINITY_DN863_c0_g1_i12.p1,-0.586859451895531
TRINITY_DN863_c0_g1_i15.p1,-0.188110170583551
TRINITY_DN863_c0_g1_i16.p1,-1.06890907276257
TRINITY_DN863_c0_g1_i20.p1,-1.16139209704218
TRINITY_DN863_c0_g1_i22.p1,-0.625246853594741
TRINITY_DN863_c0_g1_i23.p1,-0.354862404630078
TRINITY_DN863_c0_g1_i27.p1,-0.120088226471002
TRINITY_DN863_c0_g1_i29.p1,0.165529766118121
TRINITY_DN863_c0_g1_i3.p1,2.06935776759667
TRINITY_DN863_c0_g1_i44.p1,-0.480751891489006
TRINITY_DN863_c0_g1_i5.p1,-0.121041929278942
TRINITY_DN86438_c0_g1_i1.p1,0.0963229006964371
TRINITY_DN864_c0_g1_i3.p1,0.430677402009402
TRINITY_DN864_c0_g1_i4.p1,0.784326072010294
TRINITY_DN8658_c0_g1_i5.p1,1.41370947471278
TRINITY_DN8659_c0_g1_i1.p1,1.37253622077833
TRINITY_DN8660_c0_g1_i11.p1,-0.454469592775438
TRINITY_DN8660_c0_g1_i12.p1,-1.26800950335989
TRINITY_DN8660_c0_g1_i18.p1,0.0953744800711301
TRINITY_DN8663_c1_g2_i6.p1,-0.120088226471002
TRINITY_DN8663_c1_g2_i8.p1,0.649893737995686
TRINITY_DN8664_c0_g1_i3.p1,1.3276903941679
TRINITY_DN86708_c0_g1_i13.p1,0.0963225692011594
TRINITY_DN86708_c0_g1_i15.p1,-0.48075090523459
TRINITY_DN86708_c0_g1_i3.p1,0.0238399872819725
TRINITY_DN86708_c0_g1_i5.p1,-0.624868866440102
TRINITY_DN8670_c0_g1_i1.p1,-0.278531253420568
TRINITY_DN8670_c0_g1_i2.p1,-0.0228281554556311
TRINITY_DN8672_c0_g1_i2.p1,-1.07753894976418
TRINITY_DN8672_c0_g1_i3.p1,0.768170868488678
TRINITY_DN8673_c0_g1_i2.p1,-0.480745820591346
TRINITY_DN8673_c0_g1_i3.p1,-2.77665602472322
TRINITY_DN8678_c0_g1_i2.p1,-0.553859679133919
TRINITY_DN867_c0_g1_i1.p1,0.880182973160451
TRINITY_DN86837_c0_g1_i2.p1,0.414729733800094
TRINITY_DN8697_c0_g3_i1.p1,0.732258333076124
TRINITY_DN86_c0_g1_i4.p1,0.126851846374228
TRINITY_DN8707_c0_g1_i5.p1,-0.616666703548405
TRINITY_DN8710_c0_g2_i1.p1,1.20839567648893
TRINITY_DN87141_c0_g1_i4.p1,-1.2015553825565
TRINITY_DN87170_c0_g1_i1.p1,-0.849334280776531
TRINITY_DN87170_c0_g1_i5.p1,0.456975628519079
TRINITY_DN8717_c0_g1_i2.p1,3.26805975318295
TRINITY_DN87260_c2_g2_i1.p1,1.84601905896991
TRINITY_DN872_c7_g1_i2.p1,0.671842147748524
TRINITY_DN8736_c1_g1_i30.p1,-0.993115162087111
TRINITY_DN8736_c1_g1_i63.p1,-1.6638725146726
TRINITY_DN8736_c1_g1_i90.p1,0.368858911172539
TRINITY_DN8736_c2_g1_i3.p1,-0.841411345693825
TRINITY_DN874_c0_g1_i21.p1,5.31116537940058
TRINITY_DN8762_c0_g1_i2.p1,0.480991411648161
TRINITY_DN8764_c0_g1_i5.p1,0.748354023170135
TRINITY_DN8764_c0_g1_i56.p1,-0.33394504586731
TRINITY_DN8764_c0_g1_i7.p1,-1.04294450048952
TRINITY_DN8767_c0_g1_i1.p1,1.42511471321114
TRINITY_DN8767_c0_g1_i2.p1,0.333094816431631
TRINITY_DN8767_c0_g1_i4.p1,0.177136862339574
TRINITY_DN876_c0_g1_i12.p1,0.280505152509753
TRINITY_DN876_c0_g1_i13.p1,-0.841404218979344
TRINITY_DN876_c0_g1_i5.p1,-0.120091041432904
TRINITY_DN876_c0_g1_i8.p1,-0.64469948517346
TRINITY_DN8782_c0_g1_i2.p1,-0.938357485275533
TRINITY_DN8782_c0_g1_i7.p1,1.01931369539667
TRINITY_DN8784_c0_g1_i5.p1,-0.776683146409744
TRINITY_DN8784_c0_g1_i7.p1,-0.732209675021056
TRINITY_DN8787_c0_g1_i1.p1,0.200512873113838
TRINITY_DN8789_c0_g1_i1.p1,-1.87907573707652
TRINITY_DN8790_c0_g1_i1.p1,-0.734823730232036
TRINITY_DN87_c21_g1_i1.p1,0.384361114043959
TRINITY_DN87_c2_g1_i26.p1,-0.347470105406369
TRINITY_DN8800_c1_g1_i2.p1,0.300492169080672
TRINITY_DN8800_c1_g1_i3.p1,-0.828290794048214
TRINITY_DN8807_c0_g1_i3.p1,-0.347532198050259
TRINITY_DN8807_c0_g1_i6.p1,0.701188087018699
TRINITY_DN8807_c0_g1_i8.p1,-0.155160010225845
TRINITY_DN8810_c6_g1_i2.p1,0.0593258160703377
TRINITY_DN88117_c0_g1_i5.p1,-0.131634358138071
TRINITY_DN8811_c0_g2_i2.p1,0.456981296478662
TRINITY_DN8819_c1_g1_i4.p1,-0.608709122426919
TRINITY_DN8819_c1_g1_i8.p1,0.671976435272185
TRINITY_DN881_c0_g1_i2.p1,-1.98164625091838
TRINITY_DN8831_c0_g1_i13.p1,-1.53080898578671
TRINITY_DN8831_c0_g1_i7.p1,-0.511661188572444
TRINITY_DN8855_c0_g1_i2.p1,-0.236696562166447
TRINITY_DN8855_c0_g1_i5.p1,-0.70836465900042
TRINITY_DN8856_c0_g2_i4.p1,0.365163907595286
TRINITY_DN88688_c0_g1_i1.p1,1.38278033941942
TRINITY_DN8883_c1_g1_i5.p1,-0.12009882508506
TRINITY_DN8883_c1_g1_i6.p1,-1.61084186993862
TRINITY_DN8883_c1_g1_i7.p1,0.0853777257154138
TRINITY_DN88924_c0_g1_i1.p1,-0.556765039380132
TRINITY_DN88924_c0_g1_i2.p1,-0.299073927549091
TRINITY_DN88930_c0_g1_i1.p1,-0.478465173931408
TRINITY_DN8893_c1_g1_i2.p1,-1.05481015452089
TRINITY_DN8893_c1_g1_i3.p1,0.437715459341243
TRINITY_DN8893_c3_g2_i1.p1,-2.33067165061098
TRINITY_DN8898_c0_g2_i4.p1,0.129236142620725
TRINITY_DN8905_c0_g1_i1.p1,-0.158116994765903
TRINITY_DN8907_c0_g1_i10.p1,0.208918972586591
TRINITY_DN8907_c0_g1_i11.p1,-0.47926602862921
TRINITY_DN890_c0_g1_i5.p1,1.29803462333619
TRINITY_DN890_c0_g1_i7.p1,0.0798248422800027
TRINITY_DN8914_c0_g1_i1.p1,0.550231030431638
TRINITY_DN8914_c0_g1_i2.p1,-0.340536734301477
TRINITY_DN8918_c0_g1_i2.p1,-1.13807616972325
TRINITY_DN8918_c0_g1_i4.p1,-1.17720149544125
TRINITY_DN8920_c0_g1_i1.p1,-2.15055072292169
TRINITY_DN8920_c0_g1_i4.p1,0.188489231313514
TRINITY_DN8928_c0_g2_i1.p2,0.197253126661951
TRINITY_DN8928_c0_g2_i2.p1,0.714793985013062
TRINITY_DN89302_c0_g1_i23.p1,0.609688469326492
TRINITY_DN89302_c0_g1_i24.p1,-0.12008628042493
TRINITY_DN89302_c0_g1_i26.p1,0.456986972365544
TRINITY_DN89302_c0_g1_i29.p1,-0.354150006993277
TRINITY_DN89302_c0_g1_i5.p1,-0.120091443566732
TRINITY_DN8932_c0_g1_i1.p1,-0.0326975535273332
TRINITY_DN8932_c0_g1_i4.p1,-1.20234959802725
TRINITY_DN89438_c0_g1_i1.p1,0.115469636752801
TRINITY_DN8947_c0_g1_i3.p1,0.666873595599625
TRINITY_DN8947_c0_g1_i5.p1,-0.123411114540517
TRINITY_DN8949_c0_g1_i5.p1,-3.02181242198306
TRINITY_DN8955_c0_g1_i4.p2,-0.264337844907608
TRINITY_DN8955_c0_g1_i7.p1,-0.897849968114757
TRINITY_DN8955_c0_g2_i2.p1,0.920404398315723
TRINITY_DN89576_c0_g1_i1.p1,-0.480773132527635
TRINITY_DN89576_c0_g1_i3.p1,0.805431303034519
TRINITY_DN89631_c0_g1_i2.p1,0.0963267410034246
TRINITY_DN89631_c0_g1_i20.p1,0.658252910175715
TRINITY_DN8964_c0_g1_i1.p1,2.16887157316072
TRINITY_DN8964_c0_g1_i2.p1,2.07654929303082
TRINITY_DN8964_c0_g1_i5.p1,2.60837989146762
TRINITY_DN8964_c0_g1_i7.p1,1.08814243780603
TRINITY_DN8964_c0_g1_i9.p1,1.02452077467735
TRINITY_DN8991_c0_g1_i2.p1,1.24700660363659
TRINITY_DN8991_c0_g1_i4.p1,0.051877548105678
TRINITY_DN8991_c0_g1_i5.p1,0.924702210541148
TRINITY_DN899_c0_g1_i17.p1,-2.4547343295678
TRINITY_DN899_c0_g1_i2.p1,-2.63737568330487
TRINITY_DN899_c0_g1_i7.p1,-3.40380394840731
TRINITY_DN90066_c0_g1_i15.p1,0.456981296478662
TRINITY_DN90066_c0_g1_i25.p1,-0.695099558523948
TRINITY_DN90066_c0_g1_i31.p1,-0.917581774876915
TRINITY_DN90066_c0_g1_i33.p1,0.757925534314753
TRINITY_DN90066_c0_g1_i45.p1,1.26340218098857
TRINITY_DN90066_c0_g1_i47.p1,-2.44524152657203
TRINITY_DN90066_c0_g1_i63.p1,1.09163440067997
TRINITY_DN9009_c0_g1_i1.p1,1.23550441365673
TRINITY_DN9009_c0_g1_i5.p1,-0.639335082563656
TRINITY_DN90111_c4_g1_i1.p1,0.0256734393174799
TRINITY_DN9014_c0_g2_i1.p1,-1.10621461041114
TRINITY_DN9014_c0_g2_i2.p1,-0.963718854758368
TRINITY_DN9014_c0_g2_i4.p1,-1.20232389426934
TRINITY_DN9014_c0_g2_i5.p1,0.0074678278235668
TRINITY_DN9020_c0_g1_i1.p1,-1.659581194221
TRINITY_DN9020_c0_g1_i4.p1,-0.316876612935789
TRINITY_DN9021_c0_g3_i2.p1,-0.30614103784291
TRINITY_DN90297_c0_g1_i1.p1,-0.0200960979638969
TRINITY_DN9036_c0_g1_i1.p1,1.11084035300205
TRINITY_DN9036_c0_g1_i6.p1,0.485909257836032
TRINITY_DN9038_c0_g1_i1.p1,-1.06493554409795
TRINITY_DN9038_c0_g1_i2.p1,0.199025683955715
TRINITY_DN9039_c0_g1_i1.p1,0.294493356466524
TRINITY_DN9039_c0_g1_i2.p1,-0.217090650386372
TRINITY_DN90403_c0_g1_i13.p1,1.62147482185609
TRINITY_DN9053_c0_g1_i1.p1,1.23195968506918
TRINITY_DN9053_c0_g1_i2.p1,0.934215259789481
TRINITY_DN90574_c0_g1_i1.p1,0.0963265911386336
TRINITY_DN90574_c0_g2_i1.p1,1.83516675275609
TRINITY_DN9062_c0_g1_i5.p1,1.36995839524361
TRINITY_DN9062_c0_g1_i6.p1,0.367316538111573
TRINITY_DN9062_c0_g1_i7.p1,-0.174018005897126
TRINITY_DN9062_c0_g1_i8.p1,-1.22396389927565
TRINITY_DN9062_c2_g1_i2.p1,1.16155560129745
TRINITY_DN9062_c2_g1_i3.p1,0.241539231862617
TRINITY_DN90632_c0_g1_i1.p1,-2.2477581737019
TRINITY_DN90634_c0_g2_i1.p1,-0.0102400599242805
TRINITY_DN90670_c0_g1_i2.p1,2.32146461197807
TRINITY_DN9067_c1_g1_i2.p1,-0.227842195011685
TRINITY_DN90685_c0_g1_i2.p1,-1.53725976206548
TRINITY_DN9071_c1_g3_i1.p1,0.915106751990516
TRINITY_DN9072_c0_g3_i12.p1,-0.264340069736835
TRINITY_DN9072_c0_g3_i4.p1,-0.550710598456363
TRINITY_DN90754_c0_g2_i9.p1,-0.661636573120565
TRINITY_DN9075_c0_g1_i1.p2,-0.274649646022415
TRINITY_DN9075_c0_g2_i4.p1,-0.754558756463145
TRINITY_DN9075_c0_g2_i6.p1,0.564709941788645
TRINITY_DN9075_c1_g1_i1.p1,0.667936252649985
TRINITY_DN9078_c5_g2_i1.p1,-0.161422128253987
TRINITY_DN9081_c0_g1_i1.p1,-0.441047583982962
TRINITY_DN9086_c0_g1_i7.p1,0.155823185400373
TRINITY_DN90882_c0_g2_i1.p1,-0.158904861997058
TRINITY_DN908_c0_g2_i4.p1,0.589145610194234
TRINITY_DN908_c0_g2_i5.p2,0.766835447893922
TRINITY_DN9095_c0_g1_i1.p1,0.688174373726068
TRINITY_DN9097_c0_g1_i1.p1,-0.254193921776243
TRINITY_DN9097_c0_g1_i2.p1,1.92329409869343
TRINITY_DN9097_c0_g1_i3.p1,0.743778449567523
TRINITY_DN9097_c0_g1_i4.p1,0.103640631333009
TRINITY_DN909_c0_g1_i5.p1,-1.23918724090875
TRINITY_DN91031_c0_g1_i10.p1,-0.307985274451768
TRINITY_DN91031_c0_g1_i12.p1,-0.230096549958592
TRINITY_DN9105_c0_g2_i7.p1,0.342178919787956
TRINITY_DN91112_c0_g1_i1.p1,-1.61824537681169
TRINITY_DN9114_c0_g1_i5.p1,-0.400958124330694
TRINITY_DN9114_c1_g2_i1.p1,-0.512060304192682
TRINITY_DN91180_c0_g1_i1.p1,-0.280600717903942
TRINITY_DN91271_c0_g1_i1.p1,0.242390342724445
TRINITY_DN912_c1_g1_i4.p1,-0.022924579401577
TRINITY_DN912_c2_g1_i7.p1,-1.20623986118028
TRINITY_DN912_c59_g1_i1.p1,-2.44786842254451
TRINITY_DN91355_c0_g1_i3.p1,-1.69750311642511
TRINITY_DN913_c0_g1_i1.p1,-0.511068639457794
TRINITY_DN913_c0_g1_i9.p1,0.228762545646832
TRINITY_DN91401_c3_g1_i1.p1,0.643475839824001
TRINITY_DN9140_c0_g3_i1.p1,-0.657136009278038
TRINITY_DN9140_c2_g1_i1.p1,0.00900593122768768
TRINITY_DN91428_c0_g2_i4.p1,-0.504848979324148
TRINITY_DN91428_c0_g2_i6.p1,-0.0996732951299521
TRINITY_DN9157_c0_g1_i2.p1,0.199398542397228
TRINITY_DN9181_c1_g1_i10.p1,1.69319139949206
TRINITY_DN9181_c1_g1_i11.p1,-0.480743005629444
TRINITY_DN9181_c1_g1_i3.p1,-1.20234649155267
TRINITY_DN9181_c1_g1_i5.p1,-0.264334696029681
TRINITY_DN9183_c0_g1_i3.p1,0.696887683824852
TRINITY_DN9184_c1_g1_i1.p1,0.826075051611433
TRINITY_DN9184_c1_g1_i10.p1,-0.378911373075674
TRINITY_DN9184_c1_g1_i3.p1,-0.315328948841096
TRINITY_DN9184_c1_g1_i8.p1,0.273493326454518
TRINITY_DN918_c0_g1_i1.p1,-0.14214791597482
TRINITY_DN918_c0_g1_i19.p1,-0.810824572972897
TRINITY_DN918_c0_g1_i2.p1,0.0963200831287617
TRINITY_DN918_c0_g1_i7.p1,0.0160438980780331
TRINITY_DN918_c0_g1_i8.p1,0.898209777103945
TRINITY_DN9190_c0_g1_i5.p1,0.101349399231818
TRINITY_DN9190_c0_g1_i7.p1,-0.511119545503312
TRINITY_DN9192_c1_g2_i1.p1,-0.489766403910698
TRINITY_DN91_c1_g1_i1.p1,0.193489628636491
TRINITY_DN91_c3_g1_i1.p1,-0.0133185560040552
TRINITY_DN92052_c0_g1_i5.p1,0.444103545817058
TRINITY_DN9219_c0_g2_i2.p1,0.453903317126854
TRINITY_DN922_c0_g1_i2.p1,-0.120088226471002
TRINITY_DN9239_c0_g1_i2.p1,-1.59097754265098
TRINITY_DN9239_c0_g1_i4.p1,-0.0707368006403464
TRINITY_DN9239_c0_g1_i8.p1,-0.435791436436687
TRINITY_DN9249_c0_g2_i4.p1,0.617807123004168
TRINITY_DN924_c0_g1_i14.p1,1.14649189486959
TRINITY_DN924_c0_g1_i7.p1,-0.191518665160828
TRINITY_DN924_c2_g1_i1.p1,0.117168809531021
TRINITY_DN924_c2_g1_i4.p1,1.93297708765392
TRINITY_DN92524_c0_g1_i1.p1,-0.841404218979345
TRINITY_DN9254_c0_g5_i1.p1,0.561064851196682
TRINITY_DN9257_c0_g1_i3.p1,-0.311912561975175
TRINITY_DN9268_c0_g1_i1.p1,-1.40812743984321
TRINITY_DN9279_c0_g1_i4.p1,-0.458595504776162
TRINITY_DN9282_c0_g1_i2.p1,-0.625306254285535
TRINITY_DN9282_c0_g1_i4.p1,0.820422991897036
TRINITY_DN9289_c0_g2_i2.p1,1.29935281671946
TRINITY_DN9289_c0_g2_i3.p1,1.01452049911292
TRINITY_DN9289_c0_g2_i6.p1,0.383950843419427
TRINITY_DN9289_c0_g2_i9.p1,-0.575368608134991
TRINITY_DN929_c2_g1_i1.p1,-0.0799421415375083
TRINITY_DN92_c10_g1_i1.p1,-0.52095047395721
TRINITY_DN9302_c0_g1_i1.p2,0.242441413078826
TRINITY_DN9316_c0_g1_i2.p1,0.216922040373441
TRINITY_DN9321_c0_g2_i11.p1,0.238687683562118
TRINITY_DN9321_c0_g2_i14.p1,-2.03500323607797
TRINITY_DN9321_c0_g2_i8.p1,-0.680219639473004
TRINITY_DN9321_c0_g2_i9.p1,0.646816690385999
TRINITY_DN9323_c2_g1_i1.p1,2.04069999137228
TRINITY_DN93345_c0_g1_i2.p1,-1.57768841053815
TRINITY_DN9337_c0_g1_i1.p1,-0.506729391433565
TRINITY_DN9337_c0_g1_i2.p1,0.0231184159694722
TRINITY_DN9340_c0_g1_i1.p1,-0.921378056782769
TRINITY_DN9351_c0_g1_i2.p1,-0.00680702611629456
TRINITY_DN9353_c0_g1_i10.p1,-1.61526975271229
TRINITY_DN9353_c0_g1_i13.p1,-0.445183543904112
TRINITY_DN9353_c0_g1_i21.p1,-0.386953485361649
TRINITY_DN9353_c0_g1_i23.p1,-0.120091443566732
TRINITY_DN9353_c0_g2_i3.p1,-0.244464407549771
TRINITY_DN93640_c0_g1_i3.p1,0.760972042954646
TRINITY_DN9365_c1_g1_i10.p1,0.116754247704478
TRINITY_DN9365_c1_g1_i2.p1,-0.129882217406331
TRINITY_DN9365_c1_g1_i3.p1,-0.329836466703042
TRINITY_DN9365_c1_g1_i5.p1,0.728838031916638
TRINITY_DN93663_c0_g1_i2.p1,0.108798109007511
TRINITY_DN93689_c0_g1_i1.p1,0.329125516064865
TRINITY_DN936_c0_g1_i3.p1,0.0963290439989618
TRINITY_DN93732_c0_g1_i1.p1,0.45697684578486
TRINITY_DN93742_c0_g1_i2.p1,-3.91839221119735
TRINITY_DN93750_c0_g1_i2.p1,-2.08081633184953
TRINITY_DN93750_c0_g1_i3.p1,0.302571007036847
TRINITY_DN93750_c0_g1_i4.p1,-0.483420593517608
TRINITY_DN9378_c0_g1_i2.p1,-1.62045922235967
TRINITY_DN93792_c0_g1_i1.p1,-0.480748719812673
TRINITY_DN93792_c0_g2_i2.p1,0.321040135657872
TRINITY_DN93799_c0_g1_i1.p1,0.252850804394981
TRINITY_DN937_c2_g2_i1.p2,-0.322082583065802
TRINITY_DN937_c7_g1_i1.p1,0.700318416683097
TRINITY_DN938_c0_g1_i14.p1,-1.67453416108955
TRINITY_DN938_c0_g1_i15.p1,0.513711493492102
TRINITY_DN938_c0_g1_i16.p1,0.354944497563812
TRINITY_DN938_c0_g1_i19.p1,0.0346800744081514
TRINITY_DN938_c0_g1_i2.p1,-1.17460690783315
TRINITY_DN938_c0_g1_i20.p1,1.52335078945941
TRINITY_DN938_c1_g1_i3.p1,0.765228521839873
TRINITY_DN938_c1_g1_i6.p1,-0.392135416949603
TRINITY_DN938_c2_g2_i5.p1,0.901884315106932
TRINITY_DN93914_c0_g1_i3.p1,-2.52437787822405
TRINITY_DN9399_c0_g1_i2.p1,-0.18742684503302
TRINITY_DN9405_c0_g1_i17.p1,-2.07190374995881
TRINITY_DN9405_c0_g1_i20.p1,1.08948653466361
TRINITY_DN9405_c0_g1_i23.p1,1.08949497952476
TRINITY_DN9407_c0_g1_i3.p1,-0.410392085241074
TRINITY_DN9407_c0_g1_i4.p1,-0.143814302341914
TRINITY_DN9409_c0_g1_i3.p1,-0.170996412345938
TRINITY_DN9415_c3_g1_i1.p1,-0.187491381746686
TRINITY_DN9419_c0_g1_i2.p1,1.362953415517
TRINITY_DN9420_c0_g2_i14.p1,-0.519954170756945
TRINITY_DN9420_c0_g2_i8.p1,0.567380256552737
TRINITY_DN94400_c0_g1_i1.p1,-2.03068522262304
TRINITY_DN94405_c1_g1_i2.p1,-0.480745846450459
TRINITY_DN94405_c1_g1_i4.p1,0.519068481605214
TRINITY_DN94405_c1_g1_i7.p1,0.342079835221104
TRINITY_DN9444_c0_g1_i1.p1,-1.22847863163817
TRINITY_DN9444_c0_g1_i3.p1,-0.457295036540459
TRINITY_DN9444_c3_g1_i1.p1,-0.0125579934749442
TRINITY_DN9448_c0_g1_i5.p1,1.30189405758411
TRINITY_DN9448_c0_g1_i6.p2,0.851154393203861
TRINITY_DN9448_c3_g1_i5.p1,0.456978131752446
TRINITY_DN9449_c0_g2_i2.p1,0.520783806590364
TRINITY_DN9457_c1_g1_i1.p2,0.218246207890261
TRINITY_DN9469_c0_g1_i1.p1,-1.40693838397574
TRINITY_DN9482_c0_g2_i6.p1,-0.504750092041073
TRINITY_DN9483_c0_g2_i2.p1,-1.12934201817478
TRINITY_DN9483_c0_g2_i4.p1,1.46893724916855
TRINITY_DN9483_c0_g2_i5.p1,-1.49714317017724
TRINITY_DN9483_c0_g2_i6.p1,0.647308179885363
TRINITY_DN9483_c0_g2_i8.p1,-0.380764966544356
TRINITY_DN9483_c0_g2_i9.p1,0.519173510240755
TRINITY_DN9483_c0_g3_i1.p1,-0.442120794276819
TRINITY_DN94852_c0_g1_i1.p1,-0.556885325537392
TRINITY_DN9493_c0_g2_i1.p1,0.264347897633546
TRINITY_DN9493_c0_g2_i3.p1,-3.06812525895544
TRINITY_DN9493_c0_g2_i5.p1,-0.30402561272549
TRINITY_DN9496_c2_g2_i2.p1,-1.16393880336665
TRINITY_DN94997_c0_g1_i1.p1,0.599550662797622
TRINITY_DN949_c2_g1_i1.p1,-0.340995998395951
TRINITY_DN9507_c0_g1_i2.p1,-1.26772951070837
TRINITY_DN9509_c0_g1_i2.p1,0.167990480050556
TRINITY_DN9517_c0_g1_i9.p1,-0.120088226471002
TRINITY_DN9538_c0_g2_i2.p1,-0.0649259969293248
TRINITY_DN9544_c0_g1_i3.p1,0.529033472003816
TRINITY_DN9544_c0_g1_i4.p1,1.28434892258719
TRINITY_DN9544_c0_g1_i5.p1,0.284255804760108
TRINITY_DN9555_c0_g1_i10.p1,-2.1253568562402
TRINITY_DN9555_c0_g1_i5.p1,-0.841414782930715
TRINITY_DN955_c0_g1_i39.p1,-0.0953988661949227
TRINITY_DN95600_c0_g1_i1.p1,0.0963284015826767
TRINITY_DN9563_c0_g1_i10.p1,-2.46891966344581
TRINITY_DN9563_c0_g1_i12.p1,-0.685581417119997
TRINITY_DN9563_c0_g1_i21.p1,-0.310945438756025
TRINITY_DN95728_c0_g1_i1.p1,0.257793529050712
TRINITY_DN9579_c0_g1_i8.p1,2.04015147795465
TRINITY_DN9581_c0_g2_i3.p1,-0.480749439820902
TRINITY_DN95853_c0_g1_i1.p1,2.01880070799173
TRINITY_DN95863_c0_g1_i1.p1,0.0571689964392015
TRINITY_DN95931_c0_g1_i2.p1,-0.0581927574567945
TRINITY_DN95956_c0_g1_i1.p1,0.0830437856357686
TRINITY_DN95979_c0_g1_i1.p1,0.80688173592285
TRINITY_DN95981_c0_g1_i1.p1,-0.706129753891729
TRINITY_DN9599_c0_g3_i1.p1,0.88726956371909
TRINITY_DN95_c0_g1_i12.p1,0.954130123663738
TRINITY_DN95_c0_g1_i16.p1,-0.820424931381483
TRINITY_DN95_c0_g1_i26.p1,0.387120106755727
TRINITY_DN95_c0_g1_i9.p1,-0.681882113821936
TRINITY_DN96016_c0_g1_i1.p1,-0.480749439820902
TRINITY_DN96016_c0_g1_i2.p1,1.08727336319181
TRINITY_DN9601_c0_g1_i1.p1,-0.546019106111033
TRINITY_DN9601_c0_g2_i1.p1,-0.391883875976999
TRINITY_DN9601_c0_g2_i2.p1,-0.120090639299077
TRINITY_DN9601_c1_g1_i1.p1,-0.315646675900481
TRINITY_DN96027_c0_g1_i1.p1,-1.45723419647075
TRINITY_DN96082_c0_g1_i1.p1,-0.559910935212609
TRINITY_DN96100_c0_g1_i1.p1,-1.53585513147764
TRINITY_DN96113_c0_g1_i1.p1,-0.164125436938082
TRINITY_DN96125_c0_g1_i1.p1,1.09617039046982
TRINITY_DN9618_c0_g1_i1.p1,0.594226324297068
TRINITY_DN9618_c0_g1_i5.p1,-0.651152907556624
TRINITY_DN96298_c0_g1_i1.p1,-0.721064626308425
TRINITY_DN9630_c0_g1_i1.p1,0.652584784598813
TRINITY_DN9630_c0_g1_i3.p1,-0.0397923242167343
TRINITY_DN9630_c0_g1_i4.p1,-0.840266465435205
TRINITY_DN9630_c1_g1_i28.p1,-1.38471292317326
TRINITY_DN9630_c1_g1_i4.p1,0.691664329484672
TRINITY_DN9631_c1_g3_i1.p1,0.333653974296641
TRINITY_DN9632_c0_g1_i19.p1,0.253622657239112
TRINITY_DN9632_c0_g1_i21.p1,-0.920648964848383
TRINITY_DN96371_c0_g1_i1.p1,0.399378362955195
TRINITY_DN963_c0_g1_i35.p1,0.962742972062409
TRINITY_DN963_c0_g1_i36.p1,-0.0341038817940715
TRINITY_DN963_c0_g1_i40.p1,-0.704881177358521
TRINITY_DN963_c0_g1_i43.p1,1.77116821003136
TRINITY_DN963_c0_g1_i65.p1,-0.480743005629443
TRINITY_DN963_c0_g1_i81.p1,-1.29386170511032
TRINITY_DN9641_c0_g2_i1.p1,0.0905892697735616
TRINITY_DN9641_c5_g1_i1.p1,0.190155073589912
TRINITY_DN96473_c0_g1_i1.p1,-0.534964878610258
TRINITY_DN96545_c0_g1_i5.p1,-0.254711588625624
TRINITY_DN96592_c0_g1_i6.p1,2.26204219836801
TRINITY_DN9659_c0_g1_i5.p1,1.40482797478962
TRINITY_DN965_c3_g1_i2.p1,-0.120091041432904
TRINITY_DN9660_c0_g1_i1.p1,-3.72536379120401
TRINITY_DN9660_c0_g1_i3.p1,1.97349904416007
TRINITY_DN9660_c0_g1_i5.p1,0.317059953829903
TRINITY_DN9660_c0_g1_i6.p1,2.85226214310357
TRINITY_DN9660_c0_g1_i7.p1,0.168614118128045
TRINITY_DN96636_c0_g1_i1.p1,0.375837812975455
TRINITY_DN96636_c0_g1_i2.p1,-0.120091443566732
TRINITY_DN96646_c0_g1_i1.p1,-2.72300731440932
TRINITY_DN9666_c0_g1_i2.p1,-0.0577682465618293
TRINITY_DN9672_c0_g1_i3.p1,2.12341150209936
TRINITY_DN96733_c0_g1_i1.p1,-0.120105441383789
TRINITY_DN9674_c0_g3_i1.p1,0.442253310270913
TRINITY_DN96759_c0_g1_i1.p1,0.11799198597156
TRINITY_DN9682_c0_g1_i10.p1,-0.810195878068772
TRINITY_DN9682_c1_g1_i13.p1,-0.120090639299077
TRINITY_DN9682_c1_g1_i6.p1,-0.480752486009844
TRINITY_DN9689_c0_g1_i7.p1,-0.0712147552463329
TRINITY_DN9691_c0_g1_i2.p1,-1.18689400064379
TRINITY_DN9698_c0_g1_i15.p1,-0.480720244280099
TRINITY_DN9698_c0_g1_i16.p1,-0.48120727489937
TRINITY_DN9698_c0_g1_i19.p1,-1.7365278561178
TRINITY_DN9698_c0_g1_i4.p1,-1.20232030075541
TRINITY_DN96_c0_g1_i14.p1,-0.110879269287283
TRINITY_DN96_c0_g1_i4.p1,0.339064718155692
TRINITY_DN9702_c0_g1_i2.p1,0.883299920122945
TRINITY_DN9702_c0_g1_i4.p1,-1.01799776813239
TRINITY_DN9702_c0_g1_i5.p1,1.127479209397
TRINITY_DN9702_c0_g1_i6.p1,0.817088915264522
TRINITY_DN9703_c0_g1_i2.p1,3.02745812613849
TRINITY_DN9703_c0_g1_i3.p1,1.27746699779127
TRINITY_DN97055_c0_g1_i1.p1,-1.4424962152471
TRINITY_DN97065_c0_g1_i1.p1,1.74841031737835
TRINITY_DN97101_c0_g1_i2.p1,0.456988549191927
TRINITY_DN97101_c0_g1_i3.p1,-0.638656843638441
TRINITY_DN97101_c0_g1_i4.p1,0.362038217232648
TRINITY_DN97146_c0_g1_i1.p1,0.0750404149790915
TRINITY_DN971_c0_g1_i1.p1,0.636324500535073
TRINITY_DN971_c0_g1_i3.p1,1.43551937584132
TRINITY_DN97207_c0_g1_i1.p1,0
TRINITY_DN97214_c0_g1_i1.p1,-1.74541391542702
TRINITY_DN9723_c0_g1_i4.p1,2.19676695156027
TRINITY_DN9725_c0_g1_i1.p1,0.0963234104387036
TRINITY_DN97289_c0_g1_i1.p1,-0.120093454260979
TRINITY_DN97292_c0_g1_i1.p1,-1.19781801057292
TRINITY_DN97315_c0_g1_i1.p1,-1.20186401734774
TRINITY_DN97333_c0_g1_i1.p1,-1.20188898217413
TRINITY_DN97389_c0_g1_i1.p1,0.456996069500313
TRINITY_DN9741_c0_g1_i1.p1,1.81715165250568
TRINITY_DN9741_c0_g1_i2.p1,0.346450074192612
TRINITY_DN97420_c0_g1_i1.p1,-0.84141055888642
TRINITY_DN97476_c0_g1_i1.p1,0.0987130292401651
TRINITY_DN97492_c0_g1_i1.p1,0.87272862483768
TRINITY_DN97532_c0_g1_i1.p1,0
TRINITY_DN97544_c0_g1_i1.p3,-0.164517353017879
TRINITY_DN97566_c0_g1_i1.p1,3.46672384504215
TRINITY_DN9765_c1_g1_i9.p1,0.801606861364743
TRINITY_DN97737_c0_g1_i1.p1,-0.014649494998806
TRINITY_DN97782_c0_g1_i1.p1,-0.981097873529938
TRINITY_DN9780_c0_g2_i2.p1,0.874050509632733
TRINITY_DN97867_c0_g1_i2.p1,0.865850915815433
TRINITY_DN97901_c0_g1_i1.p1,-1.04651812834038
TRINITY_DN9798_c0_g2_i11.p1,-1.54471439160029
TRINITY_DN9798_c0_g2_i15.p1,0.413967309983385
TRINITY_DN9798_c0_g2_i8.p1,-1.0167867472033
TRINITY_DN9799_c0_g1_i2.p1,2.05714473799718
TRINITY_DN9801_c0_g1_i5.p2,-1.00795958234422
TRINITY_DN9801_c0_g1_i6.p3,0.0368969107751551
TRINITY_DN98035_c0_g1_i1.p1,1.27882027132593
TRINITY_DN98040_c0_g1_i2.p1,1.10943151386787
TRINITY_DN9808_c0_g1_i1.p2,-0.276367789165492
TRINITY_DN9808_c0_g1_i3.p2,-0.480750527376127
TRINITY_DN9808_c0_g1_i5.p1,0.448424466472126
TRINITY_DN9808_c0_g1_i7.p1,0.573611886370466
TRINITY_DN98125_c0_g1_i1.p1,0.093304528120884
TRINITY_DN98160_c0_g1_i1.p1,-0.953367110468514
TRINITY_DN98199_c0_g1_i1.p1,-0.120094258528634
TRINITY_DN9824_c0_g1_i1.p1,1.08948529183485
TRINITY_DN9827_c0_g1_i5.p1,0.73454030011719
TRINITY_DN9827_c1_g1_i1.p1,-0.737987701591585
TRINITY_DN9827_c2_g1_i1.p1,-0.226116111574963
TRINITY_DN982_c21_g3_i1.p1,0.659268764377401
TRINITY_DN9831_c0_g2_i11.p1,0.168973801746232
TRINITY_DN9831_c0_g2_i12.p1,-0.221940532540865
TRINITY_DN9831_c0_g2_i16.p1,-0.323786729889898
TRINITY_DN9831_c0_g2_i18.p1,0.464499191080348
TRINITY_DN9831_c0_g2_i20.p1,0.456981296478662
TRINITY_DN9831_c0_g2_i5.p1,-0.00211234394317324
TRINITY_DN9831_c0_g2_i8.p1,-0.00318618896405825
TRINITY_DN98363_c0_g1_i1.p1,1.93614773791563
TRINITY_DN98374_c0_g1_i1.p1,-3.74226472637159
TRINITY_DN983_c1_g1_i3.p1,-0.578668057198785
TRINITY_DN98440_c0_g1_i1.p1,0
TRINITY_DN98484_c0_g1_i1.p1,-2.05079883622666
TRINITY_DN98494_c0_g1_i1.p1,-0.120093454260979
TRINITY_DN9849_c0_g2_i4.p1,0.320546101403226
TRINITY_DN98524_c0_g1_i1.p1,1.6060112907805
TRINITY_DN9855_c0_g1_i2.p1,1.59312136975755
TRINITY_DN98590_c0_g1_i1.p1,-0.120100876619793
TRINITY_DN9863_c0_g1_i13.p1,0.175618860609514
TRINITY_DN9863_c0_g1_i15.p1,-0.467400873341727
TRINITY_DN9863_c0_g1_i2.p1,1.48746858155495
TRINITY_DN9864_c0_g1_i1.p1,-1.08650547397139
TRINITY_DN9869_c0_g1_i19.p1,-2.65951869401502
TRINITY_DN9869_c0_g1_i2.p1,-0.734314920160251
TRINITY_DN9871_c0_g1_i2.p1,-0.713807911114837
TRINITY_DN9871_c0_g1_i6.p1,0.133483508489608
TRINITY_DN98723_c0_g1_i1.p1,0.096322770547344
TRINITY_DN9874_c0_g1_i22.p1,-0.608013248692816
TRINITY_DN9874_c0_g1_i30.p1,-0.919912952125721
TRINITY_DN9874_c0_g1_i32.p1,-1.36914843208399
TRINITY_DN9874_c0_g1_i36.p1,0.14864134440914
TRINITY_DN98773_c0_g1_i1.p1,-0.120090639299077
TRINITY_DN987_c1_g1_i7.p1,-0.0269628234350717
TRINITY_DN987_c2_g2_i1.p1,1.6498314450692
TRINITY_DN98824_c0_g1_i1.p1,-0.120111919178822
TRINITY_DN9884_c0_g1_i1.p1,0.0984217680808074
TRINITY_DN9884_c0_g1_i2.p1,-0.126303078848691
TRINITY_DN9886_c0_g1_i16.p1,0.461280742101677
TRINITY_DN9886_c0_g1_i2.p1,1.44852238283987
TRINITY_DN9886_c0_g1_i5.p1,0.260519787673319
TRINITY_DN98953_c0_g1_i1.p1,-0.975522141680621
TRINITY_DN9898_c0_g1_i2.p1,2.00349536275752
TRINITY_DN9898_c0_g1_i6.p1,-0.202808078465137
TRINITY_DN9898_c0_g1_i9.p1,-2.2409358376227
TRINITY_DN99014_c0_g1_i1.p1,-1.20234689566444
TRINITY_DN99031_c0_g1_i1.p1,0.312977873916858
TRINITY_DN9903_c1_g1_i6.p1,-1.78841770526556
TRINITY_DN99090_c0_g1_i1.p1,-1.94558912457437
TRINITY_DN99111_c0_g1_i1.p1,0.261545080994667
TRINITY_DN9911_c1_g1_i2.p1,-0.120088226471002
TRINITY_DN9913_c0_g2_i1.p1,-0.792440391343508
TRINITY_DN9913_c0_g2_i3.p1,-1.5490187324452
TRINITY_DN99146_c0_g1_i1.p1,0.603648981345867
TRINITY_DN99172_c0_g1_i1.p1,-0.120094842491956
TRINITY_DN99203_c0_g1_i1.p1,-0.317148972233065
TRINITY_DN9934_c0_g1_i1.p1,-0.0661080866616168
TRINITY_DN9934_c0_g1_i2.p1,1.12102883293058
TRINITY_DN9934_c0_g1_i4.p1,-0.448902193642756
TRINITY_DN9935_c0_g2_i3.p1,1.73740627661483
TRINITY_DN99372_c0_g1_i2.p1,1.63508240832827
TRINITY_DN99391_c0_g1_i1.p1,0.595551341537458
TRINITY_DN99391_c0_g1_i2.p1,-1.2023529055045
TRINITY_DN99427_c0_g1_i1.p1,-0.120105441383789
TRINITY_DN9942_c0_g1_i11.p1,-0.204948481982656
TRINITY_DN9942_c0_g1_i13.p1,-0.893052905636827
TRINITY_DN9943_c2_g1_i3.p1,-0.592796162105589
TRINITY_DN9943_c2_g1_i4.p1,-1.39391960166574
TRINITY_DN9945_c3_g1_i1.p1,0.0255968795005217
TRINITY_DN99478_c0_g1_i1.p1,0.994468533362678
TRINITY_DN9947_c0_g1_i1.p1,-1.61922111207706
TRINITY_DN9947_c0_g1_i3.p1,-0.120088226471002
TRINITY_DN9947_c0_g1_i5.p1,-2.07048628954203
TRINITY_DN9947_c0_g1_i7.p2,0.657137131954861
TRINITY_DN99509_c0_g1_i1.p1,0.243754907139285
TRINITY_DN99524_c0_g1_i1.p1,-2.05791401532471
TRINITY_DN9954_c0_g1_i3.p1,0.436613120772557
TRINITY_DN99676_c0_g1_i1.p1,0.0890679470147559
TRINITY_DN996_c0_g1_i45.p1,-0.19495189024991
TRINITY_DN99717_c0_g1_i1.p1,-0.0163045107805983
TRINITY_DN99719_c0_g1_i1.p1,-1.07296232940713
TRINITY_DN9974_c0_g1_i1.p1,2.60529936813369
TRINITY_DN9976_c0_g1_i2.p1,0.426279078632201
TRINITY_DN9976_c0_g1_i4.p1,-0.96761937243373
TRINITY_DN99782_c0_g1_i1.p1,-0.854168798582966
TRINITY_DN9980_c0_g1_i1.p1,0.842754250652332
TRINITY_DN99838_c0_g1_i1.p1,-1.42105442623245
TRINITY_DN9998_c0_g1_i1.p1,1.39414687811645
TRINITY_DN9998_c0_g1_i13.p1,-0.929604039438799
TRINITY_DN9998_c0_g1_i18.p1,0.256302259237084
TRINITY_DN9998_c0_g1_i2.p1,-0.0268006950871288
TRINITY_DN9998_c0_g1_i5.p1,-0.26434338087136
TRINITY_DN999_c0_g1_i2.p1,0.92496266251538
